2026-07-18 13:51:07,590 - pod_monitor.main - INFO - Starting Pod Monitor with 3 pods
2026-07-18 13:51:07,591 - pod_monitor.main - INFO - AI Analysis: Enabled
2026-07-18 13:51:07,591 - pod_monitor.main - INFO - AI Provider: mock
2026-07-18 14:12:08,897 - pod_monitor.main - INFO - Starting Pod Monitor with 3 pods
2026-07-18 14:12:08,897 - pod_monitor.main - INFO - AI Analysis: Enabled
2026-07-18 14:12:08,897 - pod_monitor.main - INFO - AI Provider: mock
2026-07-18 14:12:08,907 - pod_monitor.ssh_client - ERROR - Failed to connect to 192.168.1.100: [Errno 2] No such file or directory: '/home/Joydeep/.ssh/id_rsa'
2026-07-18 14:12:08,907 - pod_monitor.monitor - ERROR - Failed to connect to pod 192.168.1.100
2026-07-18 14:12:08,908 - pod_monitor.ssh_client - ERROR - Failed to connect to 192.168.1.101: [Errno 2] No such file or directory: '/home/Joydeep/.ssh/id_rsa'
2026-07-18 14:12:08,908 - pod_monitor.monitor - ERROR - Failed to connect to pod 192.168.1.101
2026-07-18 14:12:08,908 - pod_monitor.ssh_client - ERROR - Failed to connect to 192.168.1.102: [Errno 2] No such file or directory: '/home/Joydeep/.ssh/id_rsa'
2026-07-18 14:12:08,908 - pod_monitor.monitor - ERROR - Failed to connect to pod 192.168.1.102
2026-07-18 14:12:08,908 - pod_monitor.monitor - INFO - Monitoring 0 pods
2026-07-18 14:12:08,908 - pod_monitor.main - ERROR - Error: asyncio.run() cannot be called from a running event loop
2026-07-18 14:12:08,908 - pod_monitor.monitor - INFO - Monitoring stopped
2026-07-18 14:15:28,168 - pod_monitor.main - INFO - Starting Pod Monitor with 3 pods
2026-07-18 14:15:28,168 - pod_monitor.main - INFO - AI Analysis: Enabled
2026-07-18 14:15:28,168 - pod_monitor.main - INFO - AI Provider: mock
2026-07-18 14:15:28,175 - pod_monitor.ssh_client - ERROR - Failed to connect to 192.168.1.100: [Errno 2] No such file or directory: '/home/Joydeep/.ssh/id_rsa'
2026-07-18 14:15:28,175 - pod_monitor.monitor - ERROR - Failed to connect to pod 192.168.1.100
2026-07-18 14:15:28,176 - pod_monitor.ssh_client - ERROR - Failed to connect to 192.168.1.101: [Errno 2] No such file or directory: '/home/Joydeep/.ssh/id_rsa'
2026-07-18 14:15:28,176 - pod_monitor.monitor - ERROR - Failed to connect to pod 192.168.1.101
2026-07-18 14:15:28,177 - pod_monitor.ssh_client - ERROR - Failed to connect to 192.168.1.102: [Errno 2] No such file or directory: '/home/Joydeep/.ssh/id_rsa'
2026-07-18 14:15:28,177 - pod_monitor.monitor - ERROR - Failed to connect to pod 192.168.1.102
2026-07-18 14:15:28,177 - pod_monitor.monitor - INFO - Monitoring 0 pods
2026-07-18 14:16:15,993 - pod_monitor.main - INFO - Starting Pod Monitor with 3 pods
2026-07-18 14:16:15,993 - pod_monitor.main - INFO - AI Analysis: Enabled
2026-07-18 14:16:15,993 - pod_monitor.main - INFO - AI Provider: mock
2026-07-18 14:16:15,999 - pod_monitor.ssh_client - ERROR - Failed to connect to 192.168.1.100: [Errno 2] No such file or directory: '/home/Joydeep/.ssh/id_rsa'
2026-07-18 14:16:15,999 - pod_monitor.monitor - ERROR - Failed to connect to pod 192.168.1.100
2026-07-18 14:16:16,000 - pod_monitor.ssh_client - ERROR - Failed to connect to 192.168.1.101: [Errno 2] No such file or directory: '/home/Joydeep/.ssh/id_rsa'
2026-07-18 14:16:16,000 - pod_monitor.monitor - ERROR - Failed to connect to pod 192.168.1.101
2026-07-18 14:16:16,001 - pod_monitor.ssh_client - ERROR - Failed to connect to 192.168.1.102: [Errno 2] No such file or directory: '/home/Joydeep/.ssh/id_rsa'
2026-07-18 14:16:16,001 - pod_monitor.monitor - ERROR - Failed to connect to pod 192.168.1.102
2026-07-18 14:16:16,001 - pod_monitor.monitor - INFO - Monitoring 0 pods
2026-07-22 22:22:29,997 - pod_monitor.main - INFO - Starting Pod Monitor with 1 pods (mode=kubectl)
2026-07-22 22:22:29,997 - pod_monitor.main - INFO - AI Analysis: Enabled
2026-07-22 22:22:29,997 - pod_monitor.main - INFO - AI Provider: mock
2026-07-22 22:22:30,005 - pod_monitor.kubectl_client - ERROR - kubectl binary not found on PATH
2026-07-22 22:22:30,005 - pod_monitor.monitor - ERROR - kubectl: pod default/log-generator not found or not ready
2026-07-22 22:22:30,005 - pod_monitor.monitor - INFO - Monitoring 0 pods (mode=kubectl)
2026-07-22 22:25:43,421 - pod_monitor.main - INFO - Starting Pod Monitor with 1 pods (mode=kubectl)
2026-07-22 22:25:43,422 - pod_monitor.main - INFO - AI Analysis: Enabled
2026-07-22 22:25:43,422 - pod_monitor.main - INFO - AI Provider: mock
2026-07-22 22:25:43,559 - pod_monitor.kubectl_client - INFO - kubectl verified pod default/log-generator
2026-07-22 22:25:43,559 - pod_monitor.monitor - INFO - kubectl: monitoring pod default/log-generator
2026-07-22 22:25:43,559 - pod_monitor.monitor - INFO - Monitoring 1 pods (mode=kubectl)
2026-07-22 22:25:43,738 - pod_monitor.ai_analyzer - ERROR - Ollama analysis failed: No module named 'aiohttp'
2026-07-22 22:25:48,851 - pod_monitor.ai_analyzer - ERROR - Ollama analysis failed: No module named 'aiohttp'
2026-07-22 22:25:53,968 - pod_monitor.ai_analyzer - ERROR - Ollama analysis failed: No module named 'aiohttp'
2026-07-22 22:25:59,083 - pod_monitor.ai_analyzer - ERROR - Ollama analysis failed: No module named 'aiohttp'
2026-07-22 22:26:04,194 - pod_monitor.ai_analyzer - ERROR - Ollama analysis failed: No module named 'aiohttp'
2026-07-22 22:26:09,307 - pod_monitor.ai_analyzer - ERROR - Ollama analysis failed: No module named 'aiohttp'
2026-07-22 22:26:14,422 - pod_monitor.ai_analyzer - ERROR - Ollama analysis failed: No module named 'aiohttp'
2026-07-22 22:26:19,544 - pod_monitor.ai_analyzer - ERROR - Ollama analysis failed: No module named 'aiohttp'
2026-07-22 22:26:24,664 - pod_monitor.ai_analyzer - ERROR - Ollama analysis failed: No module named 'aiohttp'
2026-07-22 22:28:49,327 - pod_monitor.main - INFO - Starting Pod Monitor with 1 pods (mode=kubectl)
2026-07-22 22:28:49,327 - pod_monitor.main - INFO - AI Analysis: Enabled
2026-07-22 22:28:49,327 - pod_monitor.main - INFO - AI Provider: mock
2026-07-22 22:28:49,417 - pod_monitor.kubectl_client - INFO - kubectl verified pod default/log-generator
2026-07-22 22:28:49,417 - pod_monitor.monitor - INFO - kubectl: monitoring pod default/log-generator
2026-07-22 22:28:49,417 - pod_monitor.monitor - INFO - Monitoring 1 pods (mode=kubectl)
2026-07-22 22:34:05,222 - pod_monitor.main - INFO - Starting Pod Monitor with 1 pods (mode=kubectl)
2026-07-22 22:34:05,222 - pod_monitor.main - INFO - AI Analysis: Enabled
2026-07-22 22:34:05,222 - pod_monitor.main - INFO - AI Provider: mock
2026-07-22 22:34:05,284 - pod_monitor.kubectl_client - INFO - kubectl verified pod default/log-generator
2026-07-22 22:34:05,284 - pod_monitor.monitor - INFO - kubectl: monitoring pod default/log-generator
2026-07-22 22:34:05,284 - pod_monitor.monitor - INFO - Monitoring 1 pods (mode=kubectl)
2026-07-22 22:41:10,556 - pod_monitor.main - INFO - Starting Pod Monitor with 1 pods (mode=kubectl)
2026-07-22 22:41:10,557 - pod_monitor.main - INFO - AI Analysis: Enabled
2026-07-22 22:41:10,557 - pod_monitor.main - INFO - AI Provider: mock
2026-07-22 22:41:10,699 - pod_monitor.kubectl_client - INFO - kubectl verified pod default/log-generator
2026-07-22 22:41:10,700 - pod_monitor.monitor - INFO - kubectl: monitoring pod default/log-generator
2026-07-22 22:41:10,700 - pod_monitor.monitor - INFO - Monitoring 1 pods (mode=kubectl)
2026-07-22 22:46:57,306 - pod_monitor.main - INFO - Starting Pod Monitor with 1 pods (mode=kubectl)
2026-07-22 22:46:57,307 - pod_monitor.main - INFO - AI Analysis: Enabled
2026-07-22 22:46:57,307 - pod_monitor.main - INFO - AI Provider: mock
2026-07-22 22:46:57,373 - pod_monitor.kubectl_client - INFO - kubectl verified pod default/log-generator
2026-07-22 22:46:57,374 - pod_monitor.monitor - INFO - kubectl: monitoring pod default/log-generator
2026-07-22 22:46:57,374 - pod_monitor.monitor - INFO - Monitoring 1 pods (mode=kubectl)
2026-07-22 22:55:38,629 - pod_monitor.main - INFO - Starting Pod Monitor with 1 pods (mode=kubectl)
2026-07-22 22:55:38,629 - pod_monitor.main - INFO - AI Analysis: Enabled
2026-07-22 22:55:38,629 - pod_monitor.main - INFO - AI Provider: mock
2026-07-22 22:55:38,699 - pod_monitor.kubectl_client - INFO - kubectl verified pod default/log-generator
2026-07-22 22:55:38,699 - pod_monitor.monitor - INFO - kubectl: monitoring pod default/log-generator
2026-07-22 22:55:38,699 - pod_monitor.monitor - INFO - Monitoring 1 pods (mode=kubectl)
2026-07-22 22:56:16,719 - pod_monitor.main - INFO - Starting Pod Monitor with 1 pods (mode=kubectl)
2026-07-22 22:56:16,719 - pod_monitor.main - INFO - AI Analysis: Enabled
2026-07-22 22:56:16,719 - pod_monitor.main - INFO - AI Provider: mock
2026-07-22 22:56:16,790 - pod_monitor.kubectl_client - INFO - kubectl verified pod default/log-generator
2026-07-22 22:56:16,790 - pod_monitor.monitor - INFO - kubectl: monitoring pod default/log-generator
2026-07-22 22:56:16,790 - pod_monitor.monitor - INFO - Monitoring 1 pods (mode=kubectl)
2026-07-23 13:05:49,749 - pod_monitor.main - INFO - Starting Pod Monitor with 1 pods (mode=kubectl)
2026-07-23 13:05:49,750 - pod_monitor.main - INFO - AI Analysis: Enabled
2026-07-23 13:05:49,750 - pod_monitor.main - INFO - AI Provider: mock
2026-07-23 13:05:49,822 - pod_monitor.kubectl_client - INFO - kubectl verified pod default/log-generator
2026-07-23 13:05:49,822 - pod_monitor.monitor - INFO - kubectl: monitoring pod default/log-generator
2026-07-23 13:05:49,822 - pod_monitor.monitor - INFO - Monitoring 1 pods (mode=kubectl)
2026-07-23 13:18:10,640 - pod_monitor.main - INFO - Starting Pod Monitor with 1 pods (mode=kubectl)
2026-07-23 13:18:10,640 - pod_monitor.main - INFO - AI Analysis: Enabled
2026-07-23 13:18:10,640 - pod_monitor.main - INFO - AI Provider: mock
2026-07-23 13:18:10,743 - pod_monitor.kubectl_client - INFO - kubectl verified pod default/log-generator
2026-07-23 13:18:10,744 - pod_monitor.monitor - INFO - kubectl: monitoring pod default/log-generator
2026-07-23 13:18:10,744 - pod_monitor.monitor - INFO - Monitoring 1 pods (mode=kubectl)
2026-07-23 13:24:01,922 - pod_monitor.main - INFO - Starting Pod Monitor with 1 pods (mode=kubectl)
2026-07-23 13:24:01,923 - pod_monitor.main - INFO - AI Analysis: Enabled
2026-07-23 13:24:01,923 - pod_monitor.main - INFO - AI Provider: mock
2026-07-23 13:24:01,991 - pod_monitor.kubectl_client - INFO - kubectl verified pod default/log-generator
2026-07-23 13:24:01,991 - pod_monitor.monitor - INFO - kubectl: monitoring pod default/log-generator
2026-07-23 13:24:01,991 - pod_monitor.monitor - INFO - Monitoring 1 pods (mode=kubectl)
2026-07-23 13:25:26,584 - pod_monitor.main - INFO - Starting Pod Monitor with 1 pods (mode=kubectl)
2026-07-23 13:25:26,585 - pod_monitor.main - INFO - AI Analysis: Enabled
2026-07-23 13:25:26,585 - pod_monitor.main - INFO - AI Provider: mock
2026-07-23 13:25:26,670 - pod_monitor.kubectl_client - INFO - kubectl verified pod default/log-generator
2026-07-23 13:25:26,670 - pod_monitor.monitor - INFO - kubectl: monitoring pod default/log-generator
2026-07-23 13:25:26,670 - pod_monitor.monitor - INFO - Monitoring 1 pods (mode=kubectl)
2026-07-23 13:26:52,383 - pod_monitor.main - INFO - Starting Pod Monitor with 1 pods (mode=kubectl)
2026-07-23 13:26:52,383 - pod_monitor.main - INFO - AI Analysis: Enabled
2026-07-23 13:26:52,383 - pod_monitor.main - INFO - AI Provider: mock
2026-07-23 13:26:52,444 - pod_monitor.kubectl_client - INFO - kubectl verified pod default/log-generator
2026-07-23 13:26:52,444 - pod_monitor.monitor - INFO - kubectl: monitoring pod default/log-generator
2026-07-23 13:26:52,444 - pod_monitor.monitor - INFO - Monitoring 1 pods (mode=kubectl)
2026-07-23 14:02:37,242 - pod_monitor.main - INFO - Starting Pod Monitor with 1 pods (mode=kubectl)
2026-07-23 14:02:37,243 - pod_monitor.main - INFO - AI Analysis: Enabled
2026-07-23 14:02:37,243 - pod_monitor.main - INFO - AI Provider: mock
2026-07-23 14:02:37,376 - pod_monitor.kubectl_client - INFO - kubectl verified pod default/log-generator
2026-07-23 14:02:37,377 - pod_monitor.monitor - INFO - kubectl: monitoring pod default/log-generator
2026-07-23 14:02:37,377 - pod_monitor.monitor - INFO - Monitoring 1 pods (mode=kubectl)
2026-07-23 14:05:56,651 - pod_monitor.main - INFO - Starting Pod Monitor with 1 pods (mode=kubectl)
2026-07-23 14:05:56,651 - pod_monitor.main - INFO - AI Analysis: Enabled
2026-07-23 14:05:56,651 - pod_monitor.main - INFO - AI Provider: mock
2026-07-23 14:05:56,715 - pod_monitor.kubectl_client - INFO - kubectl verified pod default/log-generator
2026-07-23 14:05:56,715 - pod_monitor.monitor - INFO - kubectl: monitoring pod default/log-generator
2026-07-23 14:05:56,715 - pod_monitor.monitor - INFO - Monitoring 1 pods (mode=kubectl)
2026-07-23 14:09:27,995 - pod_monitor.main - INFO - Starting Pod Monitor with 1 pods (mode=kubectl)
2026-07-23 14:09:27,995 - pod_monitor.main - INFO - AI Analysis: Enabled
2026-07-23 14:09:27,995 - pod_monitor.main - INFO - AI Provider: mock
2026-07-23 14:09:28,067 - pod_monitor.kubectl_client - INFO - kubectl verified pod default/log-generator
2026-07-23 14:09:28,067 - pod_monitor.monitor - INFO - kubectl: monitoring pod default/log-generator
2026-07-23 14:09:28,068 - pod_monitor.monitor - INFO - Monitoring 1 pods (mode=kubectl)
2026-07-23 14:12:01,776 - pod_monitor.main - INFO - Starting Pod Monitor with 1 pods (mode=kubectl)
2026-07-23 14:12:01,776 - pod_monitor.main - INFO - AI Analysis: Enabled
2026-07-23 14:12:01,776 - pod_monitor.main - INFO - AI Provider: mock
2026-07-23 14:12:01,836 - pod_monitor.kubectl_client - INFO - kubectl verified pod default/log-generator
2026-07-23 14:12:01,837 - pod_monitor.monitor - INFO - kubectl: monitoring pod default/log-generator
2026-07-23 14:12:01,837 - pod_monitor.monitor - INFO - Monitoring 1 pods (mode=kubectl)
2026-07-23 14:13:36,294 - pod_monitor.main - INFO - Starting Pod Monitor with 1 pods (mode=kubectl)
2026-07-23 14:13:36,294 - pod_monitor.main - INFO - AI Analysis: Enabled
2026-07-23 14:13:36,294 - pod_monitor.main - INFO - AI Provider: mock
2026-07-23 14:13:36,358 - pod_monitor.kubectl_client - INFO - kubectl verified pod default/log-generator
2026-07-23 14:13:36,358 - pod_monitor.monitor - INFO - kubectl: monitoring pod default/log-generator
2026-07-23 14:13:36,358 - pod_monitor.monitor - INFO - Monitoring 1 pods (mode=kubectl)
2026-07-23 14:15:50,951 - pod_monitor.main - INFO - Starting Pod Monitor with 1 pods (mode=kubectl)
2026-07-23 14:15:50,951 - pod_monitor.main - INFO - AI Analysis: Enabled
2026-07-23 14:15:50,951 - pod_monitor.main - INFO - AI Provider: mock
2026-07-23 14:15:51,011 - pod_monitor.kubectl_client - INFO - kubectl verified pod default/log-generator
2026-07-23 14:15:51,012 - pod_monitor.monitor - INFO - kubectl: monitoring pod default/log-generator
2026-07-23 14:15:51,012 - pod_monitor.monitor - INFO - Monitoring 1 pods (mode=kubectl)
2026-07-23 22:19:43,524 - pod_monitor.main - INFO - Starting Pod Monitor with 1 pods (mode=kubectl)
2026-07-23 22:19:43,524 - pod_monitor.main - INFO - AI Analysis: Enabled
2026-07-23 22:19:43,524 - pod_monitor.main - INFO - AI Provider: mock
2026-07-23 22:22:13,663 - pod_monitor.kubectl_client - ERROR - kubectl check failed for default/log-generator: E0723 22:20:13.654363   16469 memcache.go:265] "Unhandled Error" err="couldn't get current server API group list: Get \"https://192.168.49.2:8443/api?timeout=32s\": dial tcp 192.168.49.2:8443: i/o timeout"
E0723 22:20:43.656531   16469 memcache.go:265] "Unhandled Error" err="couldn't get current server API group list: Get \"https://192.168.49.2:8443/api?timeout=32s\": dial tcp 192.168.49.2:8443: i/o timeout"
E0723 22:21:13.658089   16469 memcache.go:265] "Unhandled Error" err="couldn't get current server API group list: Get \"https://192.168.49.2:8443/api?timeout=32s\": dial tcp 192.168.49.2:8443: i/o timeout"
E0723 22:21:43.659407   16469 memcache.go:265] "Unhandled Error" err="couldn't get current server API group list: Get \"https://192.168.49.2:8443/api?timeout=32s\": dial tcp 192.168.49.2:8443: i/o timeout"
E0723 22:22:13.660298   16469 memcache.go:265] "Unhandled Error" err="couldn't get current server API group list: Get \"https://192.168.49.2:8443/api?timeout=32s\": dial tcp 192.168.49.2:8443: i/o timeout"
Unable to connect to the server: dial tcp 192.168.49.2:8443: i/o timeout
2026-07-23 22:22:13,663 - pod_monitor.monitor - ERROR - kubectl: pod default/log-generator not found or not ready
2026-07-23 22:22:13,663 - pod_monitor.monitor - INFO - Monitoring 0 pods (mode=kubectl)
2026-07-23 22:28:52,947 - pod_monitor.main - INFO - Starting Pod Monitor with 1 pods (mode=kubectl)
2026-07-23 22:28:52,947 - pod_monitor.main - INFO - AI Analysis: Enabled
2026-07-23 22:28:52,947 - pod_monitor.main - INFO - AI Provider: mock
2026-07-23 22:28:53,028 - pod_monitor.kubectl_client - INFO - kubectl verified pod default/log-generator
2026-07-23 22:28:53,028 - pod_monitor.monitor - INFO - kubectl: monitoring pod default/log-generator
2026-07-23 22:28:53,028 - pod_monitor.monitor - INFO - Monitoring 1 pods (mode=kubectl)
2026-07-23 22:31:42,180 - pod_monitor.main - INFO - Starting Pod Monitor with 1 pods (mode=kubectl)
2026-07-23 22:31:42,180 - pod_monitor.main - INFO - AI Analysis: Enabled
2026-07-23 22:31:42,180 - pod_monitor.main - INFO - AI Provider: mock
2026-07-23 22:31:42,239 - pod_monitor.kubectl_client - INFO - kubectl verified pod default/log-generator
2026-07-23 22:31:42,239 - pod_monitor.monitor - INFO - kubectl: monitoring pod default/log-generator
2026-07-23 22:31:42,239 - pod_monitor.monitor - INFO - Monitoring 1 pods (mode=kubectl)
2026-07-23 22:41:53,714 - pod_monitor.main - INFO - Starting Pod Monitor with 1 pods (mode=kubectl)
2026-07-23 22:41:53,715 - pod_monitor.main - INFO - AI Analysis: Enabled
2026-07-23 22:41:53,715 - pod_monitor.main - INFO - AI Provider: mock
2026-07-23 22:41:53,786 - pod_monitor.kubectl_client - INFO - kubectl verified pod default/log-generator
2026-07-23 22:41:53,786 - pod_monitor.monitor - INFO - kubectl: monitoring pod default/log-generator
2026-07-23 22:41:53,786 - pod_monitor.monitor - INFO - Monitoring 1 pods (mode=kubectl)
2026-07-23 22:52:43,147 - pod_monitor.main - INFO - Starting Pod Monitor with 1 pods (mode=kubectl)
2026-07-23 22:52:43,147 - pod_monitor.main - INFO - AI Analysis: Enabled
2026-07-23 22:52:43,147 - pod_monitor.main - INFO - AI Provider: mock
2026-07-23 22:52:43,263 - pod_monitor.kubectl_client - INFO - kubectl verified pod default/log-generator
2026-07-23 22:52:43,263 - pod_monitor.monitor - INFO - kubectl: monitoring pod default/log-generator
2026-07-23 22:52:43,263 - pod_monitor.monitor - INFO - Monitoring 1 pods (mode=kubectl)
2026-07-24 13:48:44,610 - pod_monitor.main - INFO - Starting Pod Monitor with 1 pods (mode=kubectl)
2026-07-24 13:48:44,611 - pod_monitor.main - INFO - AI Analysis: Enabled
2026-07-24 13:48:44,611 - pod_monitor.main - INFO - AI Provider: mock
2026-07-24 13:48:44,713 - pod_monitor.kubectl_client - ERROR - kubectl check failed for default/log-generator: Error from server (NotFound): pods "log-generator" not found
2026-07-24 13:48:44,713 - pod_monitor.monitor - ERROR - kubectl: pod default/log-generator not found or not ready
2026-07-24 13:48:44,713 - pod_monitor.monitor - INFO - Monitoring 0 pods (mode=kubectl)
2026-07-24 13:57:48,228 - pod_monitor.main - INFO - Starting Pod Monitor with 1 pods (mode=kubectl)
2026-07-24 13:57:48,229 - pod_monitor.main - INFO - AI Analysis: Enabled
2026-07-24 13:57:48,229 - pod_monitor.main - INFO - AI Provider: mock
2026-07-24 13:57:48,323 - pod_monitor.kubectl_client - INFO - kubectl verified pod default/log-generator
2026-07-24 13:57:48,324 - pod_monitor.monitor - INFO - kubectl: monitoring pod default/log-generator
2026-07-24 13:57:48,324 - pod_monitor.monitor - INFO - Monitoring 1 pods (mode=kubectl)
2026-07-24 13:58:56,061 - pod_monitor.main - INFO - Starting Pod Monitor with 1 pods (mode=kubectl)
2026-07-24 13:58:56,062 - pod_monitor.main - INFO - AI Analysis: Enabled
2026-07-24 13:58:56,062 - pod_monitor.main - INFO - AI Provider: mock
2026-07-24 13:58:56,138 - pod_monitor.kubectl_client - INFO - kubectl verified pod default/log-generator
2026-07-24 13:58:56,138 - pod_monitor.monitor - INFO - kubectl: monitoring pod default/log-generator
2026-07-24 13:58:56,138 - pod_monitor.monitor - INFO - Monitoring 1 pods (mode=kubectl)
2026-07-24 14:00:30,264 - pod_monitor.main - INFO - Starting Pod Monitor with 1 pods (mode=kubectl)
2026-07-24 14:00:30,264 - pod_monitor.main - INFO - AI Analysis: Enabled
2026-07-24 14:00:30,264 - pod_monitor.main - INFO - AI Provider: mock
2026-07-24 14:00:30,341 - pod_monitor.kubectl_client - INFO - kubectl verified pod default/log-generator
2026-07-24 14:00:30,341 - pod_monitor.monitor - INFO - kubectl: monitoring pod default/log-generator
2026-07-24 14:00:30,341 - pod_monitor.monitor - INFO - Monitoring 1 pods (mode=kubectl)
2026-07-24 14:37:06,335 - pod_monitor.main - INFO - Starting Pod Monitor with 2 pods (mode=kubectl)
2026-07-24 14:37:06,335 - pod_monitor.main - INFO - AI Analysis: Enabled
2026-07-24 14:37:06,336 - pod_monitor.main - INFO - AI Provider: mock
2026-07-24 14:37:06,410 - pod_monitor.kubectl_client - INFO - kubectl verified pod default/log-generator
2026-07-24 14:37:06,411 - pod_monitor.monitor - INFO - kubectl: monitoring pod default/log-generator
2026-07-24 14:37:06,480 - pod_monitor.kubectl_client - INFO - kubectl verified pod default/my-pod
2026-07-24 14:37:06,480 - pod_monitor.monitor - INFO - kubectl: monitoring pod default/my-pod
2026-07-24 14:37:06,480 - pod_monitor.monitor - INFO - Monitoring 2 pods (mode=kubectl)
2026-07-24 21:34:54,475 - pod_monitor.main - INFO - Starting Pod Monitor with 2 pods (mode=kubectl)
2026-07-24 21:34:54,475 - pod_monitor.main - INFO - AI Analysis: Enabled
2026-07-24 21:34:54,475 - pod_monitor.main - INFO - AI Provider: mock
2026-07-24 21:36:51,882 - pod_monitor.main - INFO - Starting Pod Monitor with 2 pods (mode=kubectl)
2026-07-24 21:36:51,882 - pod_monitor.main - INFO - AI Analysis: Enabled
2026-07-24 21:36:51,882 - pod_monitor.main - INFO - AI Provider: mock
2026-07-24 21:36:51,947 - pod_monitor.kubectl_client - INFO - kubectl verified pod default/log-generator
2026-07-24 21:36:51,947 - pod_monitor.monitor - INFO - kubectl: monitoring pod default/log-generator
2026-07-24 21:36:52,010 - pod_monitor.kubectl_client - INFO - kubectl verified pod default/my-pod
2026-07-24 21:36:52,010 - pod_monitor.monitor - INFO - kubectl: monitoring pod default/my-pod
2026-07-24 21:36:52,010 - pod_monitor.monitor - INFO - Monitoring 2 pods (mode=kubectl)
2026-07-24 21:38:37,547 - pod_monitor.main - INFO - Starting Pod Monitor with 2 pods (mode=kubectl)
2026-07-24 21:38:37,547 - pod_monitor.main - INFO - AI Analysis: Enabled
2026-07-24 21:38:37,547 - pod_monitor.main - INFO - AI Provider: mock
2026-07-24 21:38:37,607 - pod_monitor.kubectl_client - INFO - kubectl verified pod default/log-generator
2026-07-24 21:38:37,607 - pod_monitor.monitor - INFO - kubectl: monitoring pod default/log-generator
2026-07-24 21:38:37,670 - pod_monitor.kubectl_client - INFO - kubectl verified pod default/my-pod
2026-07-24 21:38:37,670 - pod_monitor.monitor - INFO - kubectl: monitoring pod default/my-pod
2026-07-24 21:38:37,670 - pod_monitor.monitor - INFO - Monitoring 2 pods (mode=kubectl)
2026-07-24 21:53:46,069 - pod_monitor.main - INFO - Starting Pod Monitor with 2 pods (mode=kubectl)
2026-07-24 21:53:46,069 - pod_monitor.main - INFO - AI Analysis: Enabled
2026-07-24 21:53:46,069 - pod_monitor.main - INFO - AI Provider: mock
2026-07-24 21:53:46,147 - pod_monitor.kubectl_client - INFO - kubectl verified pod default/log-generator
2026-07-24 21:53:46,147 - pod_monitor.monitor - INFO - kubectl: monitoring pod default/log-generator
2026-07-24 21:53:46,203 - pod_monitor.kubectl_client - INFO - kubectl verified pod default/my-pod
2026-07-24 21:53:46,204 - pod_monitor.monitor - INFO - kubectl: monitoring pod default/my-pod
2026-07-24 21:53:46,204 - pod_monitor.monitor - INFO - Monitoring 2 pods (mode=kubectl)
2026-07-24 21:55:26,449 - pod_monitor.main - INFO - Starting Pod Monitor with 2 pods (mode=kubectl)
2026-07-24 21:55:26,449 - pod_monitor.main - INFO - AI Analysis: Enabled
2026-07-24 21:55:26,449 - pod_monitor.main - INFO - AI Provider: mock
2026-07-24 21:55:26,513 - pod_monitor.kubectl_client - INFO - kubectl verified pod default/log-generator
2026-07-24 21:55:26,514 - pod_monitor.monitor - INFO - kubectl: monitoring pod default/log-generator
2026-07-24 21:55:26,586 - pod_monitor.kubectl_client - INFO - kubectl verified pod default/my-pod
2026-07-24 21:55:26,587 - pod_monitor.monitor - INFO - kubectl: monitoring pod default/my-pod
2026-07-24 21:55:26,587 - pod_monitor.monitor - INFO - Monitoring 2 pods (mode=kubectl)
2026-07-24 21:57:02,747 - pod_monitor.main - INFO - Starting Pod Monitor with 2 pods (mode=kubectl)
2026-07-24 21:57:02,747 - pod_monitor.main - INFO - AI Analysis: Enabled
2026-07-24 21:57:02,747 - pod_monitor.main - INFO - AI Provider: mock
2026-07-24 21:57:02,806 - pod_monitor.kubectl_client - INFO - kubectl verified pod default/log-generator
2026-07-24 21:57:02,806 - pod_monitor.monitor - INFO - kubectl: monitoring pod default/log-generator
2026-07-24 21:57:02,861 - pod_monitor.kubectl_client - INFO - kubectl verified pod default/my-pod
2026-07-24 21:57:02,861 - pod_monitor.monitor - INFO - kubectl: monitoring pod default/my-pod
2026-07-24 21:57:02,861 - pod_monitor.monitor - INFO - Monitoring 2 pods (mode=kubectl)
2026-07-24 22:05:37,702 - pod_monitor.main - INFO - Starting Pod Monitor with 2 pods (mode=kubectl)
2026-07-24 22:05:37,702 - pod_monitor.main - INFO - AI Analysis: Enabled
2026-07-24 22:05:37,702 - pod_monitor.main - INFO - AI Provider: mock
2026-07-24 22:05:37,766 - pod_monitor.kubectl_client - INFO - kubectl verified pod default/log-generator
2026-07-24 22:05:37,766 - pod_monitor.monitor - INFO - kubectl: monitoring pod default/log-generator
2026-07-24 22:05:37,824 - pod_monitor.kubectl_client - INFO - kubectl verified pod default/my-pod
2026-07-24 22:05:37,824 - pod_monitor.monitor - INFO - kubectl: monitoring pod default/my-pod
2026-07-24 22:05:37,824 - pod_monitor.monitor - INFO - Monitoring 2 pods (mode=kubectl)
2026-07-24 22:06:09,118 - pod_monitor.ai_analyzer - ERROR - Ollama analysis failed: No module named 'aiohttp'
2026-07-24 22:06:09,119 - pod_monitor.ai_analyzer - ERROR - Ollama analysis failed: No module named 'aiohttp'
2026-07-24 22:06:14,298 - pod_monitor.ai_analyzer - ERROR - Ollama analysis failed: No module named 'aiohttp'
2026-07-24 22:06:14,301 - pod_monitor.ai_analyzer - ERROR - Ollama analysis failed: No module named 'aiohttp'
2026-07-24 22:06:19,470 - pod_monitor.ai_analyzer - ERROR - Ollama analysis failed: No module named 'aiohttp'
2026-07-24 22:06:19,472 - pod_monitor.ai_analyzer - ERROR - Ollama analysis failed: No module named 'aiohttp'
2026-07-24 22:06:24,646 - pod_monitor.ai_analyzer - ERROR - Ollama analysis failed: No module named 'aiohttp'
2026-07-24 22:06:24,648 - pod_monitor.ai_analyzer - ERROR - Ollama analysis failed: No module named 'aiohttp'
2026-07-24 22:06:29,823 - pod_monitor.ai_analyzer - ERROR - Ollama analysis failed: No module named 'aiohttp'
2026-07-24 22:06:29,826 - pod_monitor.ai_analyzer - ERROR - Ollama analysis failed: No module named 'aiohttp'
2026-07-24 22:06:35,002 - pod_monitor.ai_analyzer - ERROR - Ollama analysis failed: No module named 'aiohttp'
2026-07-24 22:06:35,003 - pod_monitor.ai_analyzer - ERROR - Ollama analysis failed: No module named 'aiohttp'
2026-07-24 22:06:40,175 - pod_monitor.ai_analyzer - ERROR - Ollama analysis failed: No module named 'aiohttp'
2026-07-24 22:06:40,175 - pod_monitor.ai_analyzer - ERROR - Ollama analysis failed: No module named 'aiohttp'
2026-07-24 22:06:45,364 - pod_monitor.ai_analyzer - ERROR - Ollama analysis failed: No module named 'aiohttp'
2026-07-24 22:06:45,364 - pod_monitor.ai_analyzer - ERROR - Ollama analysis failed: No module named 'aiohttp'
2026-07-24 22:06:50,539 - pod_monitor.ai_analyzer - ERROR - Ollama analysis failed: No module named 'aiohttp'
2026-07-24 22:06:50,540 - pod_monitor.ai_analyzer - ERROR - Ollama analysis failed: No module named 'aiohttp'
2026-07-24 22:06:55,755 - pod_monitor.ai_analyzer - ERROR - Ollama analysis failed: No module named 'aiohttp'
2026-07-24 22:06:55,755 - pod_monitor.ai_analyzer - ERROR - Ollama analysis failed: No module named 'aiohttp'
2026-07-24 22:07:00,951 - pod_monitor.ai_analyzer - ERROR - Ollama analysis failed: No module named 'aiohttp'
2026-07-24 22:07:00,953 - pod_monitor.ai_analyzer - ERROR - Ollama analysis failed: No module named 'aiohttp'
2026-07-24 22:07:06,158 - pod_monitor.ai_analyzer - ERROR - Ollama analysis failed: No module named 'aiohttp'
2026-07-24 22:07:06,159 - pod_monitor.ai_analyzer - ERROR - Ollama analysis failed: No module named 'aiohttp'
2026-07-24 22:07:55,423 - pod_monitor.main - INFO - Starting Pod Monitor with 2 pods (mode=kubectl)
2026-07-24 22:07:55,423 - pod_monitor.main - INFO - AI Analysis: Enabled
2026-07-24 22:07:55,423 - pod_monitor.main - INFO - AI Provider: mock
2026-07-24 22:07:55,493 - pod_monitor.kubectl_client - INFO - kubectl verified pod default/log-generator
2026-07-24 22:07:55,493 - pod_monitor.monitor - INFO - kubectl: monitoring pod default/log-generator
2026-07-24 22:07:55,550 - pod_monitor.kubectl_client - INFO - kubectl verified pod default/my-pod
2026-07-24 22:07:55,550 - pod_monitor.monitor - INFO - kubectl: monitoring pod default/my-pod
2026-07-24 22:07:55,550 - pod_monitor.monitor - INFO - Monitoring 2 pods (mode=kubectl)
2026-07-24 22:12:07,656 - pod_monitor.main - INFO - Starting Pod Monitor with 2 pods (mode=kubectl)
2026-07-24 22:12:07,656 - pod_monitor.main - INFO - AI Analysis: Enabled
2026-07-24 22:12:07,656 - pod_monitor.main - INFO - AI Provider: mock
2026-07-24 22:12:07,724 - pod_monitor.kubectl_client - INFO - kubectl verified pod default/log-generator
2026-07-24 22:12:07,724 - pod_monitor.monitor - INFO - kubectl: monitoring pod default/log-generator
2026-07-24 22:12:07,805 - pod_monitor.kubectl_client - INFO - kubectl verified pod default/my-pod
2026-07-24 22:12:07,806 - pod_monitor.monitor - INFO - kubectl: monitoring pod default/my-pod
2026-07-24 22:12:07,806 - pod_monitor.monitor - INFO - Monitoring 2 pods (mode=kubectl)
2026-07-25 15:07:49,639 - pod_monitor.main - INFO - Starting Pod Monitor with 2 pods (mode=kubectl)
2026-07-25 15:07:49,639 - pod_monitor.main - INFO - AI Analysis: Enabled
2026-07-25 15:07:49,640 - pod_monitor.main - INFO - AI Provider: mock
2026-07-25 15:07:49,731 - pod_monitor.kubectl_client - INFO - kubectl verified pod default/log-generator
2026-07-25 15:07:49,731 - pod_monitor.monitor - INFO - kubectl: monitoring pod default/log-generator
2026-07-25 15:07:49,788 - pod_monitor.kubectl_client - INFO - kubectl verified pod default/my-pod
2026-07-25 15:07:49,788 - pod_monitor.monitor - INFO - kubectl: monitoring pod default/my-pod
2026-07-25 15:07:49,788 - pod_monitor.monitor - INFO - Monitoring 2 pods (mode=kubectl)
2026-07-25 20:39:28,035 - pod_monitor.main - INFO - Starting Pod Monitor with 2 pods (mode=kubectl)
2026-07-25 20:39:28,036 - pod_monitor.main - INFO - AI Analysis: Enabled
2026-07-25 20:39:28,036 - pod_monitor.main - INFO - AI Provider: mock
2026-07-25 20:39:28,151 - pod_monitor.kubectl_client - INFO - kubectl verified pod default/log-generator
2026-07-25 20:39:28,151 - pod_monitor.monitor - INFO - kubectl: monitoring pod default/log-generator
2026-07-25 20:39:28,204 - pod_monitor.kubectl_client - INFO - kubectl verified pod default/my-pod
2026-07-25 20:39:28,204 - pod_monitor.monitor - INFO - kubectl: monitoring pod default/my-pod
2026-07-25 20:39:28,204 - pod_monitor.monitor - INFO - Monitoring 2 pods (mode=kubectl)
2026-07-25 21:42:02,901 - pod_monitor.main - INFO - Starting Pod Monitor with 2 pods (mode=ssh)
2026-07-25 21:42:02,902 - pod_monitor.main - INFO - AI Analysis: Enabled
2026-07-25 21:42:02,902 - pod_monitor.main - INFO - AI Provider: mock
2026-07-25 21:42:02,949 - asyncssh - INFO - Host canonicalization disabled
2026-07-25 21:42:02,950 - asyncssh - INFO - Opening SSH connection to 192.168.49.2, port 22
2026-07-25 21:42:02,951 - asyncssh - INFO - [conn=0] Connected to SSH server at 192.168.49.2, port 22
2026-07-25 21:42:02,951 - asyncssh - INFO - [conn=0]   Local address: 192.168.49.1, port 36934
2026-07-25 21:42:02,951 - asyncssh - INFO - [conn=0]   Peer address: 192.168.49.2, port 22
2026-07-25 21:42:02,997 - asyncssh - INFO - [conn=0] Beginning auth for user docker
2026-07-25 21:42:03,025 - asyncssh - INFO - [conn=0] Auth for user docker succeeded
2026-07-25 21:42:03,026 - pod_monitor.ssh_client - INFO - Connected to 192.168.49.2
2026-07-25 21:42:03,026 - pod_monitor.monitor - INFO - SSH: monitoring pod default/log-generator via 192.168.49.2
2026-07-25 21:42:03,026 - pod_monitor.monitor - INFO - SSH: monitoring pod default/my-pod via 192.168.49.2
2026-07-25 21:42:03,026 - pod_monitor.monitor - INFO - Monitoring 2 pods (mode=ssh)
2026-07-25 21:42:03,051 - asyncssh - INFO - [conn=0, chan=0] Requesting new SSH session
2026-07-25 21:42:03,051 - asyncssh - INFO - [conn=0, chan=1] Requesting new SSH session
2026-07-25 21:42:03,056 - asyncssh - INFO - [conn=0, chan=0]   Command: kubectl logs log-generator -n default --tail=50
2026-07-25 21:42:03,058 - asyncssh - INFO - [conn=0, chan=1]   Command: kubectl logs my-pod -n default --tail=50
2026-07-25 21:42:03,106 - asyncssh - INFO - [conn=0, chan=0] Received exit status 127
2026-07-25 21:42:03,106 - asyncssh - INFO - [conn=0, chan=1] Received exit status 127
2026-07-25 21:42:03,107 - asyncssh - INFO - [conn=0, chan=1] Received channel close
2026-07-25 21:42:03,107 - asyncssh - INFO - [conn=0, chan=0] Received channel close
2026-07-25 21:42:03,109 - asyncssh - INFO - [conn=0, chan=1] Channel closed
2026-07-25 21:42:03,109 - asyncssh - INFO - [conn=0, chan=0] Channel closed
2026-07-25 21:42:03,110 - pod_monitor.ssh_client - ERROR - Error fetching logs from 192.168.49.2: Process exited with non-zero exit status 127
2026-07-25 21:42:03,110 - pod_monitor.ssh_client - ERROR - Error fetching logs from 192.168.49.2: Process exited with non-zero exit status 127
2026-07-25 21:42:08,110 - asyncssh - INFO - [conn=0, chan=2] Requesting new SSH session
2026-07-25 21:42:08,111 - asyncssh - INFO - [conn=0, chan=3] Requesting new SSH session
2026-07-25 21:42:08,111 - asyncssh - INFO - [conn=0, chan=2]   Command: kubectl logs my-pod -n default --tail=50
2026-07-25 21:42:08,112 - asyncssh - INFO - [conn=0, chan=3]   Command: kubectl logs log-generator -n default --tail=50
2026-07-25 21:42:08,115 - asyncssh - INFO - [conn=0, chan=2] Received exit status 127
2026-07-25 21:42:08,115 - asyncssh - INFO - [conn=0, chan=2] Received channel close
2026-07-25 21:42:08,115 - asyncssh - INFO - [conn=0, chan=2] Channel closed
2026-07-25 21:42:08,116 - asyncssh - INFO - [conn=0, chan=3] Received exit status 127
2026-07-25 21:42:08,116 - asyncssh - INFO - [conn=0, chan=3] Received channel close
2026-07-25 21:42:08,116 - pod_monitor.ssh_client - ERROR - Error fetching logs from 192.168.49.2: Process exited with non-zero exit status 127
2026-07-25 21:42:08,116 - asyncssh - INFO - [conn=0, chan=3] Channel closed
2026-07-25 21:42:08,116 - pod_monitor.ssh_client - ERROR - Error fetching logs from 192.168.49.2: Process exited with non-zero exit status 127
2026-07-25 21:42:13,117 - asyncssh - INFO - [conn=0, chan=4] Requesting new SSH session
2026-07-25 21:42:13,118 - asyncssh - INFO - [conn=0, chan=5] Requesting new SSH session
2026-07-25 21:42:13,129 - asyncssh - INFO - [conn=0, chan=4]   Command: kubectl logs my-pod -n default --tail=50
2026-07-25 21:42:13,130 - asyncssh - INFO - [conn=0, chan=5]   Command: kubectl logs log-generator -n default --tail=50
2026-07-25 21:42:13,133 - asyncssh - INFO - [conn=0, chan=4] Received exit status 127
2026-07-25 21:42:13,134 - asyncssh - INFO - [conn=0, chan=4] Received channel close
2026-07-25 21:42:13,134 - asyncssh - INFO - [conn=0, chan=4] Channel closed
2026-07-25 21:42:13,135 - asyncssh - INFO - [conn=0, chan=5] Received exit status 127
2026-07-25 21:42:13,135 - asyncssh - INFO - [conn=0, chan=5] Received channel close
2026-07-25 21:42:13,135 - pod_monitor.ssh_client - ERROR - Error fetching logs from 192.168.49.2: Process exited with non-zero exit status 127
2026-07-25 21:42:13,135 - asyncssh - INFO - [conn=0, chan=5] Channel closed
2026-07-25 21:42:13,135 - pod_monitor.ssh_client - ERROR - Error fetching logs from 192.168.49.2: Process exited with non-zero exit status 127
2026-07-25 21:42:18,136 - asyncssh - INFO - [conn=0, chan=6] Requesting new SSH session
2026-07-25 21:42:18,136 - asyncssh - INFO - [conn=0, chan=7] Requesting new SSH session
2026-07-25 21:42:18,137 - asyncssh - INFO - [conn=0, chan=6]   Command: kubectl logs my-pod -n default --tail=50
2026-07-25 21:42:18,137 - asyncssh - INFO - [conn=0, chan=7]   Command: kubectl logs log-generator -n default --tail=50
2026-07-25 21:42:18,140 - asyncssh - INFO - [conn=0, chan=6] Received exit status 127
2026-07-25 21:42:18,140 - asyncssh - INFO - [conn=0, chan=6] Received channel close
2026-07-25 21:42:18,141 - asyncssh - INFO - [conn=0, chan=6] Channel closed
2026-07-25 21:42:18,141 - asyncssh - INFO - [conn=0, chan=7] Received exit status 127
2026-07-25 21:42:18,141 - asyncssh - INFO - [conn=0, chan=7] Received channel close
2026-07-25 21:42:18,142 - pod_monitor.ssh_client - ERROR - Error fetching logs from 192.168.49.2: Process exited with non-zero exit status 127
2026-07-25 21:42:18,142 - asyncssh - INFO - [conn=0, chan=7] Channel closed
2026-07-25 21:42:18,142 - pod_monitor.ssh_client - ERROR - Error fetching logs from 192.168.49.2: Process exited with non-zero exit status 127
2026-07-25 21:42:22,478 - pod_monitor.main - INFO - Starting Pod Monitor with 2 pods (mode=ssh)
2026-07-25 21:42:22,478 - pod_monitor.main - INFO - AI Analysis: Enabled
2026-07-25 21:42:22,478 - pod_monitor.main - INFO - AI Provider: mock
2026-07-25 21:42:22,517 - asyncssh - INFO - Host canonicalization disabled
2026-07-25 21:42:22,517 - asyncssh - INFO - Opening SSH connection to 192.168.49.2, port 22
2026-07-25 21:42:22,518 - asyncssh - INFO - [conn=0] Connected to SSH server at 192.168.49.2, port 22
2026-07-25 21:42:22,518 - asyncssh - INFO - [conn=0]   Local address: 192.168.49.1, port 36936
2026-07-25 21:42:22,518 - asyncssh - INFO - [conn=0]   Peer address: 192.168.49.2, port 22
2026-07-25 21:42:22,537 - asyncssh - INFO - [conn=0] Beginning auth for user docker
2026-07-25 21:42:22,562 - asyncssh - INFO - [conn=0] Auth for user docker succeeded
2026-07-25 21:42:22,562 - pod_monitor.ssh_client - INFO - Connected to 192.168.49.2
2026-07-25 21:42:22,562 - pod_monitor.monitor - INFO - SSH: monitoring pod default/log-generator via 192.168.49.2
2026-07-25 21:42:22,562 - pod_monitor.monitor - INFO - SSH: monitoring pod default/my-pod via 192.168.49.2
2026-07-25 21:42:22,562 - pod_monitor.monitor - INFO - Monitoring 2 pods (mode=ssh)
2026-07-25 21:42:22,583 - asyncssh - INFO - [conn=0, chan=0] Requesting new SSH session
2026-07-25 21:42:22,584 - asyncssh - INFO - [conn=0, chan=1] Requesting new SSH session
2026-07-25 21:42:22,587 - asyncssh - INFO - [conn=0, chan=0]   Command: kubectl logs log-generator -n default --tail=50
2026-07-25 21:42:22,589 - asyncssh - INFO - [conn=0, chan=1]   Command: kubectl logs my-pod -n default --tail=50
2026-07-25 21:42:22,595 - asyncssh - INFO - [conn=0, chan=0] Received exit status 127
2026-07-25 21:42:22,595 - asyncssh - INFO - [conn=0, chan=0] Received channel close
2026-07-25 21:42:22,596 - asyncssh - INFO - [conn=0, chan=1] Received exit status 127
2026-07-25 21:42:22,596 - asyncssh - INFO - [conn=0, chan=1] Received channel close
2026-07-25 21:42:22,637 - asyncssh - INFO - [conn=0, chan=0] Channel closed
2026-07-25 21:42:22,637 - asyncssh - INFO - [conn=0, chan=1] Channel closed
2026-07-25 21:42:22,639 - pod_monitor.ssh_client - ERROR - Error fetching logs from 192.168.49.2: Process exited with non-zero exit status 127
2026-07-25 21:42:22,639 - pod_monitor.ssh_client - ERROR - Error fetching logs from 192.168.49.2: Process exited with non-zero exit status 127
2026-07-25 21:42:27,640 - asyncssh - INFO - [conn=0, chan=2] Requesting new SSH session
2026-07-25 21:42:27,641 - asyncssh - INFO - [conn=0, chan=3] Requesting new SSH session
2026-07-25 21:42:27,641 - asyncssh - INFO - [conn=0, chan=2]   Command: kubectl logs log-generator -n default --tail=50
2026-07-25 21:42:27,642 - asyncssh - INFO - [conn=0, chan=3]   Command: kubectl logs my-pod -n default --tail=50
2026-07-25 21:42:27,645 - asyncssh - INFO - [conn=0, chan=2] Received exit status 127
2026-07-25 21:42:27,645 - asyncssh - INFO - [conn=0, chan=2] Received channel close
2026-07-25 21:42:27,645 - asyncssh - INFO - [conn=0, chan=2] Channel closed
2026-07-25 21:42:27,646 - asyncssh - INFO - [conn=0, chan=3] Received exit status 127
2026-07-25 21:42:27,646 - asyncssh - INFO - [conn=0, chan=3] Received channel close
2026-07-25 21:42:27,646 - pod_monitor.ssh_client - ERROR - Error fetching logs from 192.168.49.2: Process exited with non-zero exit status 127
2026-07-25 21:42:27,646 - asyncssh - INFO - [conn=0, chan=3] Channel closed
2026-07-25 21:42:27,646 - pod_monitor.ssh_client - ERROR - Error fetching logs from 192.168.49.2: Process exited with non-zero exit status 127
2026-07-25 21:43:13,085 - pod_monitor.main - INFO - Starting Pod Monitor with 2 pods (mode=ssh)
2026-07-25 21:43:13,085 - pod_monitor.main - INFO - AI Analysis: Enabled
2026-07-25 21:43:13,085 - pod_monitor.main - INFO - AI Provider: mock
2026-07-25 21:43:13,125 - asyncssh - INFO - Host canonicalization disabled
2026-07-25 21:43:13,125 - asyncssh - INFO - Opening SSH connection to 192.168.49.2, port 22
2026-07-25 21:43:13,126 - asyncssh - INFO - [conn=0] Connected to SSH server at 192.168.49.2, port 22
2026-07-25 21:43:13,126 - asyncssh - INFO - [conn=0]   Local address: 192.168.49.1, port 52170
2026-07-25 21:43:13,126 - asyncssh - INFO - [conn=0]   Peer address: 192.168.49.2, port 22
2026-07-25 21:43:13,146 - asyncssh - INFO - [conn=0] Beginning auth for user docker
2026-07-25 21:43:13,170 - asyncssh - INFO - [conn=0] Auth for user docker succeeded
2026-07-25 21:43:13,171 - pod_monitor.ssh_client - INFO - Connected to 192.168.49.2
2026-07-25 21:43:13,171 - pod_monitor.monitor - INFO - SSH: monitoring pod default/log-generator via 192.168.49.2
2026-07-25 21:43:13,171 - pod_monitor.monitor - INFO - SSH: monitoring pod default/my-pod via 192.168.49.2
2026-07-25 21:43:13,171 - pod_monitor.monitor - INFO - Monitoring 2 pods (mode=ssh)
2026-07-25 21:43:13,192 - asyncssh - INFO - [conn=0, chan=0] Requesting new SSH session
2026-07-25 21:43:13,192 - asyncssh - INFO - [conn=0, chan=1] Requesting new SSH session
2026-07-25 21:43:13,195 - asyncssh - INFO - [conn=0, chan=0]   Command: kubectl logs log-generator -n default --tail=50
2026-07-25 21:43:13,197 - asyncssh - INFO - [conn=0, chan=1]   Command: kubectl logs my-pod -n default --tail=50
2026-07-25 21:43:13,241 - asyncssh - INFO - [conn=0, chan=0] Received exit status 127
2026-07-25 21:43:13,242 - asyncssh - INFO - [conn=0, chan=0] Received channel close
2026-07-25 21:43:13,242 - asyncssh - INFO - [conn=0, chan=1] Received exit status 127
2026-07-25 21:43:13,242 - asyncssh - INFO - [conn=0, chan=1] Received channel close
2026-07-25 21:43:13,244 - asyncssh - INFO - [conn=0, chan=0] Channel closed
2026-07-25 21:43:13,244 - asyncssh - INFO - [conn=0, chan=1] Channel closed
2026-07-25 21:43:13,245 - pod_monitor.ssh_client - ERROR - Error fetching logs from 192.168.49.2: Process exited with non-zero exit status 127
2026-07-25 21:43:13,245 - pod_monitor.ssh_client - ERROR - Error fetching logs from 192.168.49.2: Process exited with non-zero exit status 127
2026-07-25 21:43:18,247 - asyncssh - INFO - [conn=0, chan=2] Requesting new SSH session
2026-07-25 21:43:18,247 - asyncssh - INFO - [conn=0, chan=3] Requesting new SSH session
2026-07-25 21:43:18,248 - asyncssh - INFO - [conn=0, chan=2]   Command: kubectl logs log-generator -n default --tail=50
2026-07-25 21:43:18,249 - asyncssh - INFO - [conn=0, chan=3]   Command: kubectl logs my-pod -n default --tail=50
2026-07-25 21:43:18,253 - asyncssh - INFO - [conn=0, chan=2] Received exit status 127
2026-07-25 21:43:18,254 - asyncssh - INFO - [conn=0, chan=2] Received channel close
2026-07-25 21:43:18,254 - asyncssh - INFO - [conn=0, chan=2] Channel closed
2026-07-25 21:43:18,254 - asyncssh - INFO - [conn=0, chan=3] Received exit status 127
2026-07-25 21:43:18,254 - asyncssh - INFO - [conn=0, chan=3] Received channel close
2026-07-25 21:43:18,255 - pod_monitor.ssh_client - ERROR - Error fetching logs from 192.168.49.2: Process exited with non-zero exit status 127
2026-07-25 21:43:18,255 - asyncssh - INFO - [conn=0, chan=3] Channel closed
2026-07-25 21:43:18,256 - pod_monitor.ssh_client - ERROR - Error fetching logs from 192.168.49.2: Process exited with non-zero exit status 127
2026-07-25 21:43:23,265 - asyncssh - INFO - [conn=0, chan=4] Requesting new SSH session
2026-07-25 21:43:23,265 - asyncssh - INFO - [conn=0, chan=5] Requesting new SSH session
2026-07-25 21:43:23,267 - asyncssh - INFO - [conn=0, chan=4]   Command: kubectl logs log-generator -n default --tail=50
2026-07-25 21:43:23,267 - asyncssh - INFO - [conn=0, chan=5]   Command: kubectl logs my-pod -n default --tail=50
2026-07-25 21:43:23,271 - asyncssh - INFO - [conn=0, chan=4] Received exit status 127
2026-07-25 21:43:23,271 - asyncssh - INFO - [conn=0, chan=4] Received channel close
2026-07-25 21:43:23,272 - asyncssh - INFO - [conn=0, chan=4] Channel closed
2026-07-25 21:43:23,272 - asyncssh - INFO - [conn=0, chan=5] Received exit status 127
2026-07-25 21:43:23,273 - asyncssh - INFO - [conn=0, chan=5] Received channel close
2026-07-25 21:43:23,273 - pod_monitor.ssh_client - ERROR - Error fetching logs from 192.168.49.2: Process exited with non-zero exit status 127
2026-07-25 21:43:23,274 - asyncssh - INFO - [conn=0, chan=5] Channel closed
2026-07-25 21:43:23,274 - pod_monitor.ssh_client - ERROR - Error fetching logs from 192.168.49.2: Process exited with non-zero exit status 127
2026-07-25 21:43:28,274 - asyncssh - INFO - [conn=0, chan=6] Requesting new SSH session
2026-07-25 21:43:28,275 - asyncssh - INFO - [conn=0, chan=7] Requesting new SSH session
2026-07-25 21:43:28,275 - asyncssh - INFO - [conn=0, chan=6]   Command: kubectl logs log-generator -n default --tail=50
2026-07-25 21:43:28,275 - asyncssh - INFO - [conn=0, chan=7]   Command: kubectl logs my-pod -n default --tail=50
2026-07-25 21:43:28,279 - asyncssh - INFO - [conn=0, chan=6] Received exit status 127
2026-07-25 21:43:28,280 - asyncssh - INFO - [conn=0, chan=7] Received exit status 127
2026-07-25 21:43:28,280 - asyncssh - INFO - [conn=0, chan=6] Received channel close
2026-07-25 21:43:28,280 - asyncssh - INFO - [conn=0, chan=7] Received channel close
2026-07-25 21:43:28,280 - asyncssh - INFO - [conn=0, chan=6] Channel closed
2026-07-25 21:43:28,280 - asyncssh - INFO - [conn=0, chan=7] Channel closed
2026-07-25 21:43:28,280 - pod_monitor.ssh_client - ERROR - Error fetching logs from 192.168.49.2: Process exited with non-zero exit status 127
2026-07-25 21:43:28,281 - pod_monitor.ssh_client - ERROR - Error fetching logs from 192.168.49.2: Process exited with non-zero exit status 127
2026-07-25 21:47:47,647 - pod_monitor.main - INFO - Starting Pod Monitor with 2 pods (mode=ssh)
2026-07-25 21:47:47,648 - pod_monitor.main - INFO - AI Analysis: Enabled
2026-07-25 21:47:47,648 - pod_monitor.main - INFO - AI Provider: mock
2026-07-25 21:47:47,690 - asyncssh - INFO - Host canonicalization disabled
2026-07-25 21:47:47,690 - asyncssh - INFO - Opening SSH connection to 192.168.49.2, port 22
2026-07-25 21:47:47,692 - asyncssh - INFO - [conn=0] Connected to SSH server at 192.168.49.2, port 22
2026-07-25 21:47:47,692 - asyncssh - INFO - [conn=0]   Local address: 192.168.49.1, port 37076
2026-07-25 21:47:47,692 - asyncssh - INFO - [conn=0]   Peer address: 192.168.49.2, port 22
2026-07-25 21:47:47,713 - asyncssh - INFO - [conn=0] Beginning auth for user docker
2026-07-25 21:47:47,738 - asyncssh - INFO - [conn=0] Auth for user docker succeeded
2026-07-25 21:47:47,739 - pod_monitor.ssh_client - INFO - Connected to 192.168.49.2
2026-07-25 21:47:47,740 - pod_monitor.monitor - INFO - SSH: monitoring pod default/log-generator via 192.168.49.2
2026-07-25 21:47:47,740 - pod_monitor.monitor - INFO - SSH: monitoring pod default/my-pod via 192.168.49.2
2026-07-25 21:47:47,740 - pod_monitor.monitor - INFO - Monitoring 2 pods (mode=ssh)
2026-07-25 21:47:47,763 - asyncssh - INFO - [conn=0, chan=0] Requesting new SSH session
2026-07-25 21:47:47,764 - asyncssh - INFO - [conn=0, chan=1] Requesting new SSH session
2026-07-25 21:47:47,766 - asyncssh - INFO - [conn=0, chan=0]   Command: kubectl logs log-generator -n default --tail=50
2026-07-25 21:47:47,767 - asyncssh - INFO - [conn=0, chan=1]   Command: kubectl logs my-pod -n default --tail=50
2026-07-25 21:47:47,940 - asyncssh - INFO - [conn=0, chan=1] Received exit status 0
2026-07-25 21:47:50,120 - asyncssh - INFO - [conn=0, chan=1] Received channel close
2026-07-25 21:47:50,121 - asyncssh - INFO - [conn=0, chan=1] Channel closed
2026-07-25 21:47:50,121 - asyncssh - INFO - [conn=0, chan=0] Received exit status 0
2026-07-25 21:47:50,122 - asyncssh - INFO - [conn=0, chan=0] Received channel close
2026-07-25 21:47:50,125 - asyncssh - INFO - [conn=0, chan=2] Requesting new SSH session
2026-07-25 21:47:50,126 - asyncssh - INFO - [conn=0, chan=0] Channel closed
2026-07-25 21:47:50,132 - asyncssh - INFO - [conn=0, chan=3] Requesting new SSH session
2026-07-25 21:47:50,135 - asyncssh - INFO - [conn=0, chan=2]   Command: kubectl top pod my-pod -n default --no-headers
2026-07-25 21:47:50,136 - asyncssh - INFO - [conn=0, chan=3]   Command: kubectl top pod log-generator -n default --no-headers
2026-07-25 21:47:50,248 - asyncssh - INFO - [conn=0, chan=3] Received exit status 0
2026-07-25 21:47:50,248 - asyncssh - INFO - [conn=0, chan=3] Received channel close
2026-07-25 21:47:50,249 - asyncssh - INFO - [conn=0, chan=3] Channel closed
2026-07-25 21:47:50,249 - asyncssh - INFO - [conn=0, chan=4] Requesting new SSH session
2026-07-25 21:47:50,249 - asyncssh - INFO - [conn=0, chan=2] Received exit status 0
2026-07-25 21:47:50,249 - asyncssh - INFO - [conn=0, chan=2] Received channel close
2026-07-25 21:47:50,250 - asyncssh - INFO - [conn=0, chan=2] Channel closed
2026-07-25 21:47:50,250 - asyncssh - INFO - [conn=0, chan=5] Requesting new SSH session
2026-07-25 21:47:50,250 - asyncssh - INFO - [conn=0, chan=4]   Command: kubectl describe pod log-generator -n default | grep -A 5 'Limits:'
2026-07-25 21:47:50,251 - asyncssh - INFO - [conn=0, chan=5]   Command: kubectl describe pod my-pod -n default | grep -A 5 'Limits:'
2026-07-25 21:47:50,322 - asyncssh - INFO - [conn=0, chan=5] Received exit status 1
2026-07-25 21:47:50,322 - asyncssh - INFO - [conn=0, chan=5] Received channel close
2026-07-25 21:47:50,322 - asyncssh - INFO - [conn=0, chan=5] Channel closed
2026-07-25 21:47:50,325 - asyncssh - INFO - [conn=0, chan=4] Received exit status 0
2026-07-25 21:47:50,326 - asyncssh - INFO - [conn=0, chan=4] Received channel close
2026-07-25 21:47:50,326 - asyncssh - INFO - [conn=0, chan=4] Channel closed
2026-07-25 21:47:55,324 - asyncssh - INFO - [conn=0, chan=6] Requesting new SSH session
2026-07-25 21:47:55,324 - asyncssh - INFO - [conn=0, chan=6]   Command: kubectl logs my-pod -n default --tail=50
2026-07-25 21:47:55,327 - asyncssh - INFO - [conn=0, chan=7] Requesting new SSH session
2026-07-25 21:47:55,328 - asyncssh - INFO - [conn=0, chan=7]   Command: kubectl logs log-generator -n default --tail=50
2026-07-25 21:47:55,387 - asyncssh - INFO - [conn=0, chan=6] Received exit status 0
2026-07-25 21:47:55,387 - asyncssh - INFO - [conn=0, chan=6] Received channel close
2026-07-25 21:47:55,388 - asyncssh - INFO - [conn=0, chan=6] Channel closed
2026-07-25 21:47:55,388 - asyncssh - INFO - [conn=0, chan=8] Requesting new SSH session
2026-07-25 21:47:55,389 - asyncssh - INFO - [conn=0, chan=8]   Command: kubectl top pod my-pod -n default --no-headers
2026-07-25 21:47:55,391 - asyncssh - INFO - [conn=0, chan=7] Received exit status 0
2026-07-25 21:47:55,391 - asyncssh - INFO - [conn=0, chan=7] Received channel close
2026-07-25 21:47:55,391 - asyncssh - INFO - [conn=0, chan=7] Channel closed
2026-07-25 21:47:55,392 - asyncssh - INFO - [conn=0, chan=9] Requesting new SSH session
2026-07-25 21:47:55,392 - asyncssh - INFO - [conn=0, chan=9]   Command: kubectl top pod log-generator -n default --no-headers
2026-07-25 21:47:55,446 - asyncssh - INFO - [conn=0, chan=8] Received exit status 0
2026-07-25 21:47:55,446 - asyncssh - INFO - [conn=0, chan=8] Received channel close
2026-07-25 21:47:55,447 - asyncssh - INFO - [conn=0, chan=8] Channel closed
2026-07-25 21:47:55,447 - asyncssh - INFO - [conn=0, chan=10] Requesting new SSH session
2026-07-25 21:47:55,447 - asyncssh - INFO - [conn=0, chan=10]   Command: kubectl describe pod my-pod -n default | grep -A 5 'Limits:'
2026-07-25 21:47:55,448 - asyncssh - INFO - [conn=0, chan=9] Received exit status 0
2026-07-25 21:47:55,448 - asyncssh - INFO - [conn=0, chan=9] Received channel close
2026-07-25 21:47:55,448 - asyncssh - INFO - [conn=0, chan=9] Channel closed
2026-07-25 21:47:55,449 - asyncssh - INFO - [conn=0, chan=11] Requesting new SSH session
2026-07-25 21:47:55,449 - asyncssh - INFO - [conn=0, chan=11]   Command: kubectl describe pod log-generator -n default | grep -A 5 'Limits:'
2026-07-25 21:47:55,510 - asyncssh - INFO - [conn=0, chan=11] Received exit status 0
2026-07-25 21:47:55,510 - asyncssh - INFO - [conn=0, chan=11] Received channel close
2026-07-25 21:47:55,510 - asyncssh - INFO - [conn=0, chan=11] Channel closed
2026-07-25 21:47:55,512 - asyncssh - INFO - [conn=0, chan=10] Received exit status 1
2026-07-25 21:47:55,512 - asyncssh - INFO - [conn=0, chan=10] Received channel close
2026-07-25 21:47:55,513 - asyncssh - INFO - [conn=0, chan=10] Channel closed
2026-07-25 21:48:00,513 - asyncssh - INFO - [conn=0, chan=12] Requesting new SSH session
2026-07-25 21:48:00,514 - asyncssh - INFO - [conn=0, chan=13] Requesting new SSH session
2026-07-25 21:48:00,514 - asyncssh - INFO - [conn=0, chan=12]   Command: kubectl logs log-generator -n default --tail=50
2026-07-25 21:48:00,515 - asyncssh - INFO - [conn=0, chan=13]   Command: kubectl logs my-pod -n default --tail=50
2026-07-25 21:48:00,580 - asyncssh - INFO - [conn=0, chan=13] Received exit status 0
2026-07-25 21:48:00,580 - asyncssh - INFO - [conn=0, chan=13] Received channel close
2026-07-25 21:48:00,580 - asyncssh - INFO - [conn=0, chan=13] Channel closed
2026-07-25 21:48:00,581 - asyncssh - INFO - [conn=0, chan=14] Requesting new SSH session
2026-07-25 21:48:00,581 - asyncssh - INFO - [conn=0, chan=14]   Command: kubectl top pod my-pod -n default --no-headers
2026-07-25 21:48:00,584 - asyncssh - INFO - [conn=0, chan=12] Received exit status 0
2026-07-25 21:48:00,584 - asyncssh - INFO - [conn=0, chan=12] Received channel close
2026-07-25 21:48:00,585 - asyncssh - INFO - [conn=0, chan=12] Channel closed
2026-07-25 21:48:00,585 - asyncssh - INFO - [conn=0, chan=15] Requesting new SSH session
2026-07-25 21:48:00,586 - asyncssh - INFO - [conn=0, chan=15]   Command: kubectl top pod log-generator -n default --no-headers
2026-07-25 21:48:00,636 - asyncssh - INFO - [conn=0, chan=14] Received exit status 0
2026-07-25 21:48:00,637 - asyncssh - INFO - [conn=0, chan=14] Received channel close
2026-07-25 21:48:00,637 - asyncssh - INFO - [conn=0, chan=14] Channel closed
2026-07-25 21:48:00,637 - asyncssh - INFO - [conn=0, chan=16] Requesting new SSH session
2026-07-25 21:48:00,638 - asyncssh - INFO - [conn=0, chan=16]   Command: kubectl describe pod my-pod -n default | grep -A 5 'Limits:'
2026-07-25 21:48:00,641 - asyncssh - INFO - [conn=0, chan=15] Received exit status 0
2026-07-25 21:48:00,641 - asyncssh - INFO - [conn=0, chan=15] Received channel close
2026-07-25 21:48:00,641 - asyncssh - INFO - [conn=0, chan=15] Channel closed
2026-07-25 21:48:00,642 - asyncssh - INFO - [conn=0, chan=17] Requesting new SSH session
2026-07-25 21:48:00,642 - asyncssh - INFO - [conn=0, chan=17]   Command: kubectl describe pod log-generator -n default | grep -A 5 'Limits:'
2026-07-25 21:48:00,699 - asyncssh - INFO - [conn=0, chan=17] Received exit status 0
2026-07-25 21:48:00,699 - asyncssh - INFO - [conn=0, chan=17] Received channel close
2026-07-25 21:48:00,699 - asyncssh - INFO - [conn=0, chan=17] Channel closed
2026-07-25 21:48:00,701 - asyncssh - INFO - [conn=0, chan=16] Received exit status 1
2026-07-25 21:48:00,701 - asyncssh - INFO - [conn=0, chan=16] Received channel close
2026-07-25 21:48:00,701 - asyncssh - INFO - [conn=0, chan=16] Channel closed
2026-07-25 21:48:05,701 - asyncssh - INFO - [conn=0, chan=18] Requesting new SSH session
2026-07-25 21:48:05,702 - asyncssh - INFO - [conn=0, chan=19] Requesting new SSH session
2026-07-25 21:48:05,703 - asyncssh - INFO - [conn=0, chan=18]   Command: kubectl logs log-generator -n default --tail=50
2026-07-25 21:48:05,703 - asyncssh - INFO - [conn=0, chan=19]   Command: kubectl logs my-pod -n default --tail=50
2026-07-25 21:48:05,766 - asyncssh - INFO - [conn=0, chan=19] Received exit status 0
2026-07-25 21:48:05,766 - asyncssh - INFO - [conn=0, chan=19] Received channel close
2026-07-25 21:48:05,767 - asyncssh - INFO - [conn=0, chan=19] Channel closed
2026-07-25 21:48:05,767 - asyncssh - INFO - [conn=0, chan=18] Received exit status 0
2026-07-25 21:48:05,767 - asyncssh - INFO - [conn=0, chan=18] Received channel close
2026-07-25 21:48:05,768 - asyncssh - INFO - [conn=0, chan=20] Requesting new SSH session
2026-07-25 21:48:05,768 - asyncssh - INFO - [conn=0, chan=18] Channel closed
2026-07-25 21:48:05,769 - asyncssh - INFO - [conn=0, chan=21] Requesting new SSH session
2026-07-25 21:48:05,769 - asyncssh - INFO - [conn=0, chan=20]   Command: kubectl top pod my-pod -n default --no-headers
2026-07-25 21:48:05,770 - asyncssh - INFO - [conn=0, chan=21]   Command: kubectl top pod log-generator -n default --no-headers
2026-07-25 21:48:05,826 - asyncssh - INFO - [conn=0, chan=21] Received exit status 0
2026-07-25 21:48:05,826 - asyncssh - INFO - [conn=0, chan=21] Received channel close
2026-07-25 21:48:05,827 - asyncssh - INFO - [conn=0, chan=21] Channel closed
2026-07-25 21:48:05,827 - asyncssh - INFO - [conn=0, chan=22] Requesting new SSH session
2026-07-25 21:48:05,827 - asyncssh - INFO - [conn=0, chan=22]   Command: kubectl describe pod log-generator -n default | grep -A 5 'Limits:'
2026-07-25 21:48:05,829 - asyncssh - INFO - [conn=0, chan=20] Received exit status 0
2026-07-25 21:48:05,829 - asyncssh - INFO - [conn=0, chan=20] Received channel close
2026-07-25 21:48:05,830 - asyncssh - INFO - [conn=0, chan=20] Channel closed
2026-07-25 21:48:05,830 - asyncssh - INFO - [conn=0, chan=23] Requesting new SSH session
2026-07-25 21:48:05,831 - asyncssh - INFO - [conn=0, chan=23]   Command: kubectl describe pod my-pod -n default | grep -A 5 'Limits:'
2026-07-25 21:48:05,891 - asyncssh - INFO - [conn=0, chan=23] Received exit status 1
2026-07-25 21:48:05,891 - asyncssh - INFO - [conn=0, chan=23] Received channel close
2026-07-25 21:48:05,892 - asyncssh - INFO - [conn=0, chan=23] Channel closed
2026-07-25 21:48:05,894 - asyncssh - INFO - [conn=0, chan=22] Received exit status 0
2026-07-25 21:48:05,894 - asyncssh - INFO - [conn=0, chan=22] Received channel close
2026-07-25 21:48:05,894 - asyncssh - INFO - [conn=0, chan=22] Channel closed
2026-07-25 21:48:10,892 - asyncssh - INFO - [conn=0, chan=24] Requesting new SSH session
2026-07-25 21:48:10,893 - asyncssh - INFO - [conn=0, chan=24]   Command: kubectl logs my-pod -n default --tail=50
2026-07-25 21:48:10,895 - asyncssh - INFO - [conn=0, chan=25] Requesting new SSH session
2026-07-25 21:48:10,896 - asyncssh - INFO - [conn=0, chan=25]   Command: kubectl logs log-generator -n default --tail=50
2026-07-25 21:48:10,955 - asyncssh - INFO - [conn=0, chan=24] Received exit status 0
2026-07-25 21:48:10,955 - asyncssh - INFO - [conn=0, chan=24] Received channel close
2026-07-25 21:48:10,955 - asyncssh - INFO - [conn=0, chan=24] Channel closed
2026-07-25 21:48:10,956 - asyncssh - INFO - [conn=0, chan=26] Requesting new SSH session
2026-07-25 21:48:10,957 - asyncssh - INFO - [conn=0, chan=25] Received exit status 0
2026-07-25 21:48:10,957 - asyncssh - INFO - [conn=0, chan=25] Received channel close
2026-07-25 21:48:10,957 - asyncssh - INFO - [conn=0, chan=25] Channel closed
2026-07-25 21:48:10,958 - asyncssh - INFO - [conn=0, chan=27] Requesting new SSH session
2026-07-25 21:48:10,959 - asyncssh - INFO - [conn=0, chan=26]   Command: kubectl top pod my-pod -n default --no-headers
2026-07-25 21:48:10,959 - asyncssh - INFO - [conn=0, chan=27]   Command: kubectl top pod log-generator -n default --no-headers
2026-07-25 21:48:11,015 - asyncssh - INFO - [conn=0, chan=27] Received exit status 0
2026-07-25 21:48:11,015 - asyncssh - INFO - [conn=0, chan=27] Received channel close
2026-07-25 21:48:11,015 - asyncssh - INFO - [conn=0, chan=27] Channel closed
2026-07-25 21:48:11,016 - asyncssh - INFO - [conn=0, chan=26] Received exit status 0
2026-07-25 21:48:11,016 - asyncssh - INFO - [conn=0, chan=26] Received channel close
2026-07-25 21:48:11,016 - asyncssh - INFO - [conn=0, chan=28] Requesting new SSH session
2026-07-25 21:48:11,017 - asyncssh - INFO - [conn=0, chan=26] Channel closed
2026-07-25 21:48:11,017 - asyncssh - INFO - [conn=0, chan=29] Requesting new SSH session
2026-07-25 21:48:11,017 - asyncssh - INFO - [conn=0, chan=28]   Command: kubectl describe pod log-generator -n default | grep -A 5 'Limits:'
2026-07-25 21:48:11,017 - asyncssh - INFO - [conn=0, chan=29]   Command: kubectl describe pod my-pod -n default | grep -A 5 'Limits:'
2026-07-25 21:48:11,080 - asyncssh - INFO - [conn=0, chan=28] Received exit status 0
2026-07-25 21:48:11,080 - asyncssh - INFO - [conn=0, chan=28] Received channel close
2026-07-25 21:48:11,080 - asyncssh - INFO - [conn=0, chan=28] Channel closed
2026-07-25 21:48:11,081 - asyncssh - INFO - [conn=0, chan=29] Received exit status 1
2026-07-25 21:48:11,082 - asyncssh - INFO - [conn=0, chan=29] Received channel close
2026-07-25 21:48:11,082 - asyncssh - INFO - [conn=0, chan=29] Channel closed
2026-07-25 21:48:16,082 - asyncssh - INFO - [conn=0, chan=30] Requesting new SSH session
2026-07-25 21:48:16,082 - asyncssh - INFO - [conn=0, chan=31] Requesting new SSH session
2026-07-25 21:48:16,083 - asyncssh - INFO - [conn=0, chan=30]   Command: kubectl logs log-generator -n default --tail=50
2026-07-25 21:48:16,083 - asyncssh - INFO - [conn=0, chan=31]   Command: kubectl logs my-pod -n default --tail=50
2026-07-25 21:48:16,147 - asyncssh - INFO - [conn=0, chan=31] Received exit status 0
2026-07-25 21:48:16,147 - asyncssh - INFO - [conn=0, chan=31] Received channel close
2026-07-25 21:48:16,148 - asyncssh - INFO - [conn=0, chan=31] Channel closed
2026-07-25 21:48:16,149 - asyncssh - INFO - [conn=0, chan=30] Received exit status 0
2026-07-25 21:48:16,149 - asyncssh - INFO - [conn=0, chan=30] Received channel close
2026-07-25 21:48:16,149 - asyncssh - INFO - [conn=0, chan=32] Requesting new SSH session
2026-07-25 21:48:16,150 - asyncssh - INFO - [conn=0, chan=30] Channel closed
2026-07-25 21:48:16,150 - asyncssh - INFO - [conn=0, chan=33] Requesting new SSH session
2026-07-25 21:48:16,151 - asyncssh - INFO - [conn=0, chan=32]   Command: kubectl top pod my-pod -n default --no-headers
2026-07-25 21:48:16,151 - asyncssh - INFO - [conn=0, chan=33]   Command: kubectl top pod log-generator -n default --no-headers
2026-07-25 21:48:16,208 - asyncssh - INFO - [conn=0, chan=32] Received exit status 0
2026-07-25 21:48:16,208 - asyncssh - INFO - [conn=0, chan=32] Received channel close
2026-07-25 21:48:16,209 - asyncssh - INFO - [conn=0, chan=32] Channel closed
2026-07-25 21:48:16,209 - asyncssh - INFO - [conn=0, chan=33] Received exit status 0
2026-07-25 21:48:16,209 - asyncssh - INFO - [conn=0, chan=33] Received channel close
2026-07-25 21:48:16,210 - asyncssh - INFO - [conn=0, chan=34] Requesting new SSH session
2026-07-25 21:48:16,210 - asyncssh - INFO - [conn=0, chan=33] Channel closed
2026-07-25 21:48:16,210 - asyncssh - INFO - [conn=0, chan=35] Requesting new SSH session
2026-07-25 21:48:16,211 - asyncssh - INFO - [conn=0, chan=34]   Command: kubectl describe pod my-pod -n default | grep -A 5 'Limits:'
2026-07-25 21:48:16,211 - asyncssh - INFO - [conn=0, chan=35]   Command: kubectl describe pod log-generator -n default | grep -A 5 'Limits:'
2026-07-25 21:48:16,274 - asyncssh - INFO - [conn=0, chan=34] Received exit status 1
2026-07-25 21:48:16,274 - asyncssh - INFO - [conn=0, chan=34] Received channel close
2026-07-25 21:48:16,275 - asyncssh - INFO - [conn=0, chan=34] Channel closed
2026-07-25 21:48:16,275 - asyncssh - INFO - [conn=0, chan=35] Received exit status 0
2026-07-25 21:48:16,275 - asyncssh - INFO - [conn=0, chan=35] Received channel close
2026-07-25 21:48:16,276 - asyncssh - INFO - [conn=0, chan=35] Channel closed
2026-07-25 21:48:21,277 - asyncssh - INFO - [conn=0, chan=36] Requesting new SSH session
2026-07-25 21:48:21,279 - asyncssh - INFO - [conn=0, chan=37] Requesting new SSH session
2026-07-25 21:48:21,280 - asyncssh - INFO - [conn=0, chan=36]   Command: kubectl logs my-pod -n default --tail=50
2026-07-25 21:48:21,280 - asyncssh - INFO - [conn=0, chan=37]   Command: kubectl logs log-generator -n default --tail=50
2026-07-25 21:48:21,344 - asyncssh - INFO - [conn=0, chan=37] Received exit status 0
2026-07-25 21:48:21,345 - asyncssh - INFO - [conn=0, chan=37] Received channel close
2026-07-25 21:48:21,345 - asyncssh - INFO - [conn=0, chan=37] Channel closed
2026-07-25 21:48:21,345 - asyncssh - INFO - [conn=0, chan=38] Requesting new SSH session
2026-07-25 21:48:21,346 - asyncssh - INFO - [conn=0, chan=36] Received exit status 0
2026-07-25 21:48:21,346 - asyncssh - INFO - [conn=0, chan=36] Received channel close
2026-07-25 21:48:21,346 - asyncssh - INFO - [conn=0, chan=36] Channel closed
2026-07-25 21:48:21,347 - asyncssh - INFO - [conn=0, chan=39] Requesting new SSH session
2026-07-25 21:48:21,347 - asyncssh - INFO - [conn=0, chan=38]   Command: kubectl top pod log-generator -n default --no-headers
2026-07-25 21:48:21,348 - asyncssh - INFO - [conn=0, chan=39]   Command: kubectl top pod my-pod -n default --no-headers
2026-07-25 21:48:21,402 - asyncssh - INFO - [conn=0, chan=39] Received exit status 0
2026-07-25 21:48:21,403 - asyncssh - INFO - [conn=0, chan=39] Received channel close
2026-07-25 21:48:21,403 - asyncssh - INFO - [conn=0, chan=39] Channel closed
2026-07-25 21:48:21,403 - asyncssh - INFO - [conn=0, chan=40] Requesting new SSH session
2026-07-25 21:48:21,403 - asyncssh - INFO - [conn=0, chan=40]   Command: kubectl describe pod my-pod -n default | grep -A 5 'Limits:'
2026-07-25 21:48:21,407 - asyncssh - INFO - [conn=0, chan=38] Received exit status 0
2026-07-25 21:48:21,407 - asyncssh - INFO - [conn=0, chan=38] Received channel close
2026-07-25 21:48:21,407 - asyncssh - INFO - [conn=0, chan=38] Channel closed
2026-07-25 21:48:21,408 - asyncssh - INFO - [conn=0, chan=41] Requesting new SSH session
2026-07-25 21:48:21,408 - asyncssh - INFO - [conn=0, chan=41]   Command: kubectl describe pod log-generator -n default | grep -A 5 'Limits:'
2026-07-25 21:48:21,468 - asyncssh - INFO - [conn=0, chan=40] Received exit status 1
2026-07-25 21:48:21,468 - asyncssh - INFO - [conn=0, chan=40] Received channel close
2026-07-25 21:48:21,468 - asyncssh - INFO - [conn=0, chan=40] Channel closed
2026-07-25 21:48:21,473 - asyncssh - INFO - [conn=0, chan=41] Received exit status 0
2026-07-25 21:48:21,473 - asyncssh - INFO - [conn=0, chan=41] Received channel close
2026-07-25 21:48:21,473 - asyncssh - INFO - [conn=0, chan=41] Channel closed
2026-07-25 21:48:26,470 - asyncssh - INFO - [conn=0, chan=42] Requesting new SSH session
2026-07-25 21:48:26,471 - asyncssh - INFO - [conn=0, chan=42]   Command: kubectl logs my-pod -n default --tail=50
2026-07-25 21:48:26,474 - asyncssh - INFO - [conn=0, chan=43] Requesting new SSH session
2026-07-25 21:48:26,475 - asyncssh - INFO - [conn=0, chan=43]   Command: kubectl logs log-generator -n default --tail=50
2026-07-25 21:48:26,536 - asyncssh - INFO - [conn=0, chan=42] Received exit status 0
2026-07-25 21:48:26,536 - asyncssh - INFO - [conn=0, chan=42] Received channel close
2026-07-25 21:48:26,536 - asyncssh - INFO - [conn=0, chan=42] Channel closed
2026-07-25 21:48:26,537 - asyncssh - INFO - [conn=0, chan=44] Requesting new SSH session
2026-07-25 21:48:26,537 - asyncssh - INFO - [conn=0, chan=44]   Command: kubectl top pod my-pod -n default --no-headers
2026-07-25 21:48:26,540 - asyncssh - INFO - [conn=0, chan=43] Received exit status 0
2026-07-25 21:48:26,541 - asyncssh - INFO - [conn=0, chan=43] Received channel close
2026-07-25 21:48:26,541 - asyncssh - INFO - [conn=0, chan=43] Channel closed
2026-07-25 21:48:26,542 - asyncssh - INFO - [conn=0, chan=45] Requesting new SSH session
2026-07-25 21:48:26,542 - asyncssh - INFO - [conn=0, chan=45]   Command: kubectl top pod log-generator -n default --no-headers
2026-07-25 21:48:26,596 - asyncssh - INFO - [conn=0, chan=44] Received exit status 0
2026-07-25 21:48:26,597 - asyncssh - INFO - [conn=0, chan=44] Received channel close
2026-07-25 21:48:26,597 - asyncssh - INFO - [conn=0, chan=44] Channel closed
2026-07-25 21:48:26,598 - asyncssh - INFO - [conn=0, chan=45] Received exit status 0
2026-07-25 21:48:26,598 - asyncssh - INFO - [conn=0, chan=45] Received channel close
2026-07-25 21:48:26,598 - asyncssh - INFO - [conn=0, chan=46] Requesting new SSH session
2026-07-25 21:48:26,599 - asyncssh - INFO - [conn=0, chan=45] Channel closed
2026-07-25 21:48:26,599 - asyncssh - INFO - [conn=0, chan=47] Requesting new SSH session
2026-07-25 21:48:26,599 - asyncssh - INFO - [conn=0, chan=46]   Command: kubectl describe pod my-pod -n default | grep -A 5 'Limits:'
2026-07-25 21:48:26,600 - asyncssh - INFO - [conn=0, chan=47]   Command: kubectl describe pod log-generator -n default | grep -A 5 'Limits:'
2026-07-25 21:48:26,659 - asyncssh - INFO - [conn=0, chan=46] Received exit status 1
2026-07-25 21:48:26,660 - asyncssh - INFO - [conn=0, chan=46] Received channel close
2026-07-25 21:48:26,660 - asyncssh - INFO - [conn=0, chan=46] Channel closed
2026-07-25 21:48:26,661 - asyncssh - INFO - [conn=0, chan=47] Received exit status 0
2026-07-25 21:48:26,662 - asyncssh - INFO - [conn=0, chan=47] Received channel close
2026-07-25 21:48:26,662 - asyncssh - INFO - [conn=0, chan=47] Channel closed
2026-07-25 21:48:31,662 - asyncssh - INFO - [conn=0, chan=48] Requesting new SSH session
2026-07-25 21:48:31,663 - asyncssh - INFO - [conn=0, chan=49] Requesting new SSH session
2026-07-25 21:48:31,663 - asyncssh - INFO - [conn=0, chan=48]   Command: kubectl logs my-pod -n default --tail=50
2026-07-25 21:48:31,664 - asyncssh - INFO - [conn=0, chan=49]   Command: kubectl logs log-generator -n default --tail=50
2026-07-25 21:48:31,728 - asyncssh - INFO - [conn=0, chan=49] Received exit status 0
2026-07-25 21:48:31,728 - asyncssh - INFO - [conn=0, chan=49] Received channel close
2026-07-25 21:48:31,729 - asyncssh - INFO - [conn=0, chan=49] Channel closed
2026-07-25 21:48:31,729 - asyncssh - INFO - [conn=0, chan=48] Received exit status 0
2026-07-25 21:48:31,729 - asyncssh - INFO - [conn=0, chan=48] Received channel close
2026-07-25 21:48:31,730 - asyncssh - INFO - [conn=0, chan=50] Requesting new SSH session
2026-07-25 21:48:31,731 - asyncssh - INFO - [conn=0, chan=48] Channel closed
2026-07-25 21:48:31,731 - asyncssh - INFO - [conn=0, chan=51] Requesting new SSH session
2026-07-25 21:48:31,732 - asyncssh - INFO - [conn=0, chan=50]   Command: kubectl top pod log-generator -n default --no-headers
2026-07-25 21:48:31,732 - asyncssh - INFO - [conn=0, chan=51]   Command: kubectl top pod my-pod -n default --no-headers
2026-07-25 21:48:31,791 - asyncssh - INFO - [conn=0, chan=51] Received exit status 0
2026-07-25 21:48:31,791 - asyncssh - INFO - [conn=0, chan=51] Received channel close
2026-07-25 21:48:31,791 - asyncssh - INFO - [conn=0, chan=50] Received exit status 0
2026-07-25 21:48:31,791 - asyncssh - INFO - [conn=0, chan=51] Channel closed
2026-07-25 21:48:31,792 - asyncssh - INFO - [conn=0, chan=50] Received channel close
2026-07-25 21:48:31,792 - asyncssh - INFO - [conn=0, chan=52] Requesting new SSH session
2026-07-25 21:48:31,792 - asyncssh - INFO - [conn=0, chan=50] Channel closed
2026-07-25 21:48:31,793 - asyncssh - INFO - [conn=0, chan=53] Requesting new SSH session
2026-07-25 21:48:31,793 - asyncssh - INFO - [conn=0, chan=52]   Command: kubectl describe pod my-pod -n default | grep -A 5 'Limits:'
2026-07-25 21:48:31,794 - asyncssh - INFO - [conn=0, chan=53]   Command: kubectl describe pod log-generator -n default | grep -A 5 'Limits:'
2026-07-25 21:48:31,866 - asyncssh - INFO - [conn=0, chan=53] Received exit status 0
2026-07-25 21:48:31,867 - asyncssh - INFO - [conn=0, chan=53] Received channel close
2026-07-25 21:48:31,867 - asyncssh - INFO - [conn=0, chan=52] Received exit status 1
2026-07-25 21:48:31,867 - asyncssh - INFO - [conn=0, chan=52] Received channel close
2026-07-25 21:48:31,868 - asyncssh - INFO - [conn=0, chan=53] Channel closed
2026-07-25 21:48:31,868 - asyncssh - INFO - [conn=0, chan=52] Channel closed
2026-07-25 21:48:36,880 - asyncssh - INFO - [conn=0, chan=54] Requesting new SSH session
2026-07-25 21:48:36,881 - asyncssh - INFO - [conn=0, chan=55] Requesting new SSH session
2026-07-25 21:48:36,882 - asyncssh - INFO - [conn=0, chan=54]   Command: kubectl logs log-generator -n default --tail=50
2026-07-25 21:48:36,882 - asyncssh - INFO - [conn=0, chan=55]   Command: kubectl logs my-pod -n default --tail=50
2026-07-25 21:48:36,946 - asyncssh - INFO - [conn=0, chan=55] Received exit status 0
2026-07-25 21:48:36,946 - asyncssh - INFO - [conn=0, chan=55] Received channel close
2026-07-25 21:48:36,947 - asyncssh - INFO - [conn=0, chan=55] Channel closed
2026-07-25 21:48:36,947 - asyncssh - INFO - [conn=0, chan=54] Received exit status 0
2026-07-25 21:48:36,947 - asyncssh - INFO - [conn=0, chan=54] Received channel close
2026-07-25 21:48:36,948 - asyncssh - INFO - [conn=0, chan=56] Requesting new SSH session
2026-07-25 21:48:36,948 - asyncssh - INFO - [conn=0, chan=54] Channel closed
2026-07-25 21:48:36,949 - asyncssh - INFO - [conn=0, chan=57] Requesting new SSH session
2026-07-25 21:48:36,950 - asyncssh - INFO - [conn=0, chan=56]   Command: kubectl top pod my-pod -n default --no-headers
2026-07-25 21:48:36,950 - asyncssh - INFO - [conn=0, chan=57]   Command: kubectl top pod log-generator -n default --no-headers
2026-07-25 21:48:37,006 - asyncssh - INFO - [conn=0, chan=56] Received exit status 0
2026-07-25 21:48:37,006 - asyncssh - INFO - [conn=0, chan=56] Received channel close
2026-07-25 21:48:37,007 - asyncssh - INFO - [conn=0, chan=56] Channel closed
2026-07-25 21:48:37,007 - asyncssh - INFO - [conn=0, chan=58] Requesting new SSH session
2026-07-25 21:48:37,007 - asyncssh - INFO - [conn=0, chan=58]   Command: kubectl describe pod my-pod -n default | grep -A 5 'Limits:'
2026-07-25 21:48:37,008 - asyncssh - INFO - [conn=0, chan=57] Received exit status 0
2026-07-25 21:48:37,008 - asyncssh - INFO - [conn=0, chan=57] Received channel close
2026-07-25 21:48:37,009 - asyncssh - INFO - [conn=0, chan=57] Channel closed
2026-07-25 21:48:37,009 - asyncssh - INFO - [conn=0, chan=59] Requesting new SSH session
2026-07-25 21:48:37,010 - asyncssh - INFO - [conn=0, chan=59]   Command: kubectl describe pod log-generator -n default | grep -A 5 'Limits:'
2026-07-25 21:48:37,070 - asyncssh - INFO - [conn=0, chan=58] Received exit status 1
2026-07-25 21:48:37,070 - asyncssh - INFO - [conn=0, chan=58] Received channel close
2026-07-25 21:48:37,070 - asyncssh - INFO - [conn=0, chan=58] Channel closed
2026-07-25 21:48:37,070 - asyncssh - INFO - [conn=0, chan=59] Received exit status 0
2026-07-25 21:48:37,071 - asyncssh - INFO - [conn=0, chan=59] Received channel close
2026-07-25 21:48:37,071 - asyncssh - INFO - [conn=0, chan=59] Channel closed
2026-07-25 21:48:42,071 - asyncssh - INFO - [conn=0, chan=60] Requesting new SSH session
2026-07-25 21:48:42,072 - asyncssh - INFO - [conn=0, chan=61] Requesting new SSH session
2026-07-25 21:48:42,072 - asyncssh - INFO - [conn=0, chan=60]   Command: kubectl logs my-pod -n default --tail=50
2026-07-25 21:48:42,073 - asyncssh - INFO - [conn=0, chan=61]   Command: kubectl logs log-generator -n default --tail=50
2026-07-25 21:48:42,136 - asyncssh - INFO - [conn=0, chan=60] Received exit status 0
2026-07-25 21:48:42,136 - asyncssh - INFO - [conn=0, chan=60] Received channel close
2026-07-25 21:48:42,136 - asyncssh - INFO - [conn=0, chan=60] Channel closed
2026-07-25 21:48:42,136 - asyncssh - INFO - [conn=0, chan=61] Received exit status 0
2026-07-25 21:48:42,137 - asyncssh - INFO - [conn=0, chan=61] Received channel close
2026-07-25 21:48:42,137 - asyncssh - INFO - [conn=0, chan=62] Requesting new SSH session
2026-07-25 21:48:42,138 - asyncssh - INFO - [conn=0, chan=61] Channel closed
2026-07-25 21:48:42,138 - asyncssh - INFO - [conn=0, chan=63] Requesting new SSH session
2026-07-25 21:48:42,139 - asyncssh - INFO - [conn=0, chan=62]   Command: kubectl top pod my-pod -n default --no-headers
2026-07-25 21:48:42,140 - asyncssh - INFO - [conn=0, chan=63]   Command: kubectl top pod log-generator -n default --no-headers
2026-07-25 21:48:42,201 - asyncssh - INFO - [conn=0, chan=63] Received exit status 0
2026-07-25 21:48:42,201 - asyncssh - INFO - [conn=0, chan=63] Received channel close
2026-07-25 21:48:42,202 - asyncssh - INFO - [conn=0, chan=63] Channel closed
2026-07-25 21:48:42,202 - asyncssh - INFO - [conn=0, chan=64] Requesting new SSH session
2026-07-25 21:48:42,203 - asyncssh - INFO - [conn=0, chan=62] Received exit status 0
2026-07-25 21:48:42,203 - asyncssh - INFO - [conn=0, chan=62] Received channel close
2026-07-25 21:48:42,203 - asyncssh - INFO - [conn=0, chan=62] Channel closed
2026-07-25 21:48:42,203 - asyncssh - INFO - [conn=0, chan=64]   Command: kubectl describe pod log-generator -n default | grep -A 5 'Limits:'
2026-07-25 21:48:42,204 - asyncssh - INFO - [conn=0, chan=65] Requesting new SSH session
2026-07-25 21:48:42,206 - asyncssh - INFO - [conn=0, chan=65]   Command: kubectl describe pod my-pod -n default | grep -A 5 'Limits:'
2026-07-25 21:48:42,266 - asyncssh - INFO - [conn=0, chan=64] Received exit status 0
2026-07-25 21:48:42,266 - asyncssh - INFO - [conn=0, chan=64] Received channel close
2026-07-25 21:48:42,266 - asyncssh - INFO - [conn=0, chan=64] Channel closed
2026-07-25 21:48:42,268 - asyncssh - INFO - [conn=0, chan=65] Received exit status 1
2026-07-25 21:48:42,268 - asyncssh - INFO - [conn=0, chan=65] Received channel close
2026-07-25 21:48:42,269 - asyncssh - INFO - [conn=0, chan=65] Channel closed
2026-07-25 21:48:47,267 - asyncssh - INFO - [conn=0, chan=66] Requesting new SSH session
2026-07-25 21:48:47,268 - asyncssh - INFO - [conn=0, chan=66]   Command: kubectl logs log-generator -n default --tail=50
2026-07-25 21:48:47,270 - asyncssh - INFO - [conn=0, chan=67] Requesting new SSH session
2026-07-25 21:48:47,271 - asyncssh - INFO - [conn=0, chan=67]   Command: kubectl logs my-pod -n default --tail=50
2026-07-25 21:48:47,332 - asyncssh - INFO - [conn=0, chan=66] Received exit status 0
2026-07-25 21:48:47,332 - asyncssh - INFO - [conn=0, chan=66] Received channel close
2026-07-25 21:48:47,332 - asyncssh - INFO - [conn=0, chan=66] Channel closed
2026-07-25 21:48:47,333 - asyncssh - INFO - [conn=0, chan=67] Received exit status 0
2026-07-25 21:48:47,333 - asyncssh - INFO - [conn=0, chan=67] Received channel close
2026-07-25 21:48:47,333 - asyncssh - INFO - [conn=0, chan=68] Requesting new SSH session
2026-07-25 21:48:47,334 - asyncssh - INFO - [conn=0, chan=67] Channel closed
2026-07-25 21:48:47,334 - asyncssh - INFO - [conn=0, chan=69] Requesting new SSH session
2026-07-25 21:48:47,334 - asyncssh - INFO - [conn=0, chan=68]   Command: kubectl top pod log-generator -n default --no-headers
2026-07-25 21:48:47,334 - asyncssh - INFO - [conn=0, chan=69]   Command: kubectl top pod my-pod -n default --no-headers
2026-07-25 21:48:47,387 - asyncssh - INFO - [conn=0, chan=68] Received exit status 0
2026-07-25 21:48:47,387 - asyncssh - INFO - [conn=0, chan=68] Received channel close
2026-07-25 21:48:47,387 - asyncssh - INFO - [conn=0, chan=68] Channel closed
2026-07-25 21:48:47,387 - asyncssh - INFO - [conn=0, chan=70] Requesting new SSH session
2026-07-25 21:48:47,388 - asyncssh - INFO - [conn=0, chan=70]   Command: kubectl describe pod log-generator -n default | grep -A 5 'Limits:'
2026-07-25 21:48:47,396 - asyncssh - INFO - [conn=0, chan=69] Received exit status 0
2026-07-25 21:48:47,397 - asyncssh - INFO - [conn=0, chan=69] Received channel close
2026-07-25 21:48:47,397 - asyncssh - INFO - [conn=0, chan=69] Channel closed
2026-07-25 21:48:47,397 - asyncssh - INFO - [conn=0, chan=71] Requesting new SSH session
2026-07-25 21:48:47,398 - asyncssh - INFO - [conn=0, chan=71]   Command: kubectl describe pod my-pod -n default | grep -A 5 'Limits:'
2026-07-25 21:48:47,455 - asyncssh - INFO - [conn=0, chan=70] Received exit status 0
2026-07-25 21:48:47,455 - asyncssh - INFO - [conn=0, chan=70] Received channel close
2026-07-25 21:48:47,455 - asyncssh - INFO - [conn=0, chan=70] Channel closed
2026-07-25 21:48:47,460 - asyncssh - INFO - [conn=0, chan=71] Received exit status 1
2026-07-25 21:48:47,461 - asyncssh - INFO - [conn=0, chan=71] Received channel close
2026-07-25 21:48:47,461 - asyncssh - INFO - [conn=0, chan=71] Channel closed
2026-07-25 21:48:52,457 - asyncssh - INFO - [conn=0, chan=72] Requesting new SSH session
2026-07-25 21:48:52,458 - asyncssh - INFO - [conn=0, chan=72]   Command: kubectl logs log-generator -n default --tail=50
2026-07-25 21:48:52,462 - asyncssh - INFO - [conn=0, chan=73] Requesting new SSH session
2026-07-25 21:48:52,463 - asyncssh - INFO - [conn=0, chan=73]   Command: kubectl logs my-pod -n default --tail=50
2026-07-25 21:48:52,531 - asyncssh - INFO - [conn=0, chan=73] Received exit status 0
2026-07-25 21:48:52,531 - asyncssh - INFO - [conn=0, chan=73] Received channel close
2026-07-25 21:48:52,531 - asyncssh - INFO - [conn=0, chan=73] Channel closed
2026-07-25 21:48:52,532 - asyncssh - INFO - [conn=0, chan=74] Requesting new SSH session
2026-07-25 21:48:52,532 - asyncssh - INFO - [conn=0, chan=74]   Command: kubectl top pod my-pod -n default --no-headers
2026-07-25 21:48:52,534 - asyncssh - INFO - [conn=0, chan=72] Received exit status 0
2026-07-25 21:48:52,534 - asyncssh - INFO - [conn=0, chan=72] Received channel close
2026-07-25 21:48:52,534 - asyncssh - INFO - [conn=0, chan=72] Channel closed
2026-07-25 21:48:52,535 - asyncssh - INFO - [conn=0, chan=75] Requesting new SSH session
2026-07-25 21:48:52,535 - asyncssh - INFO - [conn=0, chan=75]   Command: kubectl top pod log-generator -n default --no-headers
2026-07-25 21:48:52,594 - asyncssh - INFO - [conn=0, chan=74] Received exit status 0
2026-07-25 21:48:52,594 - asyncssh - INFO - [conn=0, chan=74] Received channel close
2026-07-25 21:48:52,595 - asyncssh - INFO - [conn=0, chan=74] Channel closed
2026-07-25 21:48:52,595 - asyncssh - INFO - [conn=0, chan=75] Received exit status 0
2026-07-25 21:48:52,595 - asyncssh - INFO - [conn=0, chan=75] Received channel close
2026-07-25 21:48:52,595 - asyncssh - INFO - [conn=0, chan=76] Requesting new SSH session
2026-07-25 21:48:52,596 - asyncssh - INFO - [conn=0, chan=75] Channel closed
2026-07-25 21:48:52,596 - asyncssh - INFO - [conn=0, chan=77] Requesting new SSH session
2026-07-25 21:48:52,597 - asyncssh - INFO - [conn=0, chan=76]   Command: kubectl describe pod my-pod -n default | grep -A 5 'Limits:'
2026-07-25 21:48:52,598 - asyncssh - INFO - [conn=0, chan=77]   Command: kubectl describe pod log-generator -n default | grep -A 5 'Limits:'
2026-07-25 21:48:52,659 - asyncssh - INFO - [conn=0, chan=77] Received exit status 0
2026-07-25 21:48:52,660 - asyncssh - INFO - [conn=0, chan=77] Received channel close
2026-07-25 21:48:52,660 - asyncssh - INFO - [conn=0, chan=77] Channel closed
2026-07-25 21:48:52,662 - asyncssh - INFO - [conn=0, chan=76] Received exit status 1
2026-07-25 21:48:52,662 - asyncssh - INFO - [conn=0, chan=76] Received channel close
2026-07-25 21:48:52,662 - asyncssh - INFO - [conn=0, chan=76] Channel closed
2026-07-25 21:48:57,661 - asyncssh - INFO - [conn=0, chan=78] Requesting new SSH session
2026-07-25 21:48:57,662 - asyncssh - INFO - [conn=0, chan=78]   Command: kubectl logs log-generator -n default --tail=50
2026-07-25 21:48:57,663 - asyncssh - INFO - [conn=0, chan=79] Requesting new SSH session
2026-07-25 21:48:57,664 - asyncssh - INFO - [conn=0, chan=79]   Command: kubectl logs my-pod -n default --tail=50
2026-07-25 21:48:57,728 - asyncssh - INFO - [conn=0, chan=79] Received exit status 0
2026-07-25 21:48:57,728 - asyncssh - INFO - [conn=0, chan=79] Received channel close
2026-07-25 21:48:57,729 - asyncssh - INFO - [conn=0, chan=79] Channel closed
2026-07-25 21:48:57,729 - asyncssh - INFO - [conn=0, chan=78] Received exit status 0
2026-07-25 21:48:57,729 - asyncssh - INFO - [conn=0, chan=78] Received channel close
2026-07-25 21:48:57,729 - asyncssh - INFO - [conn=0, chan=80] Requesting new SSH session
2026-07-25 21:48:57,730 - asyncssh - INFO - [conn=0, chan=78] Channel closed
2026-07-25 21:48:57,730 - asyncssh - INFO - [conn=0, chan=81] Requesting new SSH session
2026-07-25 21:48:57,731 - asyncssh - INFO - [conn=0, chan=80]   Command: kubectl top pod my-pod -n default --no-headers
2026-07-25 21:48:57,731 - asyncssh - INFO - [conn=0, chan=81]   Command: kubectl top pod log-generator -n default --no-headers
2026-07-25 21:48:57,788 - asyncssh - INFO - [conn=0, chan=81] Received exit status 0
2026-07-25 21:48:57,788 - asyncssh - INFO - [conn=0, chan=81] Received channel close
2026-07-25 21:48:57,788 - asyncssh - INFO - [conn=0, chan=81] Channel closed
2026-07-25 21:48:57,789 - asyncssh - INFO - [conn=0, chan=82] Requesting new SSH session
2026-07-25 21:48:57,789 - asyncssh - INFO - [conn=0, chan=82]   Command: kubectl describe pod log-generator -n default | grep -A 5 'Limits:'
2026-07-25 21:48:57,791 - asyncssh - INFO - [conn=0, chan=80] Received exit status 0
2026-07-25 21:48:57,792 - asyncssh - INFO - [conn=0, chan=80] Received channel close
2026-07-25 21:48:57,792 - asyncssh - INFO - [conn=0, chan=80] Channel closed
2026-07-25 21:48:57,793 - asyncssh - INFO - [conn=0, chan=83] Requesting new SSH session
2026-07-25 21:48:57,794 - asyncssh - INFO - [conn=0, chan=83]   Command: kubectl describe pod my-pod -n default | grep -A 5 'Limits:'
2026-07-25 21:48:57,867 - asyncssh - INFO - [conn=0, chan=82] Received exit status 0
2026-07-25 21:48:57,867 - asyncssh - INFO - [conn=0, chan=82] Received channel close
2026-07-25 21:48:57,868 - asyncssh - INFO - [conn=0, chan=83] Received exit status 1
2026-07-25 21:48:57,868 - asyncssh - INFO - [conn=0, chan=83] Received channel close
2026-07-25 21:48:57,868 - asyncssh - INFO - [conn=0, chan=82] Channel closed
2026-07-25 21:48:57,869 - asyncssh - INFO - [conn=0, chan=83] Channel closed
2026-07-25 21:49:02,882 - asyncssh - INFO - [conn=0, chan=84] Requesting new SSH session
2026-07-25 21:49:02,883 - asyncssh - INFO - [conn=0, chan=85] Requesting new SSH session
2026-07-25 21:49:02,883 - asyncssh - INFO - [conn=0, chan=84]   Command: kubectl logs log-generator -n default --tail=50
2026-07-25 21:49:02,884 - asyncssh - INFO - [conn=0, chan=85]   Command: kubectl logs my-pod -n default --tail=50
2026-07-25 21:49:02,944 - asyncssh - INFO - [conn=0, chan=84] Received exit status 0
2026-07-25 21:49:02,944 - asyncssh - INFO - [conn=0, chan=85] Received exit status 0
2026-07-25 21:49:02,945 - asyncssh - INFO - [conn=0, chan=85] Received channel close
2026-07-25 21:49:02,945 - asyncssh - INFO - [conn=0, chan=84] Received channel close
2026-07-25 21:49:02,946 - asyncssh - INFO - [conn=0, chan=85] Channel closed
2026-07-25 21:49:02,946 - asyncssh - INFO - [conn=0, chan=84] Channel closed
2026-07-25 21:49:02,946 - asyncssh - INFO - [conn=0, chan=86] Requesting new SSH session
2026-07-25 21:49:02,947 - asyncssh - INFO - [conn=0, chan=87] Requesting new SSH session
2026-07-25 21:49:02,948 - asyncssh - INFO - [conn=0, chan=86]   Command: kubectl top pod my-pod -n default --no-headers
2026-07-25 21:49:02,948 - asyncssh - INFO - [conn=0, chan=87]   Command: kubectl top pod log-generator -n default --no-headers
2026-07-25 21:49:03,006 - asyncssh - INFO - [conn=0, chan=86] Received exit status 0
2026-07-25 21:49:03,006 - asyncssh - INFO - [conn=0, chan=87] Received exit status 0
2026-07-25 21:49:03,007 - asyncssh - INFO - [conn=0, chan=86] Received channel close
2026-07-25 21:49:03,007 - asyncssh - INFO - [conn=0, chan=87] Received channel close
2026-07-25 21:49:03,007 - asyncssh - INFO - [conn=0, chan=86] Channel closed
2026-07-25 21:49:03,007 - asyncssh - INFO - [conn=0, chan=87] Channel closed
2026-07-25 21:49:03,008 - asyncssh - INFO - [conn=0, chan=88] Requesting new SSH session
2026-07-25 21:49:03,008 - asyncssh - INFO - [conn=0, chan=89] Requesting new SSH session
2026-07-25 21:49:03,008 - asyncssh - INFO - [conn=0, chan=88]   Command: kubectl describe pod my-pod -n default | grep -A 5 'Limits:'
2026-07-25 21:49:03,009 - asyncssh - INFO - [conn=0, chan=89]   Command: kubectl describe pod log-generator -n default | grep -A 5 'Limits:'
2026-07-25 21:49:03,071 - asyncssh - INFO - [conn=0, chan=89] Received exit status 0
2026-07-25 21:49:03,071 - asyncssh - INFO - [conn=0, chan=89] Received channel close
2026-07-25 21:49:03,071 - asyncssh - INFO - [conn=0, chan=89] Channel closed
2026-07-25 21:49:03,072 - asyncssh - INFO - [conn=0, chan=88] Received exit status 1
2026-07-25 21:49:03,072 - asyncssh - INFO - [conn=0, chan=88] Received channel close
2026-07-25 21:49:03,073 - asyncssh - INFO - [conn=0, chan=88] Channel closed
2026-07-25 21:49:08,072 - asyncssh - INFO - [conn=0, chan=90] Requesting new SSH session
2026-07-25 21:49:08,073 - asyncssh - INFO - [conn=0, chan=90]   Command: kubectl logs log-generator -n default --tail=50
2026-07-25 21:49:08,074 - asyncssh - INFO - [conn=0, chan=91] Requesting new SSH session
2026-07-25 21:49:08,075 - asyncssh - INFO - [conn=0, chan=91]   Command: kubectl logs my-pod -n default --tail=50
2026-07-25 21:49:08,140 - asyncssh - INFO - [conn=0, chan=90] Received exit status 0
2026-07-25 21:49:08,140 - asyncssh - INFO - [conn=0, chan=91] Received exit status 0
2026-07-25 21:49:08,140 - asyncssh - INFO - [conn=0, chan=90] Received channel close
2026-07-25 21:49:08,141 - asyncssh - INFO - [conn=0, chan=91] Received channel close
2026-07-25 21:49:08,141 - asyncssh - INFO - [conn=0, chan=90] Channel closed
2026-07-25 21:49:08,141 - asyncssh - INFO - [conn=0, chan=91] Channel closed
2026-07-25 21:49:08,142 - asyncssh - INFO - [conn=0, chan=92] Requesting new SSH session
2026-07-25 21:49:08,142 - asyncssh - INFO - [conn=0, chan=93] Requesting new SSH session
2026-07-25 21:49:08,143 - asyncssh - INFO - [conn=0, chan=92]   Command: kubectl top pod log-generator -n default --no-headers
2026-07-25 21:49:08,144 - asyncssh - INFO - [conn=0, chan=93]   Command: kubectl top pod my-pod -n default --no-headers
2026-07-25 21:49:08,198 - asyncssh - INFO - [conn=0, chan=92] Received exit status 0
2026-07-25 21:49:08,198 - asyncssh - INFO - [conn=0, chan=92] Received channel close
2026-07-25 21:49:08,198 - asyncssh - INFO - [conn=0, chan=92] Channel closed
2026-07-25 21:49:08,199 - asyncssh - INFO - [conn=0, chan=94] Requesting new SSH session
2026-07-25 21:49:08,199 - asyncssh - INFO - [conn=0, chan=94]   Command: kubectl describe pod log-generator -n default | grep -A 5 'Limits:'
2026-07-25 21:49:08,200 - asyncssh - INFO - [conn=0, chan=93] Received exit status 0
2026-07-25 21:49:08,201 - asyncssh - INFO - [conn=0, chan=93] Received channel close
2026-07-25 21:49:08,201 - asyncssh - INFO - [conn=0, chan=93] Channel closed
2026-07-25 21:49:08,201 - asyncssh - INFO - [conn=0, chan=95] Requesting new SSH session
2026-07-25 21:49:08,202 - asyncssh - INFO - [conn=0, chan=95]   Command: kubectl describe pod my-pod -n default | grep -A 5 'Limits:'
2026-07-25 21:49:08,260 - asyncssh - INFO - [conn=0, chan=94] Received exit status 0
2026-07-25 21:49:08,260 - asyncssh - INFO - [conn=0, chan=94] Received channel close
2026-07-25 21:49:08,260 - asyncssh - INFO - [conn=0, chan=94] Channel closed
2026-07-25 21:49:08,264 - asyncssh - INFO - [conn=0, chan=95] Received exit status 1
2026-07-25 21:49:08,264 - asyncssh - INFO - [conn=0, chan=95] Received channel close
2026-07-25 21:49:08,265 - asyncssh - INFO - [conn=0, chan=95] Channel closed
2026-07-25 21:49:13,263 - asyncssh - INFO - [conn=0, chan=96] Requesting new SSH session
2026-07-25 21:49:13,264 - asyncssh - INFO - [conn=0, chan=96]   Command: kubectl logs log-generator -n default --tail=50
2026-07-25 21:49:13,266 - asyncssh - INFO - [conn=0, chan=97] Requesting new SSH session
2026-07-25 21:49:13,266 - asyncssh - INFO - [conn=0, chan=97]   Command: kubectl logs my-pod -n default --tail=50
2026-07-25 21:49:13,327 - asyncssh - INFO - [conn=0, chan=96] Received exit status 0
2026-07-25 21:49:13,327 - asyncssh - INFO - [conn=0, chan=96] Received channel close
2026-07-25 21:49:13,327 - asyncssh - INFO - [conn=0, chan=96] Channel closed
2026-07-25 21:49:13,328 - asyncssh - INFO - [conn=0, chan=98] Requesting new SSH session
2026-07-25 21:49:13,328 - asyncssh - INFO - [conn=0, chan=97] Received exit status 0
2026-07-25 21:49:13,329 - asyncssh - INFO - [conn=0, chan=97] Received channel close
2026-07-25 21:49:13,329 - asyncssh - INFO - [conn=0, chan=98]   Command: kubectl top pod log-generator -n default --no-headers
2026-07-25 21:49:13,329 - asyncssh - INFO - [conn=0, chan=97] Channel closed
2026-07-25 21:49:13,330 - asyncssh - INFO - [conn=0, chan=99] Requesting new SSH session
2026-07-25 21:49:13,331 - asyncssh - INFO - [conn=0, chan=99]   Command: kubectl top pod my-pod -n default --no-headers
2026-07-25 21:49:13,385 - asyncssh - INFO - [conn=0, chan=98] Received exit status 0
2026-07-25 21:49:13,386 - asyncssh - INFO - [conn=0, chan=98] Received channel close
2026-07-25 21:49:13,386 - asyncssh - INFO - [conn=0, chan=98] Channel closed
2026-07-25 21:49:13,387 - asyncssh - INFO - [conn=0, chan=100] Requesting new SSH session
2026-07-25 21:49:13,387 - asyncssh - INFO - [conn=0, chan=100]   Command: kubectl describe pod log-generator -n default | grep -A 5 'Limits:'
2026-07-25 21:49:13,388 - asyncssh - INFO - [conn=0, chan=99] Received exit status 0
2026-07-25 21:49:13,389 - asyncssh - INFO - [conn=0, chan=99] Received channel close
2026-07-25 21:49:13,389 - asyncssh - INFO - [conn=0, chan=99] Channel closed
2026-07-25 21:49:13,389 - asyncssh - INFO - [conn=0, chan=101] Requesting new SSH session
2026-07-25 21:49:13,390 - asyncssh - INFO - [conn=0, chan=101]   Command: kubectl describe pod my-pod -n default | grep -A 5 'Limits:'
2026-07-25 21:49:13,453 - asyncssh - INFO - [conn=0, chan=100] Received exit status 0
2026-07-25 21:49:13,453 - asyncssh - INFO - [conn=0, chan=100] Received channel close
2026-07-25 21:49:13,454 - asyncssh - INFO - [conn=0, chan=100] Channel closed
2026-07-25 21:49:13,454 - asyncssh - INFO - [conn=0, chan=101] Received exit status 1
2026-07-25 21:49:13,454 - asyncssh - INFO - [conn=0, chan=101] Received channel close
2026-07-25 21:49:13,455 - asyncssh - INFO - [conn=0, chan=101] Channel closed
2026-07-25 21:49:18,455 - asyncssh - INFO - [conn=0, chan=102] Requesting new SSH session
2026-07-25 21:49:18,456 - asyncssh - INFO - [conn=0, chan=103] Requesting new SSH session
2026-07-25 21:49:18,456 - asyncssh - INFO - [conn=0, chan=102]   Command: kubectl logs log-generator -n default --tail=50
2026-07-25 21:49:18,457 - asyncssh - INFO - [conn=0, chan=103]   Command: kubectl logs my-pod -n default --tail=50
2026-07-25 21:49:18,515 - asyncssh - INFO - [conn=0, chan=102] Received exit status 0
2026-07-25 21:49:18,515 - asyncssh - INFO - [conn=0, chan=102] Received channel close
2026-07-25 21:49:18,517 - asyncssh - INFO - [conn=0, chan=102] Channel closed
2026-07-25 21:49:18,517 - asyncssh - INFO - [conn=0, chan=104] Requesting new SSH session
2026-07-25 21:49:18,518 - asyncssh - INFO - [conn=0, chan=103] Received exit status 0
2026-07-25 21:49:18,518 - asyncssh - INFO - [conn=0, chan=103] Received channel close
2026-07-25 21:49:18,519 - asyncssh - INFO - [conn=0, chan=104]   Command: kubectl top pod log-generator -n default --no-headers
2026-07-25 21:49:18,519 - asyncssh - INFO - [conn=0, chan=103] Channel closed
2026-07-25 21:49:18,519 - asyncssh - INFO - [conn=0, chan=105] Requesting new SSH session
2026-07-25 21:49:18,520 - asyncssh - INFO - [conn=0, chan=105]   Command: kubectl top pod my-pod -n default --no-headers
2026-07-25 21:49:18,584 - asyncssh - INFO - [conn=0, chan=105] Received exit status 0
2026-07-25 21:49:18,584 - asyncssh - INFO - [conn=0, chan=105] Received channel close
2026-07-25 21:49:18,585 - asyncssh - INFO - [conn=0, chan=105] Channel closed
2026-07-25 21:49:18,585 - asyncssh - INFO - [conn=0, chan=106] Requesting new SSH session
2026-07-25 21:49:18,586 - asyncssh - INFO - [conn=0, chan=104] Received exit status 0
2026-07-25 21:49:18,586 - asyncssh - INFO - [conn=0, chan=104] Received channel close
2026-07-25 21:49:18,586 - asyncssh - INFO - [conn=0, chan=104] Channel closed
2026-07-25 21:49:18,586 - asyncssh - INFO - [conn=0, chan=107] Requesting new SSH session
2026-07-25 21:49:18,587 - asyncssh - INFO - [conn=0, chan=106]   Command: kubectl describe pod my-pod -n default | grep -A 5 'Limits:'
2026-07-25 21:49:18,587 - asyncssh - INFO - [conn=0, chan=107]   Command: kubectl describe pod log-generator -n default | grep -A 5 'Limits:'
2026-07-25 21:49:18,647 - asyncssh - INFO - [conn=0, chan=107] Received exit status 0
2026-07-25 21:49:18,647 - asyncssh - INFO - [conn=0, chan=107] Received channel close
2026-07-25 21:49:18,647 - asyncssh - INFO - [conn=0, chan=107] Channel closed
2026-07-25 21:49:18,651 - asyncssh - INFO - [conn=0, chan=106] Received exit status 1
2026-07-25 21:49:18,652 - asyncssh - INFO - [conn=0, chan=106] Received channel close
2026-07-25 21:49:18,652 - asyncssh - INFO - [conn=0, chan=106] Channel closed
2026-07-25 21:49:23,649 - asyncssh - INFO - [conn=0, chan=108] Requesting new SSH session
2026-07-25 21:49:23,650 - asyncssh - INFO - [conn=0, chan=108]   Command: kubectl logs log-generator -n default --tail=50
2026-07-25 21:49:23,654 - asyncssh - INFO - [conn=0, chan=109] Requesting new SSH session
2026-07-25 21:49:23,655 - asyncssh - INFO - [conn=0, chan=109]   Command: kubectl logs my-pod -n default --tail=50
2026-07-25 21:49:23,719 - asyncssh - INFO - [conn=0, chan=109] Received exit status 0
2026-07-25 21:49:23,719 - asyncssh - INFO - [conn=0, chan=109] Received channel close
2026-07-25 21:49:23,719 - asyncssh - INFO - [conn=0, chan=109] Channel closed
2026-07-25 21:49:23,719 - asyncssh - INFO - [conn=0, chan=108] Received exit status 0
2026-07-25 21:49:23,720 - asyncssh - INFO - [conn=0, chan=108] Received channel close
2026-07-25 21:49:23,720 - asyncssh - INFO - [conn=0, chan=110] Requesting new SSH session
2026-07-25 21:49:23,720 - asyncssh - INFO - [conn=0, chan=108] Channel closed
2026-07-25 21:49:23,721 - asyncssh - INFO - [conn=0, chan=111] Requesting new SSH session
2026-07-25 21:49:23,721 - asyncssh - INFO - [conn=0, chan=110]   Command: kubectl top pod my-pod -n default --no-headers
2026-07-25 21:49:23,722 - asyncssh - INFO - [conn=0, chan=111]   Command: kubectl top pod log-generator -n default --no-headers
2026-07-25 21:49:23,779 - asyncssh - INFO - [conn=0, chan=110] Received exit status 0
2026-07-25 21:49:23,780 - asyncssh - INFO - [conn=0, chan=110] Received channel close
2026-07-25 21:49:23,780 - asyncssh - INFO - [conn=0, chan=111] Received exit status 0
2026-07-25 21:49:23,780 - asyncssh - INFO - [conn=0, chan=111] Received channel close
2026-07-25 21:49:23,781 - asyncssh - INFO - [conn=0, chan=110] Channel closed
2026-07-25 21:49:23,781 - asyncssh - INFO - [conn=0, chan=111] Channel closed
2026-07-25 21:49:23,781 - asyncssh - INFO - [conn=0, chan=112] Requesting new SSH session
2026-07-25 21:49:23,781 - asyncssh - INFO - [conn=0, chan=113] Requesting new SSH session
2026-07-25 21:49:23,782 - asyncssh - INFO - [conn=0, chan=112]   Command: kubectl describe pod my-pod -n default | grep -A 5 'Limits:'
2026-07-25 21:49:23,782 - asyncssh - INFO - [conn=0, chan=113]   Command: kubectl describe pod log-generator -n default | grep -A 5 'Limits:'
2026-07-25 21:49:23,847 - asyncssh - INFO - [conn=0, chan=113] Received exit status 0
2026-07-25 21:49:23,848 - asyncssh - INFO - [conn=0, chan=113] Received channel close
2026-07-25 21:49:23,848 - asyncssh - INFO - [conn=0, chan=113] Channel closed
2026-07-25 21:49:23,849 - asyncssh - INFO - [conn=0, chan=112] Received exit status 1
2026-07-25 21:49:23,849 - asyncssh - INFO - [conn=0, chan=112] Received channel close
2026-07-25 21:49:23,849 - asyncssh - INFO - [conn=0, chan=112] Channel closed
2026-07-25 21:49:28,849 - asyncssh - INFO - [conn=0, chan=114] Requesting new SSH session
2026-07-25 21:49:28,850 - asyncssh - INFO - [conn=0, chan=115] Requesting new SSH session
2026-07-25 21:49:28,850 - asyncssh - INFO - [conn=0, chan=114]   Command: kubectl logs log-generator -n default --tail=50
2026-07-25 21:49:28,850 - asyncssh - INFO - [conn=0, chan=115]   Command: kubectl logs my-pod -n default --tail=50
2026-07-25 21:49:28,914 - asyncssh - INFO - [conn=0, chan=115] Received exit status 0
2026-07-25 21:49:28,914 - asyncssh - INFO - [conn=0, chan=115] Received channel close
2026-07-25 21:49:28,914 - asyncssh - INFO - [conn=0, chan=115] Channel closed
2026-07-25 21:49:28,914 - asyncssh - INFO - [conn=0, chan=114] Received exit status 0
2026-07-25 21:49:28,914 - asyncssh - INFO - [conn=0, chan=114] Received channel close
2026-07-25 21:49:28,915 - asyncssh - INFO - [conn=0, chan=116] Requesting new SSH session
2026-07-25 21:49:28,915 - asyncssh - INFO - [conn=0, chan=114] Channel closed
2026-07-25 21:49:28,915 - asyncssh - INFO - [conn=0, chan=117] Requesting new SSH session
2026-07-25 21:49:28,916 - asyncssh - INFO - [conn=0, chan=116]   Command: kubectl top pod my-pod -n default --no-headers
2026-07-25 21:49:28,916 - asyncssh - INFO - [conn=0, chan=117]   Command: kubectl top pod log-generator -n default --no-headers
2026-07-25 21:49:28,973 - asyncssh - INFO - [conn=0, chan=116] Received exit status 0
2026-07-25 21:49:28,973 - asyncssh - INFO - [conn=0, chan=116] Received channel close
2026-07-25 21:49:28,974 - asyncssh - INFO - [conn=0, chan=116] Channel closed
2026-07-25 21:49:28,974 - asyncssh - INFO - [conn=0, chan=117] Received exit status 0
2026-07-25 21:49:28,974 - asyncssh - INFO - [conn=0, chan=117] Received channel close
2026-07-25 21:49:28,974 - asyncssh - INFO - [conn=0, chan=118] Requesting new SSH session
2026-07-25 21:49:28,975 - asyncssh - INFO - [conn=0, chan=117] Channel closed
2026-07-25 21:49:28,975 - asyncssh - INFO - [conn=0, chan=119] Requesting new SSH session
2026-07-25 21:49:28,975 - asyncssh - INFO - [conn=0, chan=118]   Command: kubectl describe pod my-pod -n default | grep -A 5 'Limits:'
2026-07-25 21:49:28,975 - asyncssh - INFO - [conn=0, chan=119]   Command: kubectl describe pod log-generator -n default | grep -A 5 'Limits:'
2026-07-25 21:49:29,040 - asyncssh - INFO - [conn=0, chan=118] Received exit status 1
2026-07-25 21:49:29,041 - asyncssh - INFO - [conn=0, chan=119] Received exit status 0
2026-07-25 21:49:29,041 - asyncssh - INFO - [conn=0, chan=118] Received channel close
2026-07-25 21:49:29,041 - asyncssh - INFO - [conn=0, chan=119] Received channel close
2026-07-25 21:49:29,041 - asyncssh - INFO - [conn=0, chan=118] Channel closed
2026-07-25 21:49:29,041 - asyncssh - INFO - [conn=0, chan=119] Channel closed
2026-07-25 21:49:34,043 - asyncssh - INFO - [conn=0, chan=120] Requesting new SSH session
2026-07-25 21:49:34,044 - asyncssh - INFO - [conn=0, chan=121] Requesting new SSH session
2026-07-25 21:49:34,044 - asyncssh - INFO - [conn=0, chan=120]   Command: kubectl logs my-pod -n default --tail=50
2026-07-25 21:49:34,044 - asyncssh - INFO - [conn=0, chan=121]   Command: kubectl logs log-generator -n default --tail=50
2026-07-25 21:49:34,111 - asyncssh - INFO - [conn=0, chan=120] Received exit status 0
2026-07-25 21:49:34,111 - asyncssh - INFO - [conn=0, chan=120] Received channel close
2026-07-25 21:49:34,112 - asyncssh - INFO - [conn=0, chan=120] Channel closed
2026-07-25 21:49:34,112 - asyncssh - INFO - [conn=0, chan=121] Received exit status 0
2026-07-25 21:49:34,112 - asyncssh - INFO - [conn=0, chan=121] Received channel close
2026-07-25 21:49:34,112 - asyncssh - INFO - [conn=0, chan=122] Requesting new SSH session
2026-07-25 21:49:34,113 - asyncssh - INFO - [conn=0, chan=121] Channel closed
2026-07-25 21:49:34,113 - asyncssh - INFO - [conn=0, chan=123] Requesting new SSH session
2026-07-25 21:49:34,114 - asyncssh - INFO - [conn=0, chan=122]   Command: kubectl top pod my-pod -n default --no-headers
2026-07-25 21:49:34,114 - asyncssh - INFO - [conn=0, chan=123]   Command: kubectl top pod log-generator -n default --no-headers
2026-07-25 21:49:34,172 - asyncssh - INFO - [conn=0, chan=122] Received exit status 0
2026-07-25 21:49:34,172 - asyncssh - INFO - [conn=0, chan=122] Received channel close
2026-07-25 21:49:34,172 - asyncssh - INFO - [conn=0, chan=122] Channel closed
2026-07-25 21:49:34,172 - asyncssh - INFO - [conn=0, chan=124] Requesting new SSH session
2026-07-25 21:49:34,173 - asyncssh - INFO - [conn=0, chan=123] Received exit status 0
2026-07-25 21:49:34,173 - asyncssh - INFO - [conn=0, chan=123] Received channel close
2026-07-25 21:49:34,173 - asyncssh - INFO - [conn=0, chan=123] Channel closed
2026-07-25 21:49:34,173 - asyncssh - INFO - [conn=0, chan=125] Requesting new SSH session
2026-07-25 21:49:34,174 - asyncssh - INFO - [conn=0, chan=124]   Command: kubectl describe pod my-pod -n default | grep -A 5 'Limits:'
2026-07-25 21:49:34,175 - asyncssh - INFO - [conn=0, chan=125]   Command: kubectl describe pod log-generator -n default | grep -A 5 'Limits:'
2026-07-25 21:49:34,236 - asyncssh - INFO - [conn=0, chan=125] Received exit status 0
2026-07-25 21:49:34,236 - asyncssh - INFO - [conn=0, chan=124] Received exit status 1
2026-07-25 21:49:34,237 - asyncssh - INFO - [conn=0, chan=125] Received channel close
2026-07-25 21:49:34,237 - asyncssh - INFO - [conn=0, chan=124] Received channel close
2026-07-25 21:49:34,237 - asyncssh - INFO - [conn=0, chan=125] Channel closed
2026-07-25 21:49:34,237 - asyncssh - INFO - [conn=0, chan=124] Channel closed
2026-07-25 21:49:39,238 - asyncssh - INFO - [conn=0, chan=126] Requesting new SSH session
2026-07-25 21:49:39,239 - asyncssh - INFO - [conn=0, chan=127] Requesting new SSH session
2026-07-25 21:49:39,239 - asyncssh - INFO - [conn=0, chan=126]   Command: kubectl logs log-generator -n default --tail=50
2026-07-25 21:49:39,240 - asyncssh - INFO - [conn=0, chan=127]   Command: kubectl logs my-pod -n default --tail=50
2026-07-25 21:49:39,304 - asyncssh - INFO - [conn=0, chan=127] Received exit status 0
2026-07-25 21:49:39,305 - asyncssh - INFO - [conn=0, chan=126] Received exit status 0
2026-07-25 21:49:39,305 - asyncssh - INFO - [conn=0, chan=127] Received channel close
2026-07-25 21:49:39,305 - asyncssh - INFO - [conn=0, chan=126] Received channel close
2026-07-25 21:49:39,305 - asyncssh - INFO - [conn=0, chan=127] Channel closed
2026-07-25 21:49:39,306 - asyncssh - INFO - [conn=0, chan=126] Channel closed
2026-07-25 21:49:39,306 - asyncssh - INFO - [conn=0, chan=128] Requesting new SSH session
2026-07-25 21:49:39,307 - asyncssh - INFO - [conn=0, chan=129] Requesting new SSH session
2026-07-25 21:49:39,307 - asyncssh - INFO - [conn=0, chan=128]   Command: kubectl top pod my-pod -n default --no-headers
2026-07-25 21:49:39,308 - asyncssh - INFO - [conn=0, chan=129]   Command: kubectl top pod log-generator -n default --no-headers
2026-07-25 21:49:39,363 - asyncssh - INFO - [conn=0, chan=128] Received exit status 0
2026-07-25 21:49:39,363 - asyncssh - INFO - [conn=0, chan=128] Received channel close
2026-07-25 21:49:39,364 - asyncssh - INFO - [conn=0, chan=128] Channel closed
2026-07-25 21:49:39,364 - asyncssh - INFO - [conn=0, chan=130] Requesting new SSH session
2026-07-25 21:49:39,365 - asyncssh - INFO - [conn=0, chan=129] Received exit status 0
2026-07-25 21:49:39,365 - asyncssh - INFO - [conn=0, chan=129] Received channel close
2026-07-25 21:49:39,365 - asyncssh - INFO - [conn=0, chan=129] Channel closed
2026-07-25 21:49:39,365 - asyncssh - INFO - [conn=0, chan=131] Requesting new SSH session
2026-07-25 21:49:39,366 - asyncssh - INFO - [conn=0, chan=130]   Command: kubectl describe pod my-pod -n default | grep -A 5 'Limits:'
2026-07-25 21:49:39,366 - asyncssh - INFO - [conn=0, chan=131]   Command: kubectl describe pod log-generator -n default | grep -A 5 'Limits:'
2026-07-25 21:49:39,429 - asyncssh - INFO - [conn=0, chan=130] Received exit status 1
2026-07-25 21:49:39,429 - asyncssh - INFO - [conn=0, chan=131] Received exit status 0
2026-07-25 21:49:39,429 - asyncssh - INFO - [conn=0, chan=130] Received channel close
2026-07-25 21:49:39,430 - asyncssh - INFO - [conn=0, chan=131] Received channel close
2026-07-25 21:49:39,430 - asyncssh - INFO - [conn=0, chan=130] Channel closed
2026-07-25 21:49:39,430 - asyncssh - INFO - [conn=0, chan=131] Channel closed
2026-07-25 21:49:44,432 - asyncssh - INFO - [conn=0, chan=132] Requesting new SSH session
2026-07-25 21:49:44,433 - asyncssh - INFO - [conn=0, chan=133] Requesting new SSH session
2026-07-25 21:49:44,433 - asyncssh - INFO - [conn=0, chan=132]   Command: kubectl logs my-pod -n default --tail=50
2026-07-25 21:49:44,433 - asyncssh - INFO - [conn=0, chan=133]   Command: kubectl logs log-generator -n default --tail=50
2026-07-25 21:49:44,499 - asyncssh - INFO - [conn=0, chan=132] Received exit status 0
2026-07-25 21:49:44,499 - asyncssh - INFO - [conn=0, chan=132] Received channel close
2026-07-25 21:49:44,499 - asyncssh - INFO - [conn=0, chan=132] Channel closed
2026-07-25 21:49:44,500 - asyncssh - INFO - [conn=0, chan=134] Requesting new SSH session
2026-07-25 21:49:44,501 - asyncssh - INFO - [conn=0, chan=133] Received exit status 0
2026-07-25 21:49:44,501 - asyncssh - INFO - [conn=0, chan=133] Received channel close
2026-07-25 21:49:44,501 - asyncssh - INFO - [conn=0, chan=133] Channel closed
2026-07-25 21:49:44,501 - asyncssh - INFO - [conn=0, chan=134]   Command: kubectl top pod my-pod -n default --no-headers
2026-07-25 21:49:44,502 - asyncssh - INFO - [conn=0, chan=135] Requesting new SSH session
2026-07-25 21:49:44,503 - asyncssh - INFO - [conn=0, chan=135]   Command: kubectl top pod log-generator -n default --no-headers
2026-07-25 21:49:44,564 - asyncssh - INFO - [conn=0, chan=134] Received exit status 0
2026-07-25 21:49:44,565 - asyncssh - INFO - [conn=0, chan=134] Received channel close
2026-07-25 21:49:44,565 - asyncssh - INFO - [conn=0, chan=134] Channel closed
2026-07-25 21:49:44,565 - asyncssh - INFO - [conn=0, chan=136] Requesting new SSH session
2026-07-25 21:49:44,566 - asyncssh - INFO - [conn=0, chan=136]   Command: kubectl describe pod my-pod -n default | grep -A 5 'Limits:'
2026-07-25 21:49:44,566 - asyncssh - INFO - [conn=0, chan=135] Received exit status 0
2026-07-25 21:49:44,566 - asyncssh - INFO - [conn=0, chan=135] Received channel close
2026-07-25 21:49:44,566 - asyncssh - INFO - [conn=0, chan=135] Channel closed
2026-07-25 21:49:44,567 - asyncssh - INFO - [conn=0, chan=137] Requesting new SSH session
2026-07-25 21:49:44,567 - asyncssh - INFO - [conn=0, chan=137]   Command: kubectl describe pod log-generator -n default | grep -A 5 'Limits:'
2026-07-25 21:49:44,627 - asyncssh - INFO - [conn=0, chan=136] Received exit status 1
2026-07-25 21:49:44,627 - asyncssh - INFO - [conn=0, chan=136] Received channel close
2026-07-25 21:49:44,628 - asyncssh - INFO - [conn=0, chan=136] Channel closed
2026-07-25 21:49:44,629 - asyncssh - INFO - [conn=0, chan=137] Received exit status 0
2026-07-25 21:49:44,629 - asyncssh - INFO - [conn=0, chan=137] Received channel close
2026-07-25 21:49:44,629 - asyncssh - INFO - [conn=0, chan=137] Channel closed
2026-07-25 21:49:49,630 - asyncssh - INFO - [conn=0, chan=138] Requesting new SSH session
2026-07-25 21:49:49,631 - asyncssh - INFO - [conn=0, chan=139] Requesting new SSH session
2026-07-25 21:49:49,631 - asyncssh - INFO - [conn=0, chan=138]   Command: kubectl logs my-pod -n default --tail=50
2026-07-25 21:49:49,631 - asyncssh - INFO - [conn=0, chan=139]   Command: kubectl logs log-generator -n default --tail=50
2026-07-25 21:49:49,697 - asyncssh - INFO - [conn=0, chan=138] Received exit status 0
2026-07-25 21:49:49,697 - asyncssh - INFO - [conn=0, chan=138] Received channel close
2026-07-25 21:49:49,697 - asyncssh - INFO - [conn=0, chan=138] Channel closed
2026-07-25 21:49:49,698 - asyncssh - INFO - [conn=0, chan=140] Requesting new SSH session
2026-07-25 21:49:49,698 - asyncssh - INFO - [conn=0, chan=140]   Command: kubectl top pod my-pod -n default --no-headers
2026-07-25 21:49:49,700 - asyncssh - INFO - [conn=0, chan=139] Received exit status 0
2026-07-25 21:49:49,700 - asyncssh - INFO - [conn=0, chan=139] Received channel close
2026-07-25 21:49:49,701 - asyncssh - INFO - [conn=0, chan=139] Channel closed
2026-07-25 21:49:49,702 - asyncssh - INFO - [conn=0, chan=141] Requesting new SSH session
2026-07-25 21:49:49,703 - asyncssh - INFO - [conn=0, chan=141]   Command: kubectl top pod log-generator -n default --no-headers
2026-07-25 21:49:49,759 - asyncssh - INFO - [conn=0, chan=140] Received exit status 0
2026-07-25 21:49:49,759 - asyncssh - INFO - [conn=0, chan=140] Received channel close
2026-07-25 21:49:49,759 - asyncssh - INFO - [conn=0, chan=140] Channel closed
2026-07-25 21:49:49,760 - asyncssh - INFO - [conn=0, chan=142] Requesting new SSH session
2026-07-25 21:49:49,760 - asyncssh - INFO - [conn=0, chan=142]   Command: kubectl describe pod my-pod -n default | grep -A 5 'Limits:'
2026-07-25 21:49:49,762 - asyncssh - INFO - [conn=0, chan=141] Received exit status 0
2026-07-25 21:49:49,763 - asyncssh - INFO - [conn=0, chan=141] Received channel close
2026-07-25 21:49:49,763 - asyncssh - INFO - [conn=0, chan=141] Channel closed
2026-07-25 21:49:49,763 - asyncssh - INFO - [conn=0, chan=143] Requesting new SSH session
2026-07-25 21:49:49,764 - asyncssh - INFO - [conn=0, chan=143]   Command: kubectl describe pod log-generator -n default | grep -A 5 'Limits:'
2026-07-25 21:49:49,826 - asyncssh - INFO - [conn=0, chan=142] Received exit status 1
2026-07-25 21:49:49,826 - asyncssh - INFO - [conn=0, chan=142] Received channel close
2026-07-25 21:49:49,826 - asyncssh - INFO - [conn=0, chan=142] Channel closed
2026-07-25 21:49:49,835 - asyncssh - INFO - [conn=0, chan=143] Received exit status 0
2026-07-25 21:49:49,835 - asyncssh - INFO - [conn=0, chan=143] Received channel close
2026-07-25 21:49:49,836 - asyncssh - INFO - [conn=0, chan=143] Channel closed
2026-07-25 21:49:54,828 - asyncssh - INFO - [conn=0, chan=144] Requesting new SSH session
2026-07-25 21:49:54,829 - asyncssh - INFO - [conn=0, chan=144]   Command: kubectl logs my-pod -n default --tail=50
2026-07-25 21:49:54,837 - asyncssh - INFO - [conn=0, chan=145] Requesting new SSH session
2026-07-25 21:49:54,838 - asyncssh - INFO - [conn=0, chan=145]   Command: kubectl logs log-generator -n default --tail=50
2026-07-25 21:49:54,899 - asyncssh - INFO - [conn=0, chan=144] Received exit status 0
2026-07-25 21:49:54,899 - asyncssh - INFO - [conn=0, chan=144] Received channel close
2026-07-25 21:49:54,900 - asyncssh - INFO - [conn=0, chan=144] Channel closed
2026-07-25 21:49:54,900 - asyncssh - INFO - [conn=0, chan=146] Requesting new SSH session
2026-07-25 21:49:54,900 - asyncssh - INFO - [conn=0, chan=146]   Command: kubectl top pod my-pod -n default --no-headers
2026-07-25 21:49:54,918 - asyncssh - INFO - [conn=0, chan=145] Received exit status 0
2026-07-25 21:49:54,918 - asyncssh - INFO - [conn=0, chan=145] Received channel close
2026-07-25 21:49:54,918 - asyncssh - INFO - [conn=0, chan=145] Channel closed
2026-07-25 21:49:54,919 - asyncssh - INFO - [conn=0, chan=147] Requesting new SSH session
2026-07-25 21:49:54,920 - asyncssh - INFO - [conn=0, chan=147]   Command: kubectl top pod log-generator -n default --no-headers
2026-07-25 21:49:54,962 - asyncssh - INFO - [conn=0, chan=146] Received exit status 0
2026-07-25 21:49:54,962 - asyncssh - INFO - [conn=0, chan=146] Received channel close
2026-07-25 21:49:54,962 - asyncssh - INFO - [conn=0, chan=146] Channel closed
2026-07-25 21:49:54,962 - asyncssh - INFO - [conn=0, chan=148] Requesting new SSH session
2026-07-25 21:49:54,963 - asyncssh - INFO - [conn=0, chan=148]   Command: kubectl describe pod my-pod -n default | grep -A 5 'Limits:'
2026-07-25 21:49:54,984 - asyncssh - INFO - [conn=0, chan=147] Received exit status 0
2026-07-25 21:49:54,984 - asyncssh - INFO - [conn=0, chan=147] Received channel close
2026-07-25 21:49:54,985 - asyncssh - INFO - [conn=0, chan=147] Channel closed
2026-07-25 21:49:54,985 - asyncssh - INFO - [conn=0, chan=149] Requesting new SSH session
2026-07-25 21:49:54,985 - asyncssh - INFO - [conn=0, chan=149]   Command: kubectl describe pod log-generator -n default | grep -A 5 'Limits:'
2026-07-25 21:49:55,031 - asyncssh - INFO - [conn=0, chan=148] Received exit status 1
2026-07-25 21:49:55,031 - asyncssh - INFO - [conn=0, chan=148] Received channel close
2026-07-25 21:49:55,032 - asyncssh - INFO - [conn=0, chan=148] Channel closed
2026-07-25 21:49:55,050 - asyncssh - INFO - [conn=0, chan=149] Received exit status 0
2026-07-25 21:49:55,050 - asyncssh - INFO - [conn=0, chan=149] Received channel close
2026-07-25 21:49:55,050 - asyncssh - INFO - [conn=0, chan=149] Channel closed
2026-07-25 21:50:00,034 - asyncssh - INFO - [conn=0, chan=150] Requesting new SSH session
2026-07-25 21:50:00,035 - asyncssh - INFO - [conn=0, chan=150]   Command: kubectl logs my-pod -n default --tail=50
2026-07-25 21:50:00,052 - asyncssh - INFO - [conn=0, chan=151] Requesting new SSH session
2026-07-25 21:50:00,054 - asyncssh - INFO - [conn=0, chan=151]   Command: kubectl logs log-generator -n default --tail=50
2026-07-25 21:50:00,101 - asyncssh - INFO - [conn=0, chan=150] Received exit status 0
2026-07-25 21:50:00,101 - asyncssh - INFO - [conn=0, chan=150] Received channel close
2026-07-25 21:50:00,102 - asyncssh - INFO - [conn=0, chan=150] Channel closed
2026-07-25 21:50:00,102 - asyncssh - INFO - [conn=0, chan=152] Requesting new SSH session
2026-07-25 21:50:00,103 - asyncssh - INFO - [conn=0, chan=152]   Command: kubectl top pod my-pod -n default --no-headers
2026-07-25 21:50:00,120 - asyncssh - INFO - [conn=0, chan=151] Received exit status 0
2026-07-25 21:50:00,120 - asyncssh - INFO - [conn=0, chan=151] Received channel close
2026-07-25 21:50:00,120 - asyncssh - INFO - [conn=0, chan=151] Channel closed
2026-07-25 21:50:00,121 - asyncssh - INFO - [conn=0, chan=153] Requesting new SSH session
2026-07-25 21:50:00,122 - asyncssh - INFO - [conn=0, chan=153]   Command: kubectl top pod log-generator -n default --no-headers
2026-07-25 21:50:00,160 - asyncssh - INFO - [conn=0, chan=152] Received exit status 0
2026-07-25 21:50:00,161 - asyncssh - INFO - [conn=0, chan=152] Received channel close
2026-07-25 21:50:00,161 - asyncssh - INFO - [conn=0, chan=152] Channel closed
2026-07-25 21:50:00,162 - asyncssh - INFO - [conn=0, chan=154] Requesting new SSH session
2026-07-25 21:50:00,162 - asyncssh - INFO - [conn=0, chan=154]   Command: kubectl describe pod my-pod -n default | grep -A 5 'Limits:'
2026-07-25 21:50:00,183 - asyncssh - INFO - [conn=0, chan=153] Received exit status 0
2026-07-25 21:50:00,184 - asyncssh - INFO - [conn=0, chan=153] Received channel close
2026-07-25 21:50:00,184 - asyncssh - INFO - [conn=0, chan=153] Channel closed
2026-07-25 21:50:00,184 - asyncssh - INFO - [conn=0, chan=155] Requesting new SSH session
2026-07-25 21:50:00,185 - asyncssh - INFO - [conn=0, chan=155]   Command: kubectl describe pod log-generator -n default | grep -A 5 'Limits:'
2026-07-25 21:50:00,233 - asyncssh - INFO - [conn=0, chan=154] Received exit status 1
2026-07-25 21:50:00,233 - asyncssh - INFO - [conn=0, chan=154] Received channel close
2026-07-25 21:50:00,233 - asyncssh - INFO - [conn=0, chan=154] Channel closed
2026-07-25 21:50:00,248 - asyncssh - INFO - [conn=0, chan=155] Received exit status 0
2026-07-25 21:50:00,248 - asyncssh - INFO - [conn=0, chan=155] Received channel close
2026-07-25 21:50:00,248 - asyncssh - INFO - [conn=0, chan=155] Channel closed
2026-07-25 21:50:05,235 - asyncssh - INFO - [conn=0, chan=156] Requesting new SSH session
2026-07-25 21:50:05,236 - asyncssh - INFO - [conn=0, chan=156]   Command: kubectl logs my-pod -n default --tail=50
2026-07-25 21:50:05,249 - asyncssh - INFO - [conn=0, chan=157] Requesting new SSH session
2026-07-25 21:50:05,251 - asyncssh - INFO - [conn=0, chan=157]   Command: kubectl logs log-generator -n default --tail=50
2026-07-25 21:50:05,302 - asyncssh - INFO - [conn=0, chan=156] Received exit status 0
2026-07-25 21:50:05,303 - asyncssh - INFO - [conn=0, chan=156] Received channel close
2026-07-25 21:50:05,303 - asyncssh - INFO - [conn=0, chan=156] Channel closed
2026-07-25 21:50:05,304 - asyncssh - INFO - [conn=0, chan=158] Requesting new SSH session
2026-07-25 21:50:05,304 - asyncssh - INFO - [conn=0, chan=158]   Command: kubectl top pod my-pod -n default --no-headers
2026-07-25 21:50:05,322 - asyncssh - INFO - [conn=0, chan=157] Received exit status 0
2026-07-25 21:50:05,322 - asyncssh - INFO - [conn=0, chan=157] Received channel close
2026-07-25 21:50:05,323 - asyncssh - INFO - [conn=0, chan=157] Channel closed
2026-07-25 21:50:05,324 - asyncssh - INFO - [conn=0, chan=159] Requesting new SSH session
2026-07-25 21:50:05,324 - asyncssh - INFO - [conn=0, chan=159]   Command: kubectl top pod log-generator -n default --no-headers
2026-07-25 21:50:05,365 - asyncssh - INFO - [conn=0, chan=158] Received exit status 0
2026-07-25 21:50:05,365 - asyncssh - INFO - [conn=0, chan=158] Received channel close
2026-07-25 21:50:05,366 - asyncssh - INFO - [conn=0, chan=158] Channel closed
2026-07-25 21:50:05,366 - asyncssh - INFO - [conn=0, chan=160] Requesting new SSH session
2026-07-25 21:50:05,366 - asyncssh - INFO - [conn=0, chan=160]   Command: kubectl describe pod my-pod -n default | grep -A 5 'Limits:'
2026-07-25 21:50:05,388 - asyncssh - INFO - [conn=0, chan=159] Received exit status 0
2026-07-25 21:50:05,388 - asyncssh - INFO - [conn=0, chan=159] Received channel close
2026-07-25 21:50:05,388 - asyncssh - INFO - [conn=0, chan=159] Channel closed
2026-07-25 21:50:05,388 - asyncssh - INFO - [conn=0, chan=161] Requesting new SSH session
2026-07-25 21:50:05,389 - asyncssh - INFO - [conn=0, chan=161]   Command: kubectl describe pod log-generator -n default | grep -A 5 'Limits:'
2026-07-25 21:50:05,435 - asyncssh - INFO - [conn=0, chan=160] Received exit status 1
2026-07-25 21:50:05,435 - asyncssh - INFO - [conn=0, chan=160] Received channel close
2026-07-25 21:50:05,436 - asyncssh - INFO - [conn=0, chan=160] Channel closed
2026-07-25 21:50:05,460 - asyncssh - INFO - [conn=0, chan=161] Received exit status 0
2026-07-25 21:50:05,460 - asyncssh - INFO - [conn=0, chan=161] Received channel close
2026-07-25 21:50:05,461 - asyncssh - INFO - [conn=0, chan=161] Channel closed
2026-07-25 21:50:10,437 - asyncssh - INFO - [conn=0, chan=162] Requesting new SSH session
2026-07-25 21:50:10,438 - asyncssh - INFO - [conn=0, chan=162]   Command: kubectl logs my-pod -n default --tail=50
2026-07-25 21:50:10,462 - asyncssh - INFO - [conn=0, chan=163] Requesting new SSH session
2026-07-25 21:50:10,463 - asyncssh - INFO - [conn=0, chan=163]   Command: kubectl logs log-generator -n default --tail=50
2026-07-25 21:50:10,504 - asyncssh - INFO - [conn=0, chan=162] Received exit status 0
2026-07-25 21:50:10,504 - asyncssh - INFO - [conn=0, chan=162] Received channel close
2026-07-25 21:50:10,505 - asyncssh - INFO - [conn=0, chan=162] Channel closed
2026-07-25 21:50:10,505 - asyncssh - INFO - [conn=0, chan=164] Requesting new SSH session
2026-07-25 21:50:10,506 - asyncssh - INFO - [conn=0, chan=164]   Command: kubectl top pod my-pod -n default --no-headers
2026-07-25 21:50:10,531 - asyncssh - INFO - [conn=0, chan=163] Received exit status 0
2026-07-25 21:50:10,531 - asyncssh - INFO - [conn=0, chan=163] Received channel close
2026-07-25 21:50:10,532 - asyncssh - INFO - [conn=0, chan=163] Channel closed
2026-07-25 21:50:10,533 - asyncssh - INFO - [conn=0, chan=165] Requesting new SSH session
2026-07-25 21:50:10,533 - asyncssh - INFO - [conn=0, chan=165]   Command: kubectl top pod log-generator -n default --no-headers
2026-07-25 21:50:10,567 - asyncssh - INFO - [conn=0, chan=164] Received exit status 0
2026-07-25 21:50:10,568 - asyncssh - INFO - [conn=0, chan=164] Received channel close
2026-07-25 21:50:10,568 - asyncssh - INFO - [conn=0, chan=164] Channel closed
2026-07-25 21:50:10,568 - asyncssh - INFO - [conn=0, chan=166] Requesting new SSH session
2026-07-25 21:50:10,569 - asyncssh - INFO - [conn=0, chan=166]   Command: kubectl describe pod my-pod -n default | grep -A 5 'Limits:'
2026-07-25 21:50:10,597 - asyncssh - INFO - [conn=0, chan=165] Received exit status 0
2026-07-25 21:50:10,598 - asyncssh - INFO - [conn=0, chan=165] Received channel close
2026-07-25 21:50:10,598 - asyncssh - INFO - [conn=0, chan=165] Channel closed
2026-07-25 21:50:10,598 - asyncssh - INFO - [conn=0, chan=167] Requesting new SSH session
2026-07-25 21:50:10,599 - asyncssh - INFO - [conn=0, chan=167]   Command: kubectl describe pod log-generator -n default | grep -A 5 'Limits:'
2026-07-25 21:50:10,632 - asyncssh - INFO - [conn=0, chan=166] Received exit status 1
2026-07-25 21:50:10,633 - asyncssh - INFO - [conn=0, chan=166] Received channel close
2026-07-25 21:50:10,633 - asyncssh - INFO - [conn=0, chan=166] Channel closed
2026-07-25 21:50:10,662 - asyncssh - INFO - [conn=0, chan=167] Received exit status 0
2026-07-25 21:50:10,662 - asyncssh - INFO - [conn=0, chan=167] Received channel close
2026-07-25 21:50:10,663 - asyncssh - INFO - [conn=0, chan=167] Channel closed
2026-07-25 21:50:15,635 - asyncssh - INFO - [conn=0, chan=168] Requesting new SSH session
2026-07-25 21:50:15,636 - asyncssh - INFO - [conn=0, chan=168]   Command: kubectl logs my-pod -n default --tail=50
2026-07-25 21:50:15,664 - asyncssh - INFO - [conn=0, chan=169] Requesting new SSH session
2026-07-25 21:50:15,665 - asyncssh - INFO - [conn=0, chan=169]   Command: kubectl logs log-generator -n default --tail=50
2026-07-25 21:50:15,704 - asyncssh - INFO - [conn=0, chan=168] Received exit status 0
2026-07-25 21:50:15,704 - asyncssh - INFO - [conn=0, chan=168] Received channel close
2026-07-25 21:50:15,704 - asyncssh - INFO - [conn=0, chan=168] Channel closed
2026-07-25 21:50:15,705 - asyncssh - INFO - [conn=0, chan=170] Requesting new SSH session
2026-07-25 21:50:15,705 - asyncssh - INFO - [conn=0, chan=170]   Command: kubectl top pod my-pod -n default --no-headers
2026-07-25 21:50:15,736 - asyncssh - INFO - [conn=0, chan=169] Received exit status 0
2026-07-25 21:50:15,736 - asyncssh - INFO - [conn=0, chan=169] Received channel close
2026-07-25 21:50:15,736 - asyncssh - INFO - [conn=0, chan=169] Channel closed
2026-07-25 21:50:15,737 - asyncssh - INFO - [conn=0, chan=171] Requesting new SSH session
2026-07-25 21:50:15,738 - asyncssh - INFO - [conn=0, chan=171]   Command: kubectl top pod log-generator -n default --no-headers
2026-07-25 21:50:15,772 - asyncssh - INFO - [conn=0, chan=170] Received exit status 0
2026-07-25 21:50:15,772 - asyncssh - INFO - [conn=0, chan=170] Received channel close
2026-07-25 21:50:15,773 - asyncssh - INFO - [conn=0, chan=170] Channel closed
2026-07-25 21:50:15,773 - asyncssh - INFO - [conn=0, chan=172] Requesting new SSH session
2026-07-25 21:50:15,774 - asyncssh - INFO - [conn=0, chan=172]   Command: kubectl describe pod my-pod -n default | grep -A 5 'Limits:'
2026-07-25 21:50:15,804 - asyncssh - INFO - [conn=0, chan=171] Received exit status 0
2026-07-25 21:50:15,804 - asyncssh - INFO - [conn=0, chan=171] Received channel close
2026-07-25 21:50:15,805 - asyncssh - INFO - [conn=0, chan=171] Channel closed
2026-07-25 21:50:15,805 - asyncssh - INFO - [conn=0, chan=173] Requesting new SSH session
2026-07-25 21:50:15,806 - asyncssh - INFO - [conn=0, chan=173]   Command: kubectl describe pod log-generator -n default | grep -A 5 'Limits:'
2026-07-25 21:50:15,836 - asyncssh - INFO - [conn=0, chan=172] Received exit status 1
2026-07-25 21:50:15,836 - asyncssh - INFO - [conn=0, chan=172] Received channel close
2026-07-25 21:50:15,837 - asyncssh - INFO - [conn=0, chan=172] Channel closed
2026-07-25 21:50:15,878 - asyncssh - INFO - [conn=0, chan=173] Received exit status 0
2026-07-25 21:50:15,878 - asyncssh - INFO - [conn=0, chan=173] Received channel close
2026-07-25 21:50:15,881 - asyncssh - INFO - [conn=0, chan=173] Channel closed
2026-07-25 21:50:20,838 - asyncssh - INFO - [conn=0, chan=174] Requesting new SSH session
2026-07-25 21:50:20,839 - asyncssh - INFO - [conn=0, chan=174]   Command: kubectl logs my-pod -n default --tail=50
2026-07-25 21:50:20,884 - asyncssh - INFO - [conn=0, chan=175] Requesting new SSH session
2026-07-25 21:50:20,885 - asyncssh - INFO - [conn=0, chan=175]   Command: kubectl logs log-generator -n default --tail=50
2026-07-25 21:50:20,906 - asyncssh - INFO - [conn=0, chan=174] Received exit status 0
2026-07-25 21:50:20,906 - asyncssh - INFO - [conn=0, chan=174] Received channel close
2026-07-25 21:50:20,906 - asyncssh - INFO - [conn=0, chan=174] Channel closed
2026-07-25 21:50:20,907 - asyncssh - INFO - [conn=0, chan=176] Requesting new SSH session
2026-07-25 21:50:20,908 - asyncssh - INFO - [conn=0, chan=176]   Command: kubectl top pod my-pod -n default --no-headers
2026-07-25 21:50:20,954 - asyncssh - INFO - [conn=0, chan=175] Received exit status 0
2026-07-25 21:50:20,954 - asyncssh - INFO - [conn=0, chan=175] Received channel close
2026-07-25 21:50:20,955 - asyncssh - INFO - [conn=0, chan=175] Channel closed
2026-07-25 21:50:20,956 - asyncssh - INFO - [conn=0, chan=177] Requesting new SSH session
2026-07-25 21:50:20,956 - asyncssh - INFO - [conn=0, chan=177]   Command: kubectl top pod log-generator -n default --no-headers
2026-07-25 21:50:20,966 - asyncssh - INFO - [conn=0, chan=176] Received exit status 0
2026-07-25 21:50:20,966 - asyncssh - INFO - [conn=0, chan=176] Received channel close
2026-07-25 21:50:20,967 - asyncssh - INFO - [conn=0, chan=176] Channel closed
2026-07-25 21:50:20,967 - asyncssh - INFO - [conn=0, chan=178] Requesting new SSH session
2026-07-25 21:50:20,967 - asyncssh - INFO - [conn=0, chan=178]   Command: kubectl describe pod my-pod -n default | grep -A 5 'Limits:'
2026-07-25 21:50:21,020 - asyncssh - INFO - [conn=0, chan=177] Received exit status 0
2026-07-25 21:50:21,021 - asyncssh - INFO - [conn=0, chan=177] Received channel close
2026-07-25 21:50:21,021 - asyncssh - INFO - [conn=0, chan=177] Channel closed
2026-07-25 21:50:21,021 - asyncssh - INFO - [conn=0, chan=179] Requesting new SSH session
2026-07-25 21:50:21,022 - asyncssh - INFO - [conn=0, chan=179]   Command: kubectl describe pod log-generator -n default | grep -A 5 'Limits:'
2026-07-25 21:50:21,034 - asyncssh - INFO - [conn=0, chan=178] Received exit status 1
2026-07-25 21:50:21,034 - asyncssh - INFO - [conn=0, chan=178] Received channel close
2026-07-25 21:50:21,034 - asyncssh - INFO - [conn=0, chan=178] Channel closed
2026-07-25 21:50:21,087 - asyncssh - INFO - [conn=0, chan=179] Received exit status 0
2026-07-25 21:50:21,087 - asyncssh - INFO - [conn=0, chan=179] Received channel close
2026-07-25 21:50:21,087 - asyncssh - INFO - [conn=0, chan=179] Channel closed
2026-07-25 21:50:26,036 - asyncssh - INFO - [conn=0, chan=180] Requesting new SSH session
2026-07-25 21:50:26,037 - asyncssh - INFO - [conn=0, chan=180]   Command: kubectl logs my-pod -n default --tail=50
2026-07-25 21:50:26,089 - asyncssh - INFO - [conn=0, chan=181] Requesting new SSH session
2026-07-25 21:50:26,089 - asyncssh - INFO - [conn=0, chan=181]   Command: kubectl logs log-generator -n default --tail=50
2026-07-25 21:50:26,105 - asyncssh - INFO - [conn=0, chan=180] Received exit status 0
2026-07-25 21:50:26,106 - asyncssh - INFO - [conn=0, chan=180] Received channel close
2026-07-25 21:50:26,106 - asyncssh - INFO - [conn=0, chan=180] Channel closed
2026-07-25 21:50:26,107 - asyncssh - INFO - [conn=0, chan=182] Requesting new SSH session
2026-07-25 21:50:26,108 - asyncssh - INFO - [conn=0, chan=182]   Command: kubectl top pod my-pod -n default --no-headers
2026-07-25 21:50:26,157 - asyncssh - INFO - [conn=0, chan=181] Received exit status 0
2026-07-25 21:50:26,157 - asyncssh - INFO - [conn=0, chan=181] Received channel close
2026-07-25 21:50:26,158 - asyncssh - INFO - [conn=0, chan=181] Channel closed
2026-07-25 21:50:26,158 - asyncssh - INFO - [conn=0, chan=183] Requesting new SSH session
2026-07-25 21:50:26,159 - asyncssh - INFO - [conn=0, chan=183]   Command: kubectl top pod log-generator -n default --no-headers
2026-07-25 21:50:26,172 - asyncssh - INFO - [conn=0, chan=182] Received exit status 0
2026-07-25 21:50:26,172 - asyncssh - INFO - [conn=0, chan=182] Received channel close
2026-07-25 21:50:26,173 - asyncssh - INFO - [conn=0, chan=182] Channel closed
2026-07-25 21:50:26,173 - asyncssh - INFO - [conn=0, chan=184] Requesting new SSH session
2026-07-25 21:50:26,173 - asyncssh - INFO - [conn=0, chan=184]   Command: kubectl describe pod my-pod -n default | grep -A 5 'Limits:'
2026-07-25 21:50:26,226 - asyncssh - INFO - [conn=0, chan=183] Received exit status 0
2026-07-25 21:50:26,226 - asyncssh - INFO - [conn=0, chan=183] Received channel close
2026-07-25 21:50:26,227 - asyncssh - INFO - [conn=0, chan=183] Channel closed
2026-07-25 21:50:26,227 - asyncssh - INFO - [conn=0, chan=185] Requesting new SSH session
2026-07-25 21:50:26,227 - asyncssh - INFO - [conn=0, chan=185]   Command: kubectl describe pod log-generator -n default | grep -A 5 'Limits:'
2026-07-25 21:50:26,241 - asyncssh - INFO - [conn=0, chan=184] Received exit status 1
2026-07-25 21:50:26,241 - asyncssh - INFO - [conn=0, chan=184] Received channel close
2026-07-25 21:50:26,241 - asyncssh - INFO - [conn=0, chan=184] Channel closed
2026-07-25 21:50:26,287 - asyncssh - INFO - [conn=0, chan=185] Received exit status 0
2026-07-25 21:50:26,287 - asyncssh - INFO - [conn=0, chan=185] Received channel close
2026-07-25 21:50:26,287 - asyncssh - INFO - [conn=0, chan=185] Channel closed
2026-07-25 21:50:31,243 - asyncssh - INFO - [conn=0, chan=186] Requesting new SSH session
2026-07-25 21:50:31,244 - asyncssh - INFO - [conn=0, chan=186]   Command: kubectl logs my-pod -n default --tail=50
2026-07-25 21:50:31,288 - asyncssh - INFO - [conn=0, chan=187] Requesting new SSH session
2026-07-25 21:50:31,289 - asyncssh - INFO - [conn=0, chan=187]   Command: kubectl logs log-generator -n default --tail=50
2026-07-25 21:50:31,311 - asyncssh - INFO - [conn=0, chan=186] Received exit status 0
2026-07-25 21:50:31,311 - asyncssh - INFO - [conn=0, chan=186] Received channel close
2026-07-25 21:50:31,311 - asyncssh - INFO - [conn=0, chan=186] Channel closed
2026-07-25 21:50:31,311 - asyncssh - INFO - [conn=0, chan=188] Requesting new SSH session
2026-07-25 21:50:31,312 - asyncssh - INFO - [conn=0, chan=188]   Command: kubectl top pod my-pod -n default --no-headers
2026-07-25 21:50:31,357 - asyncssh - INFO - [conn=0, chan=187] Received exit status 0
2026-07-25 21:50:31,357 - asyncssh - INFO - [conn=0, chan=187] Received channel close
2026-07-25 21:50:31,357 - asyncssh - INFO - [conn=0, chan=187] Channel closed
2026-07-25 21:50:31,358 - asyncssh - INFO - [conn=0, chan=189] Requesting new SSH session
2026-07-25 21:50:31,358 - asyncssh - INFO - [conn=0, chan=189]   Command: kubectl top pod log-generator -n default --no-headers
2026-07-25 21:50:31,372 - asyncssh - INFO - [conn=0, chan=188] Received exit status 0
2026-07-25 21:50:31,372 - asyncssh - INFO - [conn=0, chan=188] Received channel close
2026-07-25 21:50:31,373 - asyncssh - INFO - [conn=0, chan=188] Channel closed
2026-07-25 21:50:31,373 - asyncssh - INFO - [conn=0, chan=190] Requesting new SSH session
2026-07-25 21:50:31,373 - asyncssh - INFO - [conn=0, chan=190]   Command: kubectl describe pod my-pod -n default | grep -A 5 'Limits:'
2026-07-25 21:50:31,424 - asyncssh - INFO - [conn=0, chan=189] Received exit status 0
2026-07-25 21:50:31,425 - asyncssh - INFO - [conn=0, chan=189] Received channel close
2026-07-25 21:50:31,425 - asyncssh - INFO - [conn=0, chan=189] Channel closed
2026-07-25 21:50:31,426 - asyncssh - INFO - [conn=0, chan=191] Requesting new SSH session
2026-07-25 21:50:31,427 - asyncssh - INFO - [conn=0, chan=191]   Command: kubectl describe pod log-generator -n default | grep -A 5 'Limits:'
2026-07-25 21:50:31,439 - asyncssh - INFO - [conn=0, chan=190] Received exit status 1
2026-07-25 21:50:31,440 - asyncssh - INFO - [conn=0, chan=190] Received channel close
2026-07-25 21:50:31,440 - asyncssh - INFO - [conn=0, chan=190] Channel closed
2026-07-25 21:50:31,483 - asyncssh - INFO - [conn=0, chan=191] Received exit status 0
2026-07-25 21:50:31,484 - asyncssh - INFO - [conn=0, chan=191] Received channel close
2026-07-25 21:50:31,484 - asyncssh - INFO - [conn=0, chan=191] Channel closed
2026-07-25 21:50:36,442 - asyncssh - INFO - [conn=0, chan=192] Requesting new SSH session
2026-07-25 21:50:36,443 - asyncssh - INFO - [conn=0, chan=192]   Command: kubectl logs my-pod -n default --tail=50
2026-07-25 21:50:36,485 - asyncssh - INFO - [conn=0, chan=193] Requesting new SSH session
2026-07-25 21:50:36,486 - asyncssh - INFO - [conn=0, chan=193]   Command: kubectl logs log-generator -n default --tail=50
2026-07-25 21:50:36,510 - asyncssh - INFO - [conn=0, chan=192] Received exit status 0
2026-07-25 21:50:36,510 - asyncssh - INFO - [conn=0, chan=192] Received channel close
2026-07-25 21:50:36,510 - asyncssh - INFO - [conn=0, chan=192] Channel closed
2026-07-25 21:50:36,510 - asyncssh - INFO - [conn=0, chan=194] Requesting new SSH session
2026-07-25 21:50:36,511 - asyncssh - INFO - [conn=0, chan=194]   Command: kubectl top pod my-pod -n default --no-headers
2026-07-25 21:50:36,557 - asyncssh - INFO - [conn=0, chan=193] Received exit status 0
2026-07-25 21:50:36,558 - asyncssh - INFO - [conn=0, chan=193] Received channel close
2026-07-25 21:50:36,558 - asyncssh - INFO - [conn=0, chan=193] Channel closed
2026-07-25 21:50:36,558 - asyncssh - INFO - [conn=0, chan=195] Requesting new SSH session
2026-07-25 21:50:36,559 - asyncssh - INFO - [conn=0, chan=195]   Command: kubectl top pod log-generator -n default --no-headers
2026-07-25 21:50:36,576 - asyncssh - INFO - [conn=0, chan=194] Received exit status 0
2026-07-25 21:50:36,576 - asyncssh - INFO - [conn=0, chan=194] Received channel close
2026-07-25 21:50:36,576 - asyncssh - INFO - [conn=0, chan=194] Channel closed
2026-07-25 21:50:36,577 - asyncssh - INFO - [conn=0, chan=196] Requesting new SSH session
2026-07-25 21:50:36,577 - asyncssh - INFO - [conn=0, chan=196]   Command: kubectl describe pod my-pod -n default | grep -A 5 'Limits:'
2026-07-25 21:50:36,621 - asyncssh - INFO - [conn=0, chan=195] Received exit status 0
2026-07-25 21:50:36,621 - asyncssh - INFO - [conn=0, chan=195] Received channel close
2026-07-25 21:50:36,621 - asyncssh - INFO - [conn=0, chan=195] Channel closed
2026-07-25 21:50:36,622 - asyncssh - INFO - [conn=0, chan=197] Requesting new SSH session
2026-07-25 21:50:36,622 - asyncssh - INFO - [conn=0, chan=197]   Command: kubectl describe pod log-generator -n default | grep -A 5 'Limits:'
2026-07-25 21:50:36,644 - asyncssh - INFO - [conn=0, chan=196] Received exit status 1
2026-07-25 21:50:36,645 - asyncssh - INFO - [conn=0, chan=196] Received channel close
2026-07-25 21:50:36,646 - asyncssh - INFO - [conn=0, chan=196] Channel closed
2026-07-25 21:50:36,681 - asyncssh - INFO - [conn=0, chan=197] Received exit status 0
2026-07-25 21:50:36,681 - asyncssh - INFO - [conn=0, chan=197] Received channel close
2026-07-25 21:50:36,681 - asyncssh - INFO - [conn=0, chan=197] Channel closed
2026-07-25 21:50:41,648 - asyncssh - INFO - [conn=0, chan=198] Requesting new SSH session
2026-07-25 21:50:41,649 - asyncssh - INFO - [conn=0, chan=198]   Command: kubectl logs my-pod -n default --tail=50
2026-07-25 21:50:41,682 - asyncssh - INFO - [conn=0, chan=199] Requesting new SSH session
2026-07-25 21:50:41,683 - asyncssh - INFO - [conn=0, chan=199]   Command: kubectl logs log-generator -n default --tail=50
2026-07-25 21:50:41,716 - asyncssh - INFO - [conn=0, chan=198] Received exit status 0
2026-07-25 21:50:41,716 - asyncssh - INFO - [conn=0, chan=198] Received channel close
2026-07-25 21:50:41,716 - asyncssh - INFO - [conn=0, chan=198] Channel closed
2026-07-25 21:50:41,717 - asyncssh - INFO - [conn=0, chan=200] Requesting new SSH session
2026-07-25 21:50:41,717 - asyncssh - INFO - [conn=0, chan=200]   Command: kubectl top pod my-pod -n default --no-headers
2026-07-25 21:50:41,752 - asyncssh - INFO - [conn=0, chan=199] Received exit status 0
2026-07-25 21:50:41,752 - asyncssh - INFO - [conn=0, chan=199] Received channel close
2026-07-25 21:50:41,752 - asyncssh - INFO - [conn=0, chan=199] Channel closed
2026-07-25 21:50:41,753 - asyncssh - INFO - [conn=0, chan=201] Requesting new SSH session
2026-07-25 21:50:41,754 - asyncssh - INFO - [conn=0, chan=201]   Command: kubectl top pod log-generator -n default --no-headers
2026-07-25 21:50:41,782 - asyncssh - INFO - [conn=0, chan=200] Received exit status 0
2026-07-25 21:50:41,783 - asyncssh - INFO - [conn=0, chan=200] Received channel close
2026-07-25 21:50:41,783 - asyncssh - INFO - [conn=0, chan=200] Channel closed
2026-07-25 21:50:41,783 - asyncssh - INFO - [conn=0, chan=202] Requesting new SSH session
2026-07-25 21:50:41,784 - asyncssh - INFO - [conn=0, chan=202]   Command: kubectl describe pod my-pod -n default | grep -A 5 'Limits:'
2026-07-25 21:50:41,816 - asyncssh - INFO - [conn=0, chan=201] Received exit status 0
2026-07-25 21:50:41,816 - asyncssh - INFO - [conn=0, chan=201] Received channel close
2026-07-25 21:50:41,817 - asyncssh - INFO - [conn=0, chan=201] Channel closed
2026-07-25 21:50:41,817 - asyncssh - INFO - [conn=0, chan=203] Requesting new SSH session
2026-07-25 21:50:41,817 - asyncssh - INFO - [conn=0, chan=203]   Command: kubectl describe pod log-generator -n default | grep -A 5 'Limits:'
2026-07-25 21:50:41,870 - asyncssh - INFO - [conn=0, chan=202] Received exit status 1
2026-07-25 21:50:41,870 - asyncssh - INFO - [conn=0, chan=202] Received channel close
2026-07-25 21:50:41,871 - asyncssh - INFO - [conn=0, chan=202] Channel closed
2026-07-25 21:50:41,896 - asyncssh - INFO - [conn=0, chan=203] Received exit status 0
2026-07-25 21:50:41,897 - asyncssh - INFO - [conn=0, chan=203] Received channel close
2026-07-25 21:50:41,897 - asyncssh - INFO - [conn=0, chan=203] Channel closed
2026-07-25 21:50:46,886 - asyncssh - INFO - [conn=0, chan=204] Requesting new SSH session
2026-07-25 21:50:46,887 - asyncssh - INFO - [conn=0, chan=204]   Command: kubectl logs my-pod -n default --tail=50
2026-07-25 21:50:46,899 - asyncssh - INFO - [conn=0, chan=205] Requesting new SSH session
2026-07-25 21:50:46,901 - asyncssh - INFO - [conn=0, chan=205]   Command: kubectl logs log-generator -n default --tail=50
2026-07-25 21:50:46,960 - asyncssh - INFO - [conn=0, chan=204] Received exit status 0
2026-07-25 21:50:46,960 - asyncssh - INFO - [conn=0, chan=204] Received channel close
2026-07-25 21:50:46,961 - asyncssh - INFO - [conn=0, chan=204] Channel closed
2026-07-25 21:50:46,961 - asyncssh - INFO - [conn=0, chan=206] Requesting new SSH session
2026-07-25 21:50:46,962 - asyncssh - INFO - [conn=0, chan=206]   Command: kubectl top pod my-pod -n default --no-headers
2026-07-25 21:50:46,971 - asyncssh - INFO - [conn=0, chan=205] Received exit status 0
2026-07-25 21:50:46,972 - asyncssh - INFO - [conn=0, chan=205] Received channel close
2026-07-25 21:50:46,972 - asyncssh - INFO - [conn=0, chan=205] Channel closed
2026-07-25 21:50:46,973 - asyncssh - INFO - [conn=0, chan=207] Requesting new SSH session
2026-07-25 21:50:46,974 - asyncssh - INFO - [conn=0, chan=207]   Command: kubectl top pod log-generator -n default --no-headers
2026-07-25 21:50:47,025 - asyncssh - INFO - [conn=0, chan=206] Received exit status 0
2026-07-25 21:50:47,025 - asyncssh - INFO - [conn=0, chan=206] Received channel close
2026-07-25 21:50:47,026 - asyncssh - INFO - [conn=0, chan=206] Channel closed
2026-07-25 21:50:47,026 - asyncssh - INFO - [conn=0, chan=208] Requesting new SSH session
2026-07-25 21:50:47,026 - asyncssh - INFO - [conn=0, chan=208]   Command: kubectl describe pod my-pod -n default | grep -A 5 'Limits:'
2026-07-25 21:50:47,034 - asyncssh - INFO - [conn=0, chan=207] Received exit status 0
2026-07-25 21:50:47,034 - asyncssh - INFO - [conn=0, chan=207] Received channel close
2026-07-25 21:50:47,035 - asyncssh - INFO - [conn=0, chan=207] Channel closed
2026-07-25 21:50:47,035 - asyncssh - INFO - [conn=0, chan=209] Requesting new SSH session
2026-07-25 21:50:47,036 - asyncssh - INFO - [conn=0, chan=209]   Command: kubectl describe pod log-generator -n default | grep -A 5 'Limits:'
2026-07-25 21:50:47,097 - asyncssh - INFO - [conn=0, chan=208] Received exit status 1
2026-07-25 21:50:47,098 - asyncssh - INFO - [conn=0, chan=208] Received channel close
2026-07-25 21:50:47,098 - asyncssh - INFO - [conn=0, chan=208] Channel closed
2026-07-25 21:50:47,102 - asyncssh - INFO - [conn=0, chan=209] Received exit status 0
2026-07-25 21:50:47,103 - asyncssh - INFO - [conn=0, chan=209] Received channel close
2026-07-25 21:50:47,103 - asyncssh - INFO - [conn=0, chan=209] Channel closed
2026-07-25 21:50:52,099 - asyncssh - INFO - [conn=0, chan=210] Requesting new SSH session
2026-07-25 21:50:52,100 - asyncssh - INFO - [conn=0, chan=210]   Command: kubectl logs my-pod -n default --tail=50
2026-07-25 21:50:52,104 - asyncssh - INFO - [conn=0, chan=211] Requesting new SSH session
2026-07-25 21:50:52,105 - asyncssh - INFO - [conn=0, chan=211]   Command: kubectl logs log-generator -n default --tail=50
2026-07-25 21:50:52,167 - asyncssh - INFO - [conn=0, chan=210] Received exit status 0
2026-07-25 21:50:52,167 - asyncssh - INFO - [conn=0, chan=210] Received channel close
2026-07-25 21:50:52,168 - asyncssh - INFO - [conn=0, chan=210] Channel closed
2026-07-25 21:50:52,168 - asyncssh - INFO - [conn=0, chan=211] Received exit status 0
2026-07-25 21:50:52,168 - asyncssh - INFO - [conn=0, chan=211] Received channel close
2026-07-25 21:50:52,169 - asyncssh - INFO - [conn=0, chan=212] Requesting new SSH session
2026-07-25 21:50:52,169 - asyncssh - INFO - [conn=0, chan=211] Channel closed
2026-07-25 21:50:52,169 - asyncssh - INFO - [conn=0, chan=213] Requesting new SSH session
2026-07-25 21:50:52,170 - asyncssh - INFO - [conn=0, chan=212]   Command: kubectl top pod my-pod -n default --no-headers
2026-07-25 21:50:52,170 - asyncssh - INFO - [conn=0, chan=213]   Command: kubectl top pod log-generator -n default --no-headers
2026-07-25 21:50:52,230 - asyncssh - INFO - [conn=0, chan=212] Received exit status 0
2026-07-25 21:50:52,230 - asyncssh - INFO - [conn=0, chan=212] Received channel close
2026-07-25 21:50:52,231 - asyncssh - INFO - [conn=0, chan=212] Channel closed
2026-07-25 21:50:52,231 - asyncssh - INFO - [conn=0, chan=214] Requesting new SSH session
2026-07-25 21:50:52,231 - asyncssh - INFO - [conn=0, chan=213] Received exit status 0
2026-07-25 21:50:52,231 - asyncssh - INFO - [conn=0, chan=213] Received channel close
2026-07-25 21:50:52,232 - asyncssh - INFO - [conn=0, chan=213] Channel closed
2026-07-25 21:50:52,232 - asyncssh - INFO - [conn=0, chan=215] Requesting new SSH session
2026-07-25 21:50:52,232 - asyncssh - INFO - [conn=0, chan=214]   Command: kubectl describe pod my-pod -n default | grep -A 5 'Limits:'
2026-07-25 21:50:52,233 - asyncssh - INFO - [conn=0, chan=215]   Command: kubectl describe pod log-generator -n default | grep -A 5 'Limits:'
2026-07-25 21:50:52,298 - asyncssh - INFO - [conn=0, chan=214] Received exit status 1
2026-07-25 21:50:52,298 - asyncssh - INFO - [conn=0, chan=214] Received channel close
2026-07-25 21:50:52,299 - asyncssh - INFO - [conn=0, chan=214] Channel closed
2026-07-25 21:50:52,302 - asyncssh - INFO - [conn=0, chan=215] Received exit status 0
2026-07-25 21:50:52,302 - asyncssh - INFO - [conn=0, chan=215] Received channel close
2026-07-25 21:50:52,303 - asyncssh - INFO - [conn=0, chan=215] Channel closed
2026-07-25 21:50:57,300 - asyncssh - INFO - [conn=0, chan=216] Requesting new SSH session
2026-07-25 21:50:57,301 - asyncssh - INFO - [conn=0, chan=216]   Command: kubectl logs my-pod -n default --tail=50
2026-07-25 21:50:57,304 - asyncssh - INFO - [conn=0, chan=217] Requesting new SSH session
2026-07-25 21:50:57,304 - asyncssh - INFO - [conn=0, chan=217]   Command: kubectl logs log-generator -n default --tail=50
2026-07-25 21:50:57,365 - asyncssh - INFO - [conn=0, chan=216] Received exit status 0
2026-07-25 21:50:57,365 - asyncssh - INFO - [conn=0, chan=216] Received channel close
2026-07-25 21:50:57,366 - asyncssh - INFO - [conn=0, chan=216] Channel closed
2026-07-25 21:50:57,367 - asyncssh - INFO - [conn=0, chan=218] Requesting new SSH session
2026-07-25 21:50:57,368 - asyncssh - INFO - [conn=0, chan=218]   Command: kubectl top pod my-pod -n default --no-headers
2026-07-25 21:50:57,369 - asyncssh - INFO - [conn=0, chan=217] Received exit status 0
2026-07-25 21:50:57,370 - asyncssh - INFO - [conn=0, chan=217] Received channel close
2026-07-25 21:50:57,370 - asyncssh - INFO - [conn=0, chan=217] Channel closed
2026-07-25 21:50:57,371 - asyncssh - INFO - [conn=0, chan=219] Requesting new SSH session
2026-07-25 21:50:57,372 - asyncssh - INFO - [conn=0, chan=219]   Command: kubectl top pod log-generator -n default --no-headers
2026-07-25 21:50:57,431 - asyncssh - INFO - [conn=0, chan=218] Received exit status 0
2026-07-25 21:50:57,431 - asyncssh - INFO - [conn=0, chan=218] Received channel close
2026-07-25 21:50:57,431 - asyncssh - INFO - [conn=0, chan=218] Channel closed
2026-07-25 21:50:57,432 - asyncssh - INFO - [conn=0, chan=220] Requesting new SSH session
2026-07-25 21:50:57,432 - asyncssh - INFO - [conn=0, chan=219] Received exit status 0
2026-07-25 21:50:57,432 - asyncssh - INFO - [conn=0, chan=219] Received channel close
2026-07-25 21:50:57,433 - asyncssh - INFO - [conn=0, chan=219] Channel closed
2026-07-25 21:50:57,433 - asyncssh - INFO - [conn=0, chan=221] Requesting new SSH session
2026-07-25 21:50:57,433 - asyncssh - INFO - [conn=0, chan=220]   Command: kubectl describe pod my-pod -n default | grep -A 5 'Limits:'
2026-07-25 21:50:57,433 - asyncssh - INFO - [conn=0, chan=221]   Command: kubectl describe pod log-generator -n default | grep -A 5 'Limits:'
2026-07-25 21:50:57,495 - asyncssh - INFO - [conn=0, chan=221] Received exit status 0
2026-07-25 21:50:57,496 - asyncssh - INFO - [conn=0, chan=221] Received channel close
2026-07-25 21:50:57,496 - asyncssh - INFO - [conn=0, chan=221] Channel closed
2026-07-25 21:50:57,496 - asyncssh - INFO - [conn=0, chan=220] Received exit status 1
2026-07-25 21:50:57,496 - asyncssh - INFO - [conn=0, chan=220] Received channel close
2026-07-25 21:50:57,496 - asyncssh - INFO - [conn=0, chan=220] Channel closed
2026-07-25 21:51:02,498 - asyncssh - INFO - [conn=0, chan=222] Requesting new SSH session
2026-07-25 21:51:02,500 - asyncssh - INFO - [conn=0, chan=223] Requesting new SSH session
2026-07-25 21:51:02,500 - asyncssh - INFO - [conn=0, chan=222]   Command: kubectl logs log-generator -n default --tail=50
2026-07-25 21:51:02,501 - asyncssh - INFO - [conn=0, chan=223]   Command: kubectl logs my-pod -n default --tail=50
2026-07-25 21:51:02,562 - asyncssh - INFO - [conn=0, chan=223] Received exit status 0
2026-07-25 21:51:02,562 - asyncssh - INFO - [conn=0, chan=223] Received channel close
2026-07-25 21:51:02,563 - asyncssh - INFO - [conn=0, chan=223] Channel closed
2026-07-25 21:51:02,563 - asyncssh - INFO - [conn=0, chan=224] Requesting new SSH session
2026-07-25 21:51:02,564 - asyncssh - INFO - [conn=0, chan=224]   Command: kubectl top pod my-pod -n default --no-headers
2026-07-25 21:51:02,565 - asyncssh - INFO - [conn=0, chan=222] Received exit status 0
2026-07-25 21:51:02,565 - asyncssh - INFO - [conn=0, chan=222] Received channel close
2026-07-25 21:51:02,566 - asyncssh - INFO - [conn=0, chan=222] Channel closed
2026-07-25 21:51:02,566 - asyncssh - INFO - [conn=0, chan=225] Requesting new SSH session
2026-07-25 21:51:02,567 - asyncssh - INFO - [conn=0, chan=225]   Command: kubectl top pod log-generator -n default --no-headers
2026-07-25 21:51:02,626 - asyncssh - INFO - [conn=0, chan=224] Received exit status 0
2026-07-25 21:51:02,627 - asyncssh - INFO - [conn=0, chan=224] Received channel close
2026-07-25 21:51:02,627 - asyncssh - INFO - [conn=0, chan=224] Channel closed
2026-07-25 21:51:02,628 - asyncssh - INFO - [conn=0, chan=226] Requesting new SSH session
2026-07-25 21:51:02,628 - asyncssh - INFO - [conn=0, chan=225] Received exit status 0
2026-07-25 21:51:02,629 - asyncssh - INFO - [conn=0, chan=225] Received channel close
2026-07-25 21:51:02,629 - asyncssh - INFO - [conn=0, chan=225] Channel closed
2026-07-25 21:51:02,629 - asyncssh - INFO - [conn=0, chan=227] Requesting new SSH session
2026-07-25 21:51:02,629 - asyncssh - INFO - [conn=0, chan=226]   Command: kubectl describe pod my-pod -n default | grep -A 5 'Limits:'
2026-07-25 21:51:02,629 - asyncssh - INFO - [conn=0, chan=227]   Command: kubectl describe pod log-generator -n default | grep -A 5 'Limits:'
2026-07-25 21:51:02,695 - asyncssh - INFO - [conn=0, chan=227] Received exit status 0
2026-07-25 21:51:02,695 - asyncssh - INFO - [conn=0, chan=227] Received channel close
2026-07-25 21:51:02,695 - asyncssh - INFO - [conn=0, chan=227] Channel closed
2026-07-25 21:51:02,696 - asyncssh - INFO - [conn=0, chan=226] Received exit status 1
2026-07-25 21:51:02,697 - asyncssh - INFO - [conn=0, chan=226] Received channel close
2026-07-25 21:51:02,697 - asyncssh - INFO - [conn=0, chan=226] Channel closed
2026-07-25 21:51:07,697 - asyncssh - INFO - [conn=0, chan=228] Requesting new SSH session
2026-07-25 21:51:07,698 - asyncssh - INFO - [conn=0, chan=229] Requesting new SSH session
2026-07-25 21:51:07,699 - asyncssh - INFO - [conn=0, chan=228]   Command: kubectl logs log-generator -n default --tail=50
2026-07-25 21:51:07,699 - asyncssh - INFO - [conn=0, chan=229]   Command: kubectl logs my-pod -n default --tail=50
2026-07-25 21:51:07,764 - asyncssh - INFO - [conn=0, chan=229] Received exit status 0
2026-07-25 21:51:07,765 - asyncssh - INFO - [conn=0, chan=229] Received channel close
2026-07-25 21:51:07,765 - asyncssh - INFO - [conn=0, chan=229] Channel closed
2026-07-25 21:51:07,766 - asyncssh - INFO - [conn=0, chan=228] Received exit status 0
2026-07-25 21:51:07,766 - asyncssh - INFO - [conn=0, chan=228] Received channel close
2026-07-25 21:51:07,766 - asyncssh - INFO - [conn=0, chan=230] Requesting new SSH session
2026-07-25 21:51:07,767 - asyncssh - INFO - [conn=0, chan=228] Channel closed
2026-07-25 21:51:07,767 - asyncssh - INFO - [conn=0, chan=231] Requesting new SSH session
2026-07-25 21:51:07,768 - asyncssh - INFO - [conn=0, chan=230]   Command: kubectl top pod my-pod -n default --no-headers
2026-07-25 21:51:07,768 - asyncssh - INFO - [conn=0, chan=231]   Command: kubectl top pod log-generator -n default --no-headers
2026-07-25 21:51:07,830 - asyncssh - INFO - [conn=0, chan=230] Received exit status 0
2026-07-25 21:51:07,830 - asyncssh - INFO - [conn=0, chan=230] Received channel close
2026-07-25 21:51:07,831 - asyncssh - INFO - [conn=0, chan=230] Channel closed
2026-07-25 21:51:07,831 - asyncssh - INFO - [conn=0, chan=232] Requesting new SSH session
2026-07-25 21:51:07,831 - asyncssh - INFO - [conn=0, chan=232]   Command: kubectl describe pod my-pod -n default | grep -A 5 'Limits:'
2026-07-25 21:51:07,832 - asyncssh - INFO - [conn=0, chan=231] Received exit status 0
2026-07-25 21:51:07,832 - asyncssh - INFO - [conn=0, chan=231] Received channel close
2026-07-25 21:51:07,832 - asyncssh - INFO - [conn=0, chan=231] Channel closed
2026-07-25 21:51:07,832 - asyncssh - INFO - [conn=0, chan=233] Requesting new SSH session
2026-07-25 21:51:07,833 - asyncssh - INFO - [conn=0, chan=233]   Command: kubectl describe pod log-generator -n default | grep -A 5 'Limits:'
2026-07-25 21:51:07,897 - asyncssh - INFO - [conn=0, chan=232] Received exit status 1
2026-07-25 21:51:07,897 - asyncssh - INFO - [conn=0, chan=232] Received channel close
2026-07-25 21:51:07,898 - asyncssh - INFO - [conn=0, chan=232] Channel closed
2026-07-25 21:51:07,901 - asyncssh - INFO - [conn=0, chan=233] Received exit status 0
2026-07-25 21:51:07,901 - asyncssh - INFO - [conn=0, chan=233] Received channel close
2026-07-25 21:51:07,902 - asyncssh - INFO - [conn=0, chan=233] Channel closed
2026-07-25 21:51:09,406 - pod_monitor.main - INFO - Starting Pod Monitor with 2 pods (mode=ssh)
2026-07-25 21:51:09,406 - pod_monitor.main - INFO - AI Analysis: Enabled
2026-07-25 21:51:09,406 - pod_monitor.main - INFO - AI Provider: mock
2026-07-25 21:51:09,446 - asyncssh - INFO - Host canonicalization disabled
2026-07-25 21:51:09,446 - asyncssh - INFO - Opening SSH connection to 192.168.49.2, port 22
2026-07-25 21:51:09,447 - asyncssh - INFO - [conn=0] Connected to SSH server at 192.168.49.2, port 22
2026-07-25 21:51:09,448 - asyncssh - INFO - [conn=0]   Local address: 192.168.49.1, port 36102
2026-07-25 21:51:09,448 - asyncssh - INFO - [conn=0]   Peer address: 192.168.49.2, port 22
2026-07-25 21:51:09,468 - asyncssh - INFO - [conn=0] Beginning auth for user docker
2026-07-25 21:51:09,493 - asyncssh - INFO - [conn=0] Auth for user docker succeeded
2026-07-25 21:51:09,493 - pod_monitor.ssh_client - INFO - Connected to 192.168.49.2
2026-07-25 21:51:09,493 - pod_monitor.monitor - INFO - SSH: monitoring pod default/log-generator via 192.168.49.2
2026-07-25 21:51:09,493 - pod_monitor.monitor - INFO - SSH: monitoring pod default/my-pod via 192.168.49.2
2026-07-25 21:51:09,493 - pod_monitor.monitor - INFO - Monitoring 2 pods (mode=ssh)
2026-07-25 21:51:09,515 - asyncssh - INFO - [conn=0, chan=0] Requesting new SSH session
2026-07-25 21:51:09,515 - asyncssh - INFO - [conn=0, chan=1] Requesting new SSH session
2026-07-25 21:51:09,519 - asyncssh - INFO - [conn=0, chan=0]   Command: kubectl logs log-generator -n default --tail=50
2026-07-25 21:51:09,519 - asyncssh - INFO - [conn=0, chan=1]   Command: kubectl logs my-pod -n default --tail=50
2026-07-25 21:51:09,607 - asyncssh - INFO - [conn=0, chan=1] Received exit status 0
2026-07-25 21:51:09,607 - asyncssh - INFO - [conn=0, chan=1] Received channel close
2026-07-25 21:51:09,608 - asyncssh - INFO - [conn=0, chan=0] Received exit status 0
2026-07-25 21:51:09,608 - asyncssh - INFO - [conn=0, chan=0] Received channel close
2026-07-25 21:51:09,609 - asyncssh - INFO - [conn=0, chan=1] Channel closed
2026-07-25 21:51:09,609 - asyncssh - INFO - [conn=0, chan=0] Channel closed
2026-07-25 21:51:09,610 - asyncssh - INFO - [conn=0, chan=2] Requesting new SSH session
2026-07-25 21:51:09,611 - asyncssh - INFO - [conn=0, chan=3] Requesting new SSH session
2026-07-25 21:51:09,612 - asyncssh - INFO - [conn=0, chan=2]   Command: kubectl top pod my-pod -n default --no-headers
2026-07-25 21:51:09,612 - asyncssh - INFO - [conn=0, chan=3]   Command: kubectl top pod log-generator -n default --no-headers
2026-07-25 21:51:09,678 - asyncssh - INFO - [conn=0, chan=2] Received exit status 0
2026-07-25 21:51:09,679 - asyncssh - INFO - [conn=0, chan=2] Received channel close
2026-07-25 21:51:09,679 - asyncssh - INFO - [conn=0, chan=2] Channel closed
2026-07-25 21:51:09,679 - asyncssh - INFO - [conn=0, chan=4] Requesting new SSH session
2026-07-25 21:51:09,680 - asyncssh - INFO - [conn=0, chan=4]   Command: kubectl describe pod my-pod -n default | grep -A 5 'Limits:'
2026-07-25 21:51:09,680 - asyncssh - INFO - [conn=0, chan=3] Received exit status 0
2026-07-25 21:51:09,680 - asyncssh - INFO - [conn=0, chan=3] Received channel close
2026-07-25 21:51:09,681 - asyncssh - INFO - [conn=0, chan=3] Channel closed
2026-07-25 21:51:09,681 - asyncssh - INFO - [conn=0, chan=5] Requesting new SSH session
2026-07-25 21:51:09,681 - asyncssh - INFO - [conn=0, chan=5]   Command: kubectl describe pod log-generator -n default | grep -A 5 'Limits:'
2026-07-25 21:51:09,741 - asyncssh - INFO - [conn=0, chan=4] Received exit status 1
2026-07-25 21:51:09,741 - asyncssh - INFO - [conn=0, chan=4] Received channel close
2026-07-25 21:51:09,741 - asyncssh - INFO - [conn=0, chan=4] Channel closed
2026-07-25 21:51:09,743 - asyncssh - INFO - [conn=0, chan=5] Received exit status 0
2026-07-25 21:51:09,744 - asyncssh - INFO - [conn=0, chan=5] Received channel close
2026-07-25 21:51:09,744 - asyncssh - INFO - [conn=0, chan=5] Channel closed
2026-07-25 21:51:12,898 - asyncssh - INFO - [conn=0, chan=234] Requesting new SSH session
2026-07-25 21:51:12,899 - asyncssh - INFO - [conn=0, chan=234]   Command: kubectl logs my-pod -n default --tail=50
2026-07-25 21:51:12,903 - asyncssh - INFO - [conn=0, chan=235] Requesting new SSH session
2026-07-25 21:51:12,904 - asyncssh - INFO - [conn=0, chan=235]   Command: kubectl logs log-generator -n default --tail=50
2026-07-25 21:51:12,965 - asyncssh - INFO - [conn=0, chan=234] Received exit status 0
2026-07-25 21:51:12,965 - asyncssh - INFO - [conn=0, chan=234] Received channel close
2026-07-25 21:51:12,965 - asyncssh - INFO - [conn=0, chan=234] Channel closed
2026-07-25 21:51:12,966 - asyncssh - INFO - [conn=0, chan=236] Requesting new SSH session
2026-07-25 21:51:12,966 - asyncssh - INFO - [conn=0, chan=236]   Command: kubectl top pod my-pod -n default --no-headers
2026-07-25 21:51:12,972 - asyncssh - INFO - [conn=0, chan=235] Received exit status 0
2026-07-25 21:51:12,972 - asyncssh - INFO - [conn=0, chan=235] Received channel close
2026-07-25 21:51:12,973 - asyncssh - INFO - [conn=0, chan=235] Channel closed
2026-07-25 21:51:12,973 - asyncssh - INFO - [conn=0, chan=237] Requesting new SSH session
2026-07-25 21:51:12,974 - asyncssh - INFO - [conn=0, chan=237]   Command: kubectl top pod log-generator -n default --no-headers
2026-07-25 21:51:13,026 - asyncssh - INFO - [conn=0, chan=236] Received exit status 0
2026-07-25 21:51:13,026 - asyncssh - INFO - [conn=0, chan=236] Received channel close
2026-07-25 21:51:13,027 - asyncssh - INFO - [conn=0, chan=236] Channel closed
2026-07-25 21:51:13,027 - asyncssh - INFO - [conn=0, chan=238] Requesting new SSH session
2026-07-25 21:51:13,027 - asyncssh - INFO - [conn=0, chan=238]   Command: kubectl describe pod my-pod -n default | grep -A 5 'Limits:'
2026-07-25 21:51:13,032 - asyncssh - INFO - [conn=0, chan=237] Received exit status 0
2026-07-25 21:51:13,032 - asyncssh - INFO - [conn=0, chan=237] Received channel close
2026-07-25 21:51:13,032 - asyncssh - INFO - [conn=0, chan=237] Channel closed
2026-07-25 21:51:13,032 - asyncssh - INFO - [conn=0, chan=239] Requesting new SSH session
2026-07-25 21:51:13,033 - asyncssh - INFO - [conn=0, chan=239]   Command: kubectl describe pod log-generator -n default | grep -A 5 'Limits:'
2026-07-25 21:51:13,096 - asyncssh - INFO - [conn=0, chan=238] Received exit status 1
2026-07-25 21:51:13,096 - asyncssh - INFO - [conn=0, chan=238] Received channel close
2026-07-25 21:51:13,096 - asyncssh - INFO - [conn=0, chan=238] Channel closed
2026-07-25 21:51:13,098 - asyncssh - INFO - [conn=0, chan=239] Received exit status 0
2026-07-25 21:51:13,098 - asyncssh - INFO - [conn=0, chan=239] Received channel close
2026-07-25 21:51:13,098 - asyncssh - INFO - [conn=0, chan=239] Channel closed
2026-07-25 21:51:14,742 - asyncssh - INFO - [conn=0, chan=6] Requesting new SSH session
2026-07-25 21:51:14,743 - asyncssh - INFO - [conn=0, chan=6]   Command: kubectl logs my-pod -n default --tail=50
2026-07-25 21:51:14,745 - asyncssh - INFO - [conn=0, chan=7] Requesting new SSH session
2026-07-25 21:51:14,746 - asyncssh - INFO - [conn=0, chan=7]   Command: kubectl logs log-generator -n default --tail=50
2026-07-25 21:51:14,808 - asyncssh - INFO - [conn=0, chan=6] Received exit status 0
2026-07-25 21:51:14,808 - asyncssh - INFO - [conn=0, chan=6] Received channel close
2026-07-25 21:51:14,808 - asyncssh - INFO - [conn=0, chan=6] Channel closed
2026-07-25 21:51:14,808 - asyncssh - INFO - [conn=0, chan=8] Requesting new SSH session
2026-07-25 21:51:14,809 - asyncssh - INFO - [conn=0, chan=8]   Command: kubectl top pod my-pod -n default --no-headers
2026-07-25 21:51:14,810 - asyncssh - INFO - [conn=0, chan=7] Received exit status 0
2026-07-25 21:51:14,810 - asyncssh - INFO - [conn=0, chan=7] Received channel close
2026-07-25 21:51:14,811 - asyncssh - INFO - [conn=0, chan=7] Channel closed
2026-07-25 21:51:14,811 - asyncssh - INFO - [conn=0, chan=9] Requesting new SSH session
2026-07-25 21:51:14,811 - asyncssh - INFO - [conn=0, chan=9]   Command: kubectl top pod log-generator -n default --no-headers
2026-07-25 21:51:14,862 - asyncssh - INFO - [conn=0, chan=8] Received exit status 0
2026-07-25 21:51:14,863 - asyncssh - INFO - [conn=0, chan=8] Received channel close
2026-07-25 21:51:14,863 - asyncssh - INFO - [conn=0, chan=8] Channel closed
2026-07-25 21:51:14,863 - asyncssh - INFO - [conn=0, chan=10] Requesting new SSH session
2026-07-25 21:51:14,863 - asyncssh - INFO - [conn=0, chan=10]   Command: kubectl describe pod my-pod -n default | grep -A 5 'Limits:'
2026-07-25 21:51:14,865 - asyncssh - INFO - [conn=0, chan=9] Received exit status 0
2026-07-25 21:51:14,865 - asyncssh - INFO - [conn=0, chan=9] Received channel close
2026-07-25 21:51:14,865 - asyncssh - INFO - [conn=0, chan=9] Channel closed
2026-07-25 21:51:14,866 - asyncssh - INFO - [conn=0, chan=11] Requesting new SSH session
2026-07-25 21:51:14,866 - asyncssh - INFO - [conn=0, chan=11]   Command: kubectl describe pod log-generator -n default | grep -A 5 'Limits:'
2026-07-25 21:51:14,924 - asyncssh - INFO - [conn=0, chan=10] Received exit status 1
2026-07-25 21:51:14,925 - asyncssh - INFO - [conn=0, chan=10] Received channel close
2026-07-25 21:51:14,925 - asyncssh - INFO - [conn=0, chan=10] Channel closed
2026-07-25 21:51:14,930 - asyncssh - INFO - [conn=0, chan=11] Received exit status 0
2026-07-25 21:51:14,930 - asyncssh - INFO - [conn=0, chan=11] Received channel close
2026-07-25 21:51:14,930 - asyncssh - INFO - [conn=0, chan=11] Channel closed
2026-07-25 21:51:18,098 - asyncssh - INFO - [conn=0, chan=240] Requesting new SSH session
2026-07-25 21:51:18,099 - asyncssh - INFO - [conn=0, chan=241] Requesting new SSH session
2026-07-25 21:51:18,099 - asyncssh - INFO - [conn=0, chan=240]   Command: kubectl logs my-pod -n default --tail=50
2026-07-25 21:51:18,099 - asyncssh - INFO - [conn=0, chan=241]   Command: kubectl logs log-generator -n default --tail=50
2026-07-25 21:51:18,165 - asyncssh - INFO - [conn=0, chan=240] Received exit status 0
2026-07-25 21:51:18,165 - asyncssh - INFO - [conn=0, chan=240] Received channel close
2026-07-25 21:51:18,166 - asyncssh - INFO - [conn=0, chan=240] Channel closed
2026-07-25 21:51:18,166 - asyncssh - INFO - [conn=0, chan=242] Requesting new SSH session
2026-07-25 21:51:18,167 - asyncssh - INFO - [conn=0, chan=241] Received exit status 0
2026-07-25 21:51:18,167 - asyncssh - INFO - [conn=0, chan=241] Received channel close
2026-07-25 21:51:18,168 - asyncssh - INFO - [conn=0, chan=241] Channel closed
2026-07-25 21:51:18,168 - asyncssh - INFO - [conn=0, chan=243] Requesting new SSH session
2026-07-25 21:51:18,169 - asyncssh - INFO - [conn=0, chan=242]   Command: kubectl top pod my-pod -n default --no-headers
2026-07-25 21:51:18,169 - asyncssh - INFO - [conn=0, chan=243]   Command: kubectl top pod log-generator -n default --no-headers
2026-07-25 21:51:18,225 - asyncssh - INFO - [conn=0, chan=242] Received exit status 0
2026-07-25 21:51:18,225 - asyncssh - INFO - [conn=0, chan=242] Received channel close
2026-07-25 21:51:18,225 - asyncssh - INFO - [conn=0, chan=242] Channel closed
2026-07-25 21:51:18,226 - asyncssh - INFO - [conn=0, chan=244] Requesting new SSH session
2026-07-25 21:51:18,227 - asyncssh - INFO - [conn=0, chan=243] Received exit status 0
2026-07-25 21:51:18,227 - asyncssh - INFO - [conn=0, chan=243] Received channel close
2026-07-25 21:51:18,227 - asyncssh - INFO - [conn=0, chan=243] Channel closed
2026-07-25 21:51:18,227 - asyncssh - INFO - [conn=0, chan=245] Requesting new SSH session
2026-07-25 21:51:18,228 - asyncssh - INFO - [conn=0, chan=244]   Command: kubectl describe pod my-pod -n default | grep -A 5 'Limits:'
2026-07-25 21:51:18,228 - asyncssh - INFO - [conn=0, chan=245]   Command: kubectl describe pod log-generator -n default | grep -A 5 'Limits:'
2026-07-25 21:51:18,290 - asyncssh - INFO - [conn=0, chan=245] Received exit status 0
2026-07-25 21:51:18,290 - asyncssh - INFO - [conn=0, chan=245] Received channel close
2026-07-25 21:51:18,290 - asyncssh - INFO - [conn=0, chan=245] Channel closed
2026-07-25 21:51:18,290 - asyncssh - INFO - [conn=0, chan=244] Received exit status 1
2026-07-25 21:51:18,290 - asyncssh - INFO - [conn=0, chan=244] Received channel close
2026-07-25 21:51:18,291 - asyncssh - INFO - [conn=0, chan=244] Channel closed
2026-07-25 21:51:19,926 - asyncssh - INFO - [conn=0, chan=12] Requesting new SSH session
2026-07-25 21:51:19,927 - asyncssh - INFO - [conn=0, chan=12]   Command: kubectl logs my-pod -n default --tail=50
2026-07-25 21:51:19,931 - asyncssh - INFO - [conn=0, chan=13] Requesting new SSH session
2026-07-25 21:51:19,932 - asyncssh - INFO - [conn=0, chan=13]   Command: kubectl logs log-generator -n default --tail=50
2026-07-25 21:51:19,993 - asyncssh - INFO - [conn=0, chan=12] Received exit status 0
2026-07-25 21:51:19,993 - asyncssh - INFO - [conn=0, chan=12] Received channel close
2026-07-25 21:51:19,994 - asyncssh - INFO - [conn=0, chan=12] Channel closed
2026-07-25 21:51:19,994 - asyncssh - INFO - [conn=0, chan=14] Requesting new SSH session
2026-07-25 21:51:19,995 - asyncssh - INFO - [conn=0, chan=14]   Command: kubectl top pod my-pod -n default --no-headers
2026-07-25 21:51:19,999 - asyncssh - INFO - [conn=0, chan=13] Received exit status 0
2026-07-25 21:51:19,999 - asyncssh - INFO - [conn=0, chan=13] Received channel close
2026-07-25 21:51:19,999 - asyncssh - INFO - [conn=0, chan=13] Channel closed
2026-07-25 21:51:20,000 - asyncssh - INFO - [conn=0, chan=15] Requesting new SSH session
2026-07-25 21:51:20,000 - asyncssh - INFO - [conn=0, chan=15]   Command: kubectl top pod log-generator -n default --no-headers
2026-07-25 21:51:20,049 - asyncssh - INFO - [conn=0, chan=14] Received exit status 0
2026-07-25 21:51:20,049 - asyncssh - INFO - [conn=0, chan=14] Received channel close
2026-07-25 21:51:20,049 - asyncssh - INFO - [conn=0, chan=14] Channel closed
2026-07-25 21:51:20,050 - asyncssh - INFO - [conn=0, chan=16] Requesting new SSH session
2026-07-25 21:51:20,050 - asyncssh - INFO - [conn=0, chan=16]   Command: kubectl describe pod my-pod -n default | grep -A 5 'Limits:'
2026-07-25 21:51:20,055 - asyncssh - INFO - [conn=0, chan=15] Received exit status 0
2026-07-25 21:51:20,055 - asyncssh - INFO - [conn=0, chan=15] Received channel close
2026-07-25 21:51:20,055 - asyncssh - INFO - [conn=0, chan=15] Channel closed
2026-07-25 21:51:20,055 - asyncssh - INFO - [conn=0, chan=17] Requesting new SSH session
2026-07-25 21:51:20,056 - asyncssh - INFO - [conn=0, chan=17]   Command: kubectl describe pod log-generator -n default | grep -A 5 'Limits:'
2026-07-25 21:51:20,111 - asyncssh - INFO - [conn=0, chan=16] Received exit status 1
2026-07-25 21:51:20,111 - asyncssh - INFO - [conn=0, chan=16] Received channel close
2026-07-25 21:51:20,112 - asyncssh - INFO - [conn=0, chan=16] Channel closed
2026-07-25 21:51:20,116 - asyncssh - INFO - [conn=0, chan=17] Received exit status 0
2026-07-25 21:51:20,117 - asyncssh - INFO - [conn=0, chan=17] Received channel close
2026-07-25 21:51:20,117 - asyncssh - INFO - [conn=0, chan=17] Channel closed
2026-07-25 21:51:23,292 - asyncssh - INFO - [conn=0, chan=246] Requesting new SSH session
2026-07-25 21:51:23,293 - asyncssh - INFO - [conn=0, chan=247] Requesting new SSH session
2026-07-25 21:51:23,294 - asyncssh - INFO - [conn=0, chan=246]   Command: kubectl logs log-generator -n default --tail=50
2026-07-25 21:51:23,294 - asyncssh - INFO - [conn=0, chan=247]   Command: kubectl logs my-pod -n default --tail=50
2026-07-25 21:51:23,371 - asyncssh - INFO - [conn=0, chan=247] Received exit status 0
2026-07-25 21:51:23,371 - asyncssh - INFO - [conn=0, chan=247] Received channel close
2026-07-25 21:51:23,372 - asyncssh - INFO - [conn=0, chan=247] Channel closed
2026-07-25 21:51:23,372 - asyncssh - INFO - [conn=0, chan=248] Requesting new SSH session
2026-07-25 21:51:23,373 - asyncssh - INFO - [conn=0, chan=248]   Command: kubectl top pod my-pod -n default --no-headers
2026-07-25 21:51:23,375 - asyncssh - INFO - [conn=0, chan=246] Received exit status 0
2026-07-25 21:51:23,375 - asyncssh - INFO - [conn=0, chan=246] Received channel close
2026-07-25 21:51:23,375 - asyncssh - INFO - [conn=0, chan=246] Channel closed
2026-07-25 21:51:23,376 - asyncssh - INFO - [conn=0, chan=249] Requesting new SSH session
2026-07-25 21:51:23,377 - asyncssh - INFO - [conn=0, chan=249]   Command: kubectl top pod log-generator -n default --no-headers
2026-07-25 21:51:23,436 - asyncssh - INFO - [conn=0, chan=249] Received exit status 0
2026-07-25 21:51:23,436 - asyncssh - INFO - [conn=0, chan=249] Received channel close
2026-07-25 21:51:23,437 - asyncssh - INFO - [conn=0, chan=249] Channel closed
2026-07-25 21:51:23,437 - asyncssh - INFO - [conn=0, chan=250] Requesting new SSH session
2026-07-25 21:51:23,437 - asyncssh - INFO - [conn=0, chan=250]   Command: kubectl describe pod log-generator -n default | grep -A 5 'Limits:'
2026-07-25 21:51:23,443 - asyncssh - INFO - [conn=0, chan=248] Received exit status 0
2026-07-25 21:51:23,444 - asyncssh - INFO - [conn=0, chan=248] Received channel close
2026-07-25 21:51:23,444 - asyncssh - INFO - [conn=0, chan=248] Channel closed
2026-07-25 21:51:23,445 - asyncssh - INFO - [conn=0, chan=251] Requesting new SSH session
2026-07-25 21:51:23,445 - asyncssh - INFO - [conn=0, chan=251]   Command: kubectl describe pod my-pod -n default | grep -A 5 'Limits:'
2026-07-25 21:51:23,507 - asyncssh - INFO - [conn=0, chan=250] Received exit status 0
2026-07-25 21:51:23,508 - asyncssh - INFO - [conn=0, chan=250] Received channel close
2026-07-25 21:51:23,508 - asyncssh - INFO - [conn=0, chan=250] Channel closed
2026-07-25 21:51:23,511 - asyncssh - INFO - [conn=0, chan=251] Received exit status 1
2026-07-25 21:51:23,511 - asyncssh - INFO - [conn=0, chan=251] Received channel close
2026-07-25 21:51:23,512 - asyncssh - INFO - [conn=0, chan=251] Channel closed
2026-07-25 21:51:25,114 - asyncssh - INFO - [conn=0, chan=18] Requesting new SSH session
2026-07-25 21:51:25,115 - asyncssh - INFO - [conn=0, chan=18]   Command: kubectl logs my-pod -n default --tail=50
2026-07-25 21:51:25,117 - asyncssh - INFO - [conn=0, chan=19] Requesting new SSH session
2026-07-25 21:51:25,118 - asyncssh - INFO - [conn=0, chan=19]   Command: kubectl logs log-generator -n default --tail=50
2026-07-25 21:51:25,191 - asyncssh - INFO - [conn=0, chan=18] Received exit status 0
2026-07-25 21:51:25,191 - asyncssh - INFO - [conn=0, chan=19] Received exit status 0
2026-07-25 21:51:25,191 - asyncssh - INFO - [conn=0, chan=18] Received channel close
2026-07-25 21:51:25,192 - asyncssh - INFO - [conn=0, chan=19] Received channel close
2026-07-25 21:51:25,192 - asyncssh - INFO - [conn=0, chan=18] Channel closed
2026-07-25 21:51:25,192 - asyncssh - INFO - [conn=0, chan=19] Channel closed
2026-07-25 21:51:25,192 - asyncssh - INFO - [conn=0, chan=20] Requesting new SSH session
2026-07-25 21:51:25,193 - asyncssh - INFO - [conn=0, chan=21] Requesting new SSH session
2026-07-25 21:51:25,193 - asyncssh - INFO - [conn=0, chan=20]   Command: kubectl top pod my-pod -n default --no-headers
2026-07-25 21:51:25,194 - asyncssh - INFO - [conn=0, chan=21]   Command: kubectl top pod log-generator -n default --no-headers
2026-07-25 21:51:25,256 - asyncssh - INFO - [conn=0, chan=21] Received exit status 0
2026-07-25 21:51:25,256 - asyncssh - INFO - [conn=0, chan=21] Received channel close
2026-07-25 21:51:25,257 - asyncssh - INFO - [conn=0, chan=21] Channel closed
2026-07-25 21:51:25,257 - asyncssh - INFO - [conn=0, chan=22] Requesting new SSH session
2026-07-25 21:51:25,257 - asyncssh - INFO - [conn=0, chan=22]   Command: kubectl describe pod log-generator -n default | grep -A 5 'Limits:'
2026-07-25 21:51:25,258 - asyncssh - INFO - [conn=0, chan=20] Received exit status 0
2026-07-25 21:51:25,259 - asyncssh - INFO - [conn=0, chan=20] Received channel close
2026-07-25 21:51:25,259 - asyncssh - INFO - [conn=0, chan=20] Channel closed
2026-07-25 21:51:25,259 - asyncssh - INFO - [conn=0, chan=23] Requesting new SSH session
2026-07-25 21:51:25,260 - asyncssh - INFO - [conn=0, chan=23]   Command: kubectl describe pod my-pod -n default | grep -A 5 'Limits:'
2026-07-25 21:51:25,321 - asyncssh - INFO - [conn=0, chan=23] Received exit status 1
2026-07-25 21:51:25,322 - asyncssh - INFO - [conn=0, chan=23] Received channel close
2026-07-25 21:51:25,322 - asyncssh - INFO - [conn=0, chan=23] Channel closed
2026-07-25 21:51:25,329 - asyncssh - INFO - [conn=0, chan=22] Received exit status 0
2026-07-25 21:51:25,330 - asyncssh - INFO - [conn=0, chan=22] Received channel close
2026-07-25 21:51:25,330 - asyncssh - INFO - [conn=0, chan=22] Channel closed
2026-07-25 21:51:28,511 - asyncssh - INFO - [conn=0, chan=252] Requesting new SSH session
2026-07-25 21:51:28,512 - asyncssh - INFO - [conn=0, chan=252]   Command: kubectl logs log-generator -n default --tail=50
2026-07-25 21:51:28,513 - asyncssh - INFO - [conn=0, chan=253] Requesting new SSH session
2026-07-25 21:51:28,514 - asyncssh - INFO - [conn=0, chan=253]   Command: kubectl logs my-pod -n default --tail=50
2026-07-25 21:51:28,596 - asyncssh - INFO - [conn=0, chan=253] Received exit status 0
2026-07-25 21:51:28,596 - asyncssh - INFO - [conn=0, chan=253] Received channel close
2026-07-25 21:51:28,597 - asyncssh - INFO - [conn=0, chan=253] Channel closed
2026-07-25 21:51:28,597 - asyncssh - INFO - [conn=0, chan=252] Received exit status 0
2026-07-25 21:51:28,597 - asyncssh - INFO - [conn=0, chan=252] Received channel close
2026-07-25 21:51:28,598 - asyncssh - INFO - [conn=0, chan=254] Requesting new SSH session
2026-07-25 21:51:28,599 - asyncssh - INFO - [conn=0, chan=252] Channel closed
2026-07-25 21:51:28,600 - asyncssh - INFO - [conn=0, chan=255] Requesting new SSH session
2026-07-25 21:51:28,601 - asyncssh - INFO - [conn=0, chan=254]   Command: kubectl top pod my-pod -n default --no-headers
2026-07-25 21:51:28,602 - asyncssh - INFO - [conn=0, chan=255]   Command: kubectl top pod log-generator -n default --no-headers
2026-07-25 21:51:28,668 - asyncssh - INFO - [conn=0, chan=255] Received exit status 0
2026-07-25 21:51:28,669 - asyncssh - INFO - [conn=0, chan=255] Received channel close
2026-07-25 21:51:28,670 - asyncssh - INFO - [conn=0, chan=255] Channel closed
2026-07-25 21:51:28,670 - asyncssh - INFO - [conn=0, chan=254] Received exit status 0
2026-07-25 21:51:28,670 - asyncssh - INFO - [conn=0, chan=254] Received channel close
2026-07-25 21:51:28,670 - asyncssh - INFO - [conn=0, chan=256] Requesting new SSH session
2026-07-25 21:51:28,671 - asyncssh - INFO - [conn=0, chan=254] Channel closed
2026-07-25 21:51:28,671 - asyncssh - INFO - [conn=0, chan=257] Requesting new SSH session
2026-07-25 21:51:28,671 - asyncssh - INFO - [conn=0, chan=256]   Command: kubectl describe pod log-generator -n default | grep -A 5 'Limits:'
2026-07-25 21:51:28,671 - asyncssh - INFO - [conn=0, chan=257]   Command: kubectl describe pod my-pod -n default | grep -A 5 'Limits:'
2026-07-25 21:51:28,744 - asyncssh - INFO - [conn=0, chan=256] Received exit status 0
2026-07-25 21:51:28,744 - asyncssh - INFO - [conn=0, chan=256] Received channel close
2026-07-25 21:51:28,745 - asyncssh - INFO - [conn=0, chan=256] Channel closed
2026-07-25 21:51:28,745 - asyncssh - INFO - [conn=0, chan=257] Received exit status 1
2026-07-25 21:51:28,746 - asyncssh - INFO - [conn=0, chan=257] Received channel close
2026-07-25 21:51:28,746 - asyncssh - INFO - [conn=0, chan=257] Channel closed
2026-07-25 21:51:30,323 - asyncssh - INFO - [conn=0, chan=24] Requesting new SSH session
2026-07-25 21:51:30,324 - asyncssh - INFO - [conn=0, chan=24]   Command: kubectl logs my-pod -n default --tail=50
2026-07-25 21:51:30,331 - asyncssh - INFO - [conn=0, chan=25] Requesting new SSH session
2026-07-25 21:51:30,332 - asyncssh - INFO - [conn=0, chan=25]   Command: kubectl logs log-generator -n default --tail=50
2026-07-25 21:51:30,390 - asyncssh - INFO - [conn=0, chan=24] Received exit status 0
2026-07-25 21:51:30,390 - asyncssh - INFO - [conn=0, chan=24] Received channel close
2026-07-25 21:51:30,390 - asyncssh - INFO - [conn=0, chan=24] Channel closed
2026-07-25 21:51:30,391 - asyncssh - INFO - [conn=0, chan=26] Requesting new SSH session
2026-07-25 21:51:30,391 - asyncssh - INFO - [conn=0, chan=26]   Command: kubectl top pod my-pod -n default --no-headers
2026-07-25 21:51:30,394 - asyncssh - INFO - [conn=0, chan=25] Received exit status 0
2026-07-25 21:51:30,394 - asyncssh - INFO - [conn=0, chan=25] Received channel close
2026-07-25 21:51:30,394 - asyncssh - INFO - [conn=0, chan=25] Channel closed
2026-07-25 21:51:30,395 - asyncssh - INFO - [conn=0, chan=27] Requesting new SSH session
2026-07-25 21:51:30,396 - asyncssh - INFO - [conn=0, chan=27]   Command: kubectl top pod log-generator -n default --no-headers
2026-07-25 21:51:30,446 - asyncssh - INFO - [conn=0, chan=26] Received exit status 0
2026-07-25 21:51:30,446 - asyncssh - INFO - [conn=0, chan=26] Received channel close
2026-07-25 21:51:30,446 - asyncssh - INFO - [conn=0, chan=26] Channel closed
2026-07-25 21:51:30,447 - asyncssh - INFO - [conn=0, chan=28] Requesting new SSH session
2026-07-25 21:51:30,447 - asyncssh - INFO - [conn=0, chan=28]   Command: kubectl describe pod my-pod -n default | grep -A 5 'Limits:'
2026-07-25 21:51:30,453 - asyncssh - INFO - [conn=0, chan=27] Received exit status 0
2026-07-25 21:51:30,453 - asyncssh - INFO - [conn=0, chan=27] Received channel close
2026-07-25 21:51:30,454 - asyncssh - INFO - [conn=0, chan=27] Channel closed
2026-07-25 21:51:30,454 - asyncssh - INFO - [conn=0, chan=29] Requesting new SSH session
2026-07-25 21:51:30,454 - asyncssh - INFO - [conn=0, chan=29]   Command: kubectl describe pod log-generator -n default | grep -A 5 'Limits:'
2026-07-25 21:51:30,509 - asyncssh - INFO - [conn=0, chan=28] Received exit status 1
2026-07-25 21:51:30,510 - asyncssh - INFO - [conn=0, chan=28] Received channel close
2026-07-25 21:51:30,510 - asyncssh - INFO - [conn=0, chan=28] Channel closed
2026-07-25 21:51:30,515 - asyncssh - INFO - [conn=0, chan=29] Received exit status 0
2026-07-25 21:51:30,515 - asyncssh - INFO - [conn=0, chan=29] Received channel close
2026-07-25 21:51:30,515 - asyncssh - INFO - [conn=0, chan=29] Channel closed
2026-07-25 21:51:33,747 - asyncssh - INFO - [conn=0, chan=258] Requesting new SSH session
2026-07-25 21:51:33,748 - asyncssh - INFO - [conn=0, chan=259] Requesting new SSH session
2026-07-25 21:51:33,748 - asyncssh - INFO - [conn=0, chan=258]   Command: kubectl logs log-generator -n default --tail=50
2026-07-25 21:51:33,749 - asyncssh - INFO - [conn=0, chan=259]   Command: kubectl logs my-pod -n default --tail=50
2026-07-25 21:51:33,821 - asyncssh - INFO - [conn=0, chan=258] Received exit status 0
2026-07-25 21:51:33,821 - asyncssh - INFO - [conn=0, chan=258] Received channel close
2026-07-25 21:51:33,822 - asyncssh - INFO - [conn=0, chan=258] Channel closed
2026-07-25 21:51:33,822 - asyncssh - INFO - [conn=0, chan=259] Received exit status 0
2026-07-25 21:51:33,822 - asyncssh - INFO - [conn=0, chan=259] Received channel close
2026-07-25 21:51:33,823 - asyncssh - INFO - [conn=0, chan=260] Requesting new SSH session
2026-07-25 21:51:33,823 - asyncssh - INFO - [conn=0, chan=259] Channel closed
2026-07-25 21:51:33,823 - asyncssh - INFO - [conn=0, chan=261] Requesting new SSH session
2026-07-25 21:51:33,824 - asyncssh - INFO - [conn=0, chan=260]   Command: kubectl top pod log-generator -n default --no-headers
2026-07-25 21:51:33,824 - asyncssh - INFO - [conn=0, chan=261]   Command: kubectl top pod my-pod -n default --no-headers
2026-07-25 21:51:33,900 - asyncssh - INFO - [conn=0, chan=260] Received exit status 0
2026-07-25 21:51:33,901 - asyncssh - INFO - [conn=0, chan=260] Received channel close
2026-07-25 21:51:33,903 - asyncssh - INFO - [conn=0, chan=261] Received exit status 0
2026-07-25 21:51:33,903 - asyncssh - INFO - [conn=0, chan=261] Received channel close
2026-07-25 21:51:33,905 - asyncssh - INFO - [conn=0, chan=260] Channel closed
2026-07-25 21:51:33,905 - asyncssh - INFO - [conn=0, chan=261] Channel closed
2026-07-25 21:51:33,905 - asyncssh - INFO - [conn=0, chan=262] Requesting new SSH session
2026-07-25 21:51:33,906 - asyncssh - INFO - [conn=0, chan=263] Requesting new SSH session
2026-07-25 21:51:33,907 - asyncssh - INFO - [conn=0, chan=262]   Command: kubectl describe pod log-generator -n default | grep -A 5 'Limits:'
2026-07-25 21:51:33,908 - asyncssh - INFO - [conn=0, chan=263]   Command: kubectl describe pod my-pod -n default | grep -A 5 'Limits:'
2026-07-25 21:51:34,023 - asyncssh - INFO - [conn=0, chan=262] Received exit status 0
2026-07-25 21:51:34,024 - asyncssh - INFO - [conn=0, chan=262] Received channel close
2026-07-25 21:51:34,024 - asyncssh - INFO - [conn=0, chan=262] Channel closed
2026-07-25 21:51:34,025 - asyncssh - INFO - [conn=0, chan=263] Received exit status 1
2026-07-25 21:51:34,025 - asyncssh - INFO - [conn=0, chan=263] Received channel close
2026-07-25 21:51:34,025 - asyncssh - INFO - [conn=0, chan=263] Channel closed
2026-07-25 21:51:35,512 - asyncssh - INFO - [conn=0, chan=30] Requesting new SSH session
2026-07-25 21:51:35,514 - asyncssh - INFO - [conn=0, chan=30]   Command: kubectl logs my-pod -n default --tail=50
2026-07-25 21:51:35,516 - asyncssh - INFO - [conn=0, chan=31] Requesting new SSH session
2026-07-25 21:51:35,517 - asyncssh - INFO - [conn=0, chan=31]   Command: kubectl logs log-generator -n default --tail=50
2026-07-25 21:51:35,584 - asyncssh - INFO - [conn=0, chan=30] Received exit status 0
2026-07-25 21:51:35,585 - asyncssh - INFO - [conn=0, chan=30] Received channel close
2026-07-25 21:51:35,585 - asyncssh - INFO - [conn=0, chan=30] Channel closed
2026-07-25 21:51:35,585 - asyncssh - INFO - [conn=0, chan=32] Requesting new SSH session
2026-07-25 21:51:35,586 - asyncssh - INFO - [conn=0, chan=32]   Command: kubectl top pod my-pod -n default --no-headers
2026-07-25 21:51:35,589 - asyncssh - INFO - [conn=0, chan=31] Received exit status 0
2026-07-25 21:51:35,590 - asyncssh - INFO - [conn=0, chan=31] Received channel close
2026-07-25 21:51:35,590 - asyncssh - INFO - [conn=0, chan=31] Channel closed
2026-07-25 21:51:35,591 - asyncssh - INFO - [conn=0, chan=33] Requesting new SSH session
2026-07-25 21:51:35,607 - asyncssh - INFO - [conn=0, chan=33]   Command: kubectl top pod log-generator -n default --no-headers
2026-07-25 21:51:35,646 - asyncssh - INFO - [conn=0, chan=32] Received exit status 0
2026-07-25 21:51:35,646 - asyncssh - INFO - [conn=0, chan=32] Received channel close
2026-07-25 21:51:35,647 - asyncssh - INFO - [conn=0, chan=32] Channel closed
2026-07-25 21:51:35,647 - asyncssh - INFO - [conn=0, chan=34] Requesting new SSH session
2026-07-25 21:51:35,648 - asyncssh - INFO - [conn=0, chan=34]   Command: kubectl describe pod my-pod -n default | grep -A 5 'Limits:'
2026-07-25 21:51:35,673 - asyncssh - INFO - [conn=0, chan=33] Received exit status 0
2026-07-25 21:51:35,673 - asyncssh - INFO - [conn=0, chan=33] Received channel close
2026-07-25 21:51:35,674 - asyncssh - INFO - [conn=0, chan=33] Channel closed
2026-07-25 21:51:35,674 - asyncssh - INFO - [conn=0, chan=35] Requesting new SSH session
2026-07-25 21:51:35,674 - asyncssh - INFO - [conn=0, chan=35]   Command: kubectl describe pod log-generator -n default | grep -A 5 'Limits:'
2026-07-25 21:51:35,716 - asyncssh - INFO - [conn=0, chan=34] Received exit status 1
2026-07-25 21:51:35,717 - asyncssh - INFO - [conn=0, chan=34] Received channel close
2026-07-25 21:51:35,717 - asyncssh - INFO - [conn=0, chan=34] Channel closed
2026-07-25 21:51:35,744 - asyncssh - INFO - [conn=0, chan=35] Received exit status 0
2026-07-25 21:51:35,744 - asyncssh - INFO - [conn=0, chan=35] Received channel close
2026-07-25 21:51:35,744 - asyncssh - INFO - [conn=0, chan=35] Channel closed
2026-07-25 21:51:39,026 - asyncssh - INFO - [conn=0, chan=264] Requesting new SSH session
2026-07-25 21:51:39,027 - asyncssh - INFO - [conn=0, chan=265] Requesting new SSH session
2026-07-25 21:51:39,028 - asyncssh - INFO - [conn=0, chan=264]   Command: kubectl logs log-generator -n default --tail=50
2026-07-25 21:51:39,028 - asyncssh - INFO - [conn=0, chan=265]   Command: kubectl logs my-pod -n default --tail=50
2026-07-25 21:51:39,095 - asyncssh - INFO - [conn=0, chan=265] Received exit status 0
2026-07-25 21:51:39,095 - asyncssh - INFO - [conn=0, chan=265] Received channel close
2026-07-25 21:51:39,096 - asyncssh - INFO - [conn=0, chan=265] Channel closed
2026-07-25 21:51:39,097 - asyncssh - INFO - [conn=0, chan=266] Requesting new SSH session
2026-07-25 21:51:39,098 - asyncssh - INFO - [conn=0, chan=266]   Command: kubectl top pod my-pod -n default --no-headers
2026-07-25 21:51:39,099 - asyncssh - INFO - [conn=0, chan=264] Received exit status 0
2026-07-25 21:51:39,099 - asyncssh - INFO - [conn=0, chan=264] Received channel close
2026-07-25 21:51:39,099 - asyncssh - INFO - [conn=0, chan=264] Channel closed
2026-07-25 21:51:39,100 - asyncssh - INFO - [conn=0, chan=267] Requesting new SSH session
2026-07-25 21:51:39,100 - asyncssh - INFO - [conn=0, chan=267]   Command: kubectl top pod log-generator -n default --no-headers
2026-07-25 21:51:39,182 - asyncssh - INFO - [conn=0, chan=267] Received exit status 0
2026-07-25 21:51:39,183 - asyncssh - INFO - [conn=0, chan=267] Received channel close
2026-07-25 21:51:39,183 - asyncssh - INFO - [conn=0, chan=267] Channel closed
2026-07-25 21:51:39,184 - asyncssh - INFO - [conn=0, chan=266] Received exit status 0
2026-07-25 21:51:39,184 - asyncssh - INFO - [conn=0, chan=266] Received channel close
2026-07-25 21:51:39,185 - asyncssh - INFO - [conn=0, chan=268] Requesting new SSH session
2026-07-25 21:51:39,185 - asyncssh - INFO - [conn=0, chan=266] Channel closed
2026-07-25 21:51:39,185 - asyncssh - INFO - [conn=0, chan=269] Requesting new SSH session
2026-07-25 21:51:39,186 - asyncssh - INFO - [conn=0, chan=268]   Command: kubectl describe pod log-generator -n default | grep -A 5 'Limits:'
2026-07-25 21:51:39,188 - asyncssh - INFO - [conn=0, chan=269]   Command: kubectl describe pod my-pod -n default | grep -A 5 'Limits:'
2026-07-25 21:51:39,291 - asyncssh - INFO - [conn=0, chan=268] Received exit status 0
2026-07-25 21:51:39,292 - asyncssh - INFO - [conn=0, chan=268] Received channel close
2026-07-25 21:51:39,292 - asyncssh - INFO - [conn=0, chan=268] Channel closed
2026-07-25 21:51:39,293 - asyncssh - INFO - [conn=0, chan=269] Received exit status 1
2026-07-25 21:51:39,293 - asyncssh - INFO - [conn=0, chan=269] Received channel close
2026-07-25 21:51:39,293 - asyncssh - INFO - [conn=0, chan=269] Channel closed
2026-07-25 21:51:40,719 - asyncssh - INFO - [conn=0, chan=36] Requesting new SSH session
2026-07-25 21:51:40,720 - asyncssh - INFO - [conn=0, chan=36]   Command: kubectl logs my-pod -n default --tail=50
2026-07-25 21:51:40,745 - asyncssh - INFO - [conn=0, chan=37] Requesting new SSH session
2026-07-25 21:51:40,747 - asyncssh - INFO - [conn=0, chan=37]   Command: kubectl logs log-generator -n default --tail=50
2026-07-25 21:51:40,785 - asyncssh - INFO - [conn=0, chan=36] Received exit status 0
2026-07-25 21:51:40,786 - asyncssh - INFO - [conn=0, chan=36] Received channel close
2026-07-25 21:51:40,786 - asyncssh - INFO - [conn=0, chan=36] Channel closed
2026-07-25 21:51:40,787 - asyncssh - INFO - [conn=0, chan=38] Requesting new SSH session
2026-07-25 21:51:40,787 - asyncssh - INFO - [conn=0, chan=38]   Command: kubectl top pod my-pod -n default --no-headers
2026-07-25 21:51:40,816 - asyncssh - INFO - [conn=0, chan=37] Received exit status 0
2026-07-25 21:51:40,816 - asyncssh - INFO - [conn=0, chan=37] Received channel close
2026-07-25 21:51:40,816 - asyncssh - INFO - [conn=0, chan=37] Channel closed
2026-07-25 21:51:40,817 - asyncssh - INFO - [conn=0, chan=39] Requesting new SSH session
2026-07-25 21:51:40,817 - asyncssh - INFO - [conn=0, chan=39]   Command: kubectl top pod log-generator -n default --no-headers
2026-07-25 21:51:40,844 - asyncssh - INFO - [conn=0, chan=38] Received exit status 0
2026-07-25 21:51:40,844 - asyncssh - INFO - [conn=0, chan=38] Received channel close
2026-07-25 21:51:40,845 - asyncssh - INFO - [conn=0, chan=38] Channel closed
2026-07-25 21:51:40,845 - asyncssh - INFO - [conn=0, chan=40] Requesting new SSH session
2026-07-25 21:51:40,845 - asyncssh - INFO - [conn=0, chan=40]   Command: kubectl describe pod my-pod -n default | grep -A 5 'Limits:'
2026-07-25 21:51:40,871 - asyncssh - INFO - [conn=0, chan=39] Received exit status 0
2026-07-25 21:51:40,871 - asyncssh - INFO - [conn=0, chan=39] Received channel close
2026-07-25 21:51:40,871 - asyncssh - INFO - [conn=0, chan=39] Channel closed
2026-07-25 21:51:40,871 - asyncssh - INFO - [conn=0, chan=41] Requesting new SSH session
2026-07-25 21:51:40,872 - asyncssh - INFO - [conn=0, chan=41]   Command: kubectl describe pod log-generator -n default | grep -A 5 'Limits:'
2026-07-25 21:51:40,906 - asyncssh - INFO - [conn=0, chan=40] Received exit status 1
2026-07-25 21:51:40,906 - asyncssh - INFO - [conn=0, chan=40] Received channel close
2026-07-25 21:51:40,907 - asyncssh - INFO - [conn=0, chan=40] Channel closed
2026-07-25 21:51:40,932 - asyncssh - INFO - [conn=0, chan=41] Received exit status 0
2026-07-25 21:51:40,932 - asyncssh - INFO - [conn=0, chan=41] Received channel close
2026-07-25 21:51:40,933 - asyncssh - INFO - [conn=0, chan=41] Channel closed
2026-07-25 21:51:44,293 - asyncssh - INFO - [conn=0, chan=270] Requesting new SSH session
2026-07-25 21:51:44,293 - asyncssh - INFO - [conn=0, chan=271] Requesting new SSH session
2026-07-25 21:51:44,294 - asyncssh - INFO - [conn=0, chan=270]   Command: kubectl logs log-generator -n default --tail=50
2026-07-25 21:51:44,294 - asyncssh - INFO - [conn=0, chan=271]   Command: kubectl logs my-pod -n default --tail=50
2026-07-25 21:51:44,363 - asyncssh - INFO - [conn=0, chan=271] Received exit status 0
2026-07-25 21:51:44,363 - asyncssh - INFO - [conn=0, chan=271] Received channel close
2026-07-25 21:51:44,363 - asyncssh - INFO - [conn=0, chan=271] Channel closed
2026-07-25 21:51:44,364 - asyncssh - INFO - [conn=0, chan=272] Requesting new SSH session
2026-07-25 21:51:44,364 - asyncssh - INFO - [conn=0, chan=272]   Command: kubectl top pod my-pod -n default --no-headers
2026-07-25 21:51:44,366 - asyncssh - INFO - [conn=0, chan=270] Received exit status 0
2026-07-25 21:51:44,366 - asyncssh - INFO - [conn=0, chan=270] Received channel close
2026-07-25 21:51:44,366 - asyncssh - INFO - [conn=0, chan=270] Channel closed
2026-07-25 21:51:44,367 - asyncssh - INFO - [conn=0, chan=273] Requesting new SSH session
2026-07-25 21:51:44,367 - asyncssh - INFO - [conn=0, chan=273]   Command: kubectl top pod log-generator -n default --no-headers
2026-07-25 21:51:44,425 - asyncssh - INFO - [conn=0, chan=272] Received exit status 0
2026-07-25 21:51:44,426 - asyncssh - INFO - [conn=0, chan=272] Received channel close
2026-07-25 21:51:44,426 - asyncssh - INFO - [conn=0, chan=272] Channel closed
2026-07-25 21:51:44,426 - asyncssh - INFO - [conn=0, chan=274] Requesting new SSH session
2026-07-25 21:51:44,427 - asyncssh - INFO - [conn=0, chan=274]   Command: kubectl describe pod my-pod -n default | grep -A 5 'Limits:'
2026-07-25 21:51:44,433 - asyncssh - INFO - [conn=0, chan=273] Received exit status 0
2026-07-25 21:51:44,433 - asyncssh - INFO - [conn=0, chan=273] Received channel close
2026-07-25 21:51:44,433 - asyncssh - INFO - [conn=0, chan=273] Channel closed
2026-07-25 21:51:44,434 - asyncssh - INFO - [conn=0, chan=275] Requesting new SSH session
2026-07-25 21:51:44,435 - asyncssh - INFO - [conn=0, chan=275]   Command: kubectl describe pod log-generator -n default | grep -A 5 'Limits:'
2026-07-25 21:51:44,515 - asyncssh - INFO - [conn=0, chan=274] Received exit status 1
2026-07-25 21:51:44,515 - asyncssh - INFO - [conn=0, chan=274] Received channel close
2026-07-25 21:51:44,516 - asyncssh - INFO - [conn=0, chan=274] Channel closed
2026-07-25 21:51:44,522 - asyncssh - INFO - [conn=0, chan=275] Received exit status 0
2026-07-25 21:51:44,522 - asyncssh - INFO - [conn=0, chan=275] Received channel close
2026-07-25 21:51:44,523 - asyncssh - INFO - [conn=0, chan=275] Channel closed
2026-07-25 21:51:45,908 - asyncssh - INFO - [conn=0, chan=42] Requesting new SSH session
2026-07-25 21:51:45,909 - asyncssh - INFO - [conn=0, chan=42]   Command: kubectl logs my-pod -n default --tail=50
2026-07-25 21:51:45,934 - asyncssh - INFO - [conn=0, chan=43] Requesting new SSH session
2026-07-25 21:51:45,935 - asyncssh - INFO - [conn=0, chan=43]   Command: kubectl logs log-generator -n default --tail=50
2026-07-25 21:51:46,003 - asyncssh - INFO - [conn=0, chan=42] Received exit status 0
2026-07-25 21:51:46,003 - asyncssh - INFO - [conn=0, chan=42] Received channel close
2026-07-25 21:51:46,003 - asyncssh - INFO - [conn=0, chan=42] Channel closed
2026-07-25 21:51:46,004 - asyncssh - INFO - [conn=0, chan=44] Requesting new SSH session
2026-07-25 21:51:46,005 - asyncssh - INFO - [conn=0, chan=44]   Command: kubectl top pod my-pod -n default --no-headers
2026-07-25 21:51:46,021 - asyncssh - INFO - [conn=0, chan=43] Received exit status 0
2026-07-25 21:51:46,021 - asyncssh - INFO - [conn=0, chan=43] Received channel close
2026-07-25 21:51:46,022 - asyncssh - INFO - [conn=0, chan=43] Channel closed
2026-07-25 21:51:46,022 - asyncssh - INFO - [conn=0, chan=45] Requesting new SSH session
2026-07-25 21:51:46,023 - asyncssh - INFO - [conn=0, chan=45]   Command: kubectl top pod log-generator -n default --no-headers
2026-07-25 21:51:46,064 - asyncssh - INFO - [conn=0, chan=44] Received exit status 0
2026-07-25 21:51:46,065 - asyncssh - INFO - [conn=0, chan=44] Received channel close
2026-07-25 21:51:46,065 - asyncssh - INFO - [conn=0, chan=44] Channel closed
2026-07-25 21:51:46,066 - asyncssh - INFO - [conn=0, chan=46] Requesting new SSH session
2026-07-25 21:51:46,066 - asyncssh - INFO - [conn=0, chan=46]   Command: kubectl describe pod my-pod -n default | grep -A 5 'Limits:'
2026-07-25 21:51:46,081 - asyncssh - INFO - [conn=0, chan=45] Received exit status 0
2026-07-25 21:51:46,081 - asyncssh - INFO - [conn=0, chan=45] Received channel close
2026-07-25 21:51:46,082 - asyncssh - INFO - [conn=0, chan=45] Channel closed
2026-07-25 21:51:46,082 - asyncssh - INFO - [conn=0, chan=47] Requesting new SSH session
2026-07-25 21:51:46,082 - asyncssh - INFO - [conn=0, chan=47]   Command: kubectl describe pod log-generator -n default | grep -A 5 'Limits:'
2026-07-25 21:51:46,137 - asyncssh - INFO - [conn=0, chan=46] Received exit status 1
2026-07-25 21:51:46,137 - asyncssh - INFO - [conn=0, chan=46] Received channel close
2026-07-25 21:51:46,138 - asyncssh - INFO - [conn=0, chan=46] Channel closed
2026-07-25 21:51:46,169 - asyncssh - INFO - [conn=0, chan=47] Received exit status 0
2026-07-25 21:51:46,169 - asyncssh - INFO - [conn=0, chan=47] Received channel close
2026-07-25 21:51:46,170 - asyncssh - INFO - [conn=0, chan=47] Channel closed
2026-07-25 21:51:49,518 - asyncssh - INFO - [conn=0, chan=276] Requesting new SSH session
2026-07-25 21:51:49,521 - asyncssh - INFO - [conn=0, chan=276]   Command: kubectl logs my-pod -n default --tail=50
2026-07-25 21:51:49,523 - asyncssh - INFO - [conn=0, chan=277] Requesting new SSH session
2026-07-25 21:51:49,525 - asyncssh - INFO - [conn=0, chan=277]   Command: kubectl logs log-generator -n default --tail=50
2026-07-25 21:51:49,585 - asyncssh - INFO - [conn=0, chan=276] Received exit status 0
2026-07-25 21:51:49,585 - asyncssh - INFO - [conn=0, chan=276] Received channel close
2026-07-25 21:51:49,586 - asyncssh - INFO - [conn=0, chan=276] Channel closed
2026-07-25 21:51:49,586 - asyncssh - INFO - [conn=0, chan=278] Requesting new SSH session
2026-07-25 21:51:49,587 - asyncssh - INFO - [conn=0, chan=278]   Command: kubectl top pod my-pod -n default --no-headers
2026-07-25 21:51:49,590 - asyncssh - INFO - [conn=0, chan=277] Received exit status 0
2026-07-25 21:51:49,591 - asyncssh - INFO - [conn=0, chan=277] Received channel close
2026-07-25 21:51:49,591 - asyncssh - INFO - [conn=0, chan=277] Channel closed
2026-07-25 21:51:49,592 - asyncssh - INFO - [conn=0, chan=279] Requesting new SSH session
2026-07-25 21:51:49,593 - asyncssh - INFO - [conn=0, chan=279]   Command: kubectl top pod log-generator -n default --no-headers
2026-07-25 21:51:49,663 - asyncssh - INFO - [conn=0, chan=278] Received exit status 0
2026-07-25 21:51:49,664 - asyncssh - INFO - [conn=0, chan=278] Received channel close
2026-07-25 21:51:49,664 - asyncssh - INFO - [conn=0, chan=278] Channel closed
2026-07-25 21:51:49,664 - asyncssh - INFO - [conn=0, chan=280] Requesting new SSH session
2026-07-25 21:51:49,665 - asyncssh - INFO - [conn=0, chan=280]   Command: kubectl describe pod my-pod -n default | grep -A 5 'Limits:'
2026-07-25 21:51:49,667 - asyncssh - INFO - [conn=0, chan=279] Received exit status 0
2026-07-25 21:51:49,667 - asyncssh - INFO - [conn=0, chan=279] Received channel close
2026-07-25 21:51:49,667 - asyncssh - INFO - [conn=0, chan=279] Channel closed
2026-07-25 21:51:49,668 - asyncssh - INFO - [conn=0, chan=281] Requesting new SSH session
2026-07-25 21:51:49,668 - asyncssh - INFO - [conn=0, chan=281]   Command: kubectl describe pod log-generator -n default | grep -A 5 'Limits:'
2026-07-25 21:51:49,731 - asyncssh - INFO - [conn=0, chan=280] Received exit status 1
2026-07-25 21:51:49,732 - asyncssh - INFO - [conn=0, chan=280] Received channel close
2026-07-25 21:51:49,732 - asyncssh - INFO - [conn=0, chan=280] Channel closed
2026-07-25 21:51:49,734 - asyncssh - INFO - [conn=0, chan=281] Received exit status 0
2026-07-25 21:51:49,734 - asyncssh - INFO - [conn=0, chan=281] Received channel close
2026-07-25 21:51:49,734 - asyncssh - INFO - [conn=0, chan=281] Channel closed
2026-07-25 21:51:51,139 - asyncssh - INFO - [conn=0, chan=48] Requesting new SSH session
2026-07-25 21:51:51,140 - asyncssh - INFO - [conn=0, chan=48]   Command: kubectl logs my-pod -n default --tail=50
2026-07-25 21:51:51,171 - asyncssh - INFO - [conn=0, chan=49] Requesting new SSH session
2026-07-25 21:51:51,172 - asyncssh - INFO - [conn=0, chan=49]   Command: kubectl logs log-generator -n default --tail=50
2026-07-25 21:51:51,217 - asyncssh - INFO - [conn=0, chan=48] Received exit status 0
2026-07-25 21:51:51,218 - asyncssh - INFO - [conn=0, chan=48] Received channel close
2026-07-25 21:51:51,218 - asyncssh - INFO - [conn=0, chan=48] Channel closed
2026-07-25 21:51:51,218 - asyncssh - INFO - [conn=0, chan=50] Requesting new SSH session
2026-07-25 21:51:51,220 - asyncssh - INFO - [conn=0, chan=50]   Command: kubectl top pod my-pod -n default --no-headers
2026-07-25 21:51:51,253 - asyncssh - INFO - [conn=0, chan=49] Received exit status 0
2026-07-25 21:51:51,254 - asyncssh - INFO - [conn=0, chan=49] Received channel close
2026-07-25 21:51:51,254 - asyncssh - INFO - [conn=0, chan=49] Channel closed
2026-07-25 21:51:51,255 - asyncssh - INFO - [conn=0, chan=51] Requesting new SSH session
2026-07-25 21:51:51,255 - asyncssh - INFO - [conn=0, chan=51]   Command: kubectl top pod log-generator -n default --no-headers
2026-07-25 21:51:51,296 - asyncssh - INFO - [conn=0, chan=50] Received exit status 0
2026-07-25 21:51:51,296 - asyncssh - INFO - [conn=0, chan=50] Received channel close
2026-07-25 21:51:51,297 - asyncssh - INFO - [conn=0, chan=50] Channel closed
2026-07-25 21:51:51,298 - asyncssh - INFO - [conn=0, chan=52] Requesting new SSH session
2026-07-25 21:51:51,301 - asyncssh - INFO - [conn=0, chan=52]   Command: kubectl describe pod my-pod -n default | grep -A 5 'Limits:'
2026-07-25 21:51:51,330 - asyncssh - INFO - [conn=0, chan=51] Received exit status 0
2026-07-25 21:51:51,330 - asyncssh - INFO - [conn=0, chan=51] Received channel close
2026-07-25 21:51:51,331 - asyncssh - INFO - [conn=0, chan=51] Channel closed
2026-07-25 21:51:51,332 - asyncssh - INFO - [conn=0, chan=53] Requesting new SSH session
2026-07-25 21:51:51,332 - asyncssh - INFO - [conn=0, chan=53]   Command: kubectl describe pod log-generator -n default | grep -A 5 'Limits:'
2026-07-25 21:51:51,380 - asyncssh - INFO - [conn=0, chan=52] Received exit status 1
2026-07-25 21:51:51,381 - asyncssh - INFO - [conn=0, chan=52] Received channel close
2026-07-25 21:51:51,381 - asyncssh - INFO - [conn=0, chan=52] Channel closed
2026-07-25 21:51:51,405 - asyncssh - INFO - [conn=0, chan=53] Received exit status 0
2026-07-25 21:51:51,405 - asyncssh - INFO - [conn=0, chan=53] Received channel close
2026-07-25 21:51:51,405 - asyncssh - INFO - [conn=0, chan=53] Channel closed
2026-07-25 21:51:54,734 - asyncssh - INFO - [conn=0, chan=282] Requesting new SSH session
2026-07-25 21:51:54,735 - asyncssh - INFO - [conn=0, chan=282]   Command: kubectl logs my-pod -n default --tail=50
2026-07-25 21:51:54,735 - asyncssh - INFO - [conn=0, chan=283] Requesting new SSH session
2026-07-25 21:51:54,736 - asyncssh - INFO - [conn=0, chan=283]   Command: kubectl logs log-generator -n default --tail=50
2026-07-25 21:51:54,809 - asyncssh - INFO - [conn=0, chan=282] Received exit status 0
2026-07-25 21:51:54,809 - asyncssh - INFO - [conn=0, chan=282] Received channel close
2026-07-25 21:51:54,810 - asyncssh - INFO - [conn=0, chan=282] Channel closed
2026-07-25 21:51:54,810 - asyncssh - INFO - [conn=0, chan=284] Requesting new SSH session
2026-07-25 21:51:54,811 - asyncssh - INFO - [conn=0, chan=284]   Command: kubectl top pod my-pod -n default --no-headers
2026-07-25 21:51:54,816 - asyncssh - INFO - [conn=0, chan=283] Received exit status 0
2026-07-25 21:51:54,817 - asyncssh - INFO - [conn=0, chan=283] Received channel close
2026-07-25 21:51:54,817 - asyncssh - INFO - [conn=0, chan=283] Channel closed
2026-07-25 21:51:54,818 - asyncssh - INFO - [conn=0, chan=285] Requesting new SSH session
2026-07-25 21:51:54,818 - asyncssh - INFO - [conn=0, chan=285]   Command: kubectl top pod log-generator -n default --no-headers
2026-07-25 21:51:54,881 - asyncssh - INFO - [conn=0, chan=284] Received exit status 0
2026-07-25 21:51:54,881 - asyncssh - INFO - [conn=0, chan=284] Received channel close
2026-07-25 21:51:54,882 - asyncssh - INFO - [conn=0, chan=284] Channel closed
2026-07-25 21:51:54,882 - asyncssh - INFO - [conn=0, chan=286] Requesting new SSH session
2026-07-25 21:51:54,882 - asyncssh - INFO - [conn=0, chan=286]   Command: kubectl describe pod my-pod -n default | grep -A 5 'Limits:'
2026-07-25 21:51:54,887 - asyncssh - INFO - [conn=0, chan=285] Received exit status 0
2026-07-25 21:51:54,887 - asyncssh - INFO - [conn=0, chan=285] Received channel close
2026-07-25 21:51:54,888 - asyncssh - INFO - [conn=0, chan=285] Channel closed
2026-07-25 21:51:54,889 - asyncssh - INFO - [conn=0, chan=287] Requesting new SSH session
2026-07-25 21:51:54,890 - asyncssh - INFO - [conn=0, chan=287]   Command: kubectl describe pod log-generator -n default | grep -A 5 'Limits:'
2026-07-25 21:51:54,955 - asyncssh - INFO - [conn=0, chan=286] Received exit status 1
2026-07-25 21:51:54,956 - asyncssh - INFO - [conn=0, chan=286] Received channel close
2026-07-25 21:51:54,956 - asyncssh - INFO - [conn=0, chan=286] Channel closed
2026-07-25 21:51:54,965 - asyncssh - INFO - [conn=0, chan=287] Received exit status 0
2026-07-25 21:51:54,966 - asyncssh - INFO - [conn=0, chan=287] Received channel close
2026-07-25 21:51:54,966 - asyncssh - INFO - [conn=0, chan=287] Channel closed
2026-07-25 21:51:56,383 - asyncssh - INFO - [conn=0, chan=54] Requesting new SSH session
2026-07-25 21:51:56,384 - asyncssh - INFO - [conn=0, chan=54]   Command: kubectl logs my-pod -n default --tail=50
2026-07-25 21:51:56,407 - asyncssh - INFO - [conn=0, chan=55] Requesting new SSH session
2026-07-25 21:51:56,408 - asyncssh - INFO - [conn=0, chan=55]   Command: kubectl logs log-generator -n default --tail=50
2026-07-25 21:51:56,449 - asyncssh - INFO - [conn=0, chan=54] Received exit status 0
2026-07-25 21:51:56,449 - asyncssh - INFO - [conn=0, chan=54] Received channel close
2026-07-25 21:51:56,450 - asyncssh - INFO - [conn=0, chan=54] Channel closed
2026-07-25 21:51:56,450 - asyncssh - INFO - [conn=0, chan=56] Requesting new SSH session
2026-07-25 21:51:56,451 - asyncssh - INFO - [conn=0, chan=56]   Command: kubectl top pod my-pod -n default --no-headers
2026-07-25 21:51:56,478 - asyncssh - INFO - [conn=0, chan=55] Received exit status 0
2026-07-25 21:51:56,478 - asyncssh - INFO - [conn=0, chan=55] Received channel close
2026-07-25 21:51:56,478 - asyncssh - INFO - [conn=0, chan=55] Channel closed
2026-07-25 21:51:56,479 - asyncssh - INFO - [conn=0, chan=57] Requesting new SSH session
2026-07-25 21:51:56,479 - asyncssh - INFO - [conn=0, chan=57]   Command: kubectl top pod log-generator -n default --no-headers
2026-07-25 21:51:56,510 - asyncssh - INFO - [conn=0, chan=56] Received exit status 0
2026-07-25 21:51:56,511 - asyncssh - INFO - [conn=0, chan=56] Received channel close
2026-07-25 21:51:56,511 - asyncssh - INFO - [conn=0, chan=56] Channel closed
2026-07-25 21:51:56,511 - asyncssh - INFO - [conn=0, chan=58] Requesting new SSH session
2026-07-25 21:51:56,512 - asyncssh - INFO - [conn=0, chan=58]   Command: kubectl describe pod my-pod -n default | grep -A 5 'Limits:'
2026-07-25 21:51:56,537 - asyncssh - INFO - [conn=0, chan=57] Received exit status 0
2026-07-25 21:51:56,537 - asyncssh - INFO - [conn=0, chan=57] Received channel close
2026-07-25 21:51:56,537 - asyncssh - INFO - [conn=0, chan=57] Channel closed
2026-07-25 21:51:56,537 - asyncssh - INFO - [conn=0, chan=59] Requesting new SSH session
2026-07-25 21:51:56,538 - asyncssh - INFO - [conn=0, chan=59]   Command: kubectl describe pod log-generator -n default | grep -A 5 'Limits:'
2026-07-25 21:51:56,575 - asyncssh - INFO - [conn=0, chan=58] Received exit status 1
2026-07-25 21:51:56,575 - asyncssh - INFO - [conn=0, chan=58] Received channel close
2026-07-25 21:51:56,575 - asyncssh - INFO - [conn=0, chan=58] Channel closed
2026-07-25 21:51:56,601 - asyncssh - INFO - [conn=0, chan=59] Received exit status 0
2026-07-25 21:51:56,601 - asyncssh - INFO - [conn=0, chan=59] Received channel close
2026-07-25 21:51:56,601 - asyncssh - INFO - [conn=0, chan=59] Channel closed
2026-07-25 21:51:59,958 - asyncssh - INFO - [conn=0, chan=288] Requesting new SSH session
2026-07-25 21:51:59,959 - asyncssh - INFO - [conn=0, chan=288]   Command: kubectl logs my-pod -n default --tail=50
2026-07-25 21:51:59,967 - asyncssh - INFO - [conn=0, chan=289] Requesting new SSH session
2026-07-25 21:51:59,968 - asyncssh - INFO - [conn=0, chan=289]   Command: kubectl logs log-generator -n default --tail=50
2026-07-25 21:52:00,037 - asyncssh - INFO - [conn=0, chan=288] Received exit status 0
2026-07-25 21:52:00,037 - asyncssh - INFO - [conn=0, chan=288] Received channel close
2026-07-25 21:52:00,037 - asyncssh - INFO - [conn=0, chan=288] Channel closed
2026-07-25 21:52:00,038 - asyncssh - INFO - [conn=0, chan=290] Requesting new SSH session
2026-07-25 21:52:00,038 - asyncssh - INFO - [conn=0, chan=290]   Command: kubectl top pod my-pod -n default --no-headers
2026-07-25 21:52:00,055 - asyncssh - INFO - [conn=0, chan=289] Received exit status 0
2026-07-25 21:52:00,055 - asyncssh - INFO - [conn=0, chan=289] Received channel close
2026-07-25 21:52:00,056 - asyncssh - INFO - [conn=0, chan=289] Channel closed
2026-07-25 21:52:00,056 - asyncssh - INFO - [conn=0, chan=291] Requesting new SSH session
2026-07-25 21:52:00,057 - asyncssh - INFO - [conn=0, chan=291]   Command: kubectl top pod log-generator -n default --no-headers
2026-07-25 21:52:00,113 - asyncssh - INFO - [conn=0, chan=290] Received exit status 0
2026-07-25 21:52:00,113 - asyncssh - INFO - [conn=0, chan=290] Received channel close
2026-07-25 21:52:00,114 - asyncssh - INFO - [conn=0, chan=290] Channel closed
2026-07-25 21:52:00,114 - asyncssh - INFO - [conn=0, chan=292] Requesting new SSH session
2026-07-25 21:52:00,115 - asyncssh - INFO - [conn=0, chan=292]   Command: kubectl describe pod my-pod -n default | grep -A 5 'Limits:'
2026-07-25 21:52:00,131 - asyncssh - INFO - [conn=0, chan=291] Received exit status 0
2026-07-25 21:52:00,131 - asyncssh - INFO - [conn=0, chan=291] Received channel close
2026-07-25 21:52:00,132 - asyncssh - INFO - [conn=0, chan=291] Channel closed
2026-07-25 21:52:00,133 - asyncssh - INFO - [conn=0, chan=293] Requesting new SSH session
2026-07-25 21:52:00,134 - asyncssh - INFO - [conn=0, chan=293]   Command: kubectl describe pod log-generator -n default | grep -A 5 'Limits:'
2026-07-25 21:52:00,195 - asyncssh - INFO - [conn=0, chan=292] Received exit status 1
2026-07-25 21:52:00,195 - asyncssh - INFO - [conn=0, chan=292] Received channel close
2026-07-25 21:52:00,196 - asyncssh - INFO - [conn=0, chan=292] Channel closed
2026-07-25 21:52:00,233 - asyncssh - INFO - [conn=0, chan=293] Received exit status 0
2026-07-25 21:52:00,233 - asyncssh - INFO - [conn=0, chan=293] Received channel close
2026-07-25 21:52:00,234 - asyncssh - INFO - [conn=0, chan=293] Channel closed
2026-07-25 21:52:01,576 - asyncssh - INFO - [conn=0, chan=60] Requesting new SSH session
2026-07-25 21:52:01,577 - asyncssh - INFO - [conn=0, chan=60]   Command: kubectl logs my-pod -n default --tail=50
2026-07-25 21:52:01,606 - asyncssh - INFO - [conn=0, chan=61] Requesting new SSH session
2026-07-25 21:52:01,626 - asyncssh - INFO - [conn=0, chan=61]   Command: kubectl logs log-generator -n default --tail=50
2026-07-25 21:52:01,641 - asyncssh - INFO - [conn=0, chan=60] Received exit status 0
2026-07-25 21:52:01,641 - asyncssh - INFO - [conn=0, chan=60] Received channel close
2026-07-25 21:52:01,642 - asyncssh - INFO - [conn=0, chan=60] Channel closed
2026-07-25 21:52:01,642 - asyncssh - INFO - [conn=0, chan=62] Requesting new SSH session
2026-07-25 21:52:01,648 - asyncssh - INFO - [conn=0, chan=62]   Command: kubectl top pod my-pod -n default --no-headers
2026-07-25 21:52:01,693 - asyncssh - INFO - [conn=0, chan=61] Received exit status 0
2026-07-25 21:52:01,694 - asyncssh - INFO - [conn=0, chan=61] Received channel close
2026-07-25 21:52:01,694 - asyncssh - INFO - [conn=0, chan=61] Channel closed
2026-07-25 21:52:01,694 - asyncssh - INFO - [conn=0, chan=63] Requesting new SSH session
2026-07-25 21:52:01,695 - asyncssh - INFO - [conn=0, chan=63]   Command: kubectl top pod log-generator -n default --no-headers
2026-07-25 21:52:01,705 - asyncssh - INFO - [conn=0, chan=62] Received exit status 0
2026-07-25 21:52:01,705 - asyncssh - INFO - [conn=0, chan=62] Received channel close
2026-07-25 21:52:01,705 - asyncssh - INFO - [conn=0, chan=62] Channel closed
2026-07-25 21:52:01,705 - asyncssh - INFO - [conn=0, chan=64] Requesting new SSH session
2026-07-25 21:52:01,706 - asyncssh - INFO - [conn=0, chan=64]   Command: kubectl describe pod my-pod -n default | grep -A 5 'Limits:'
2026-07-25 21:52:01,751 - asyncssh - INFO - [conn=0, chan=63] Received exit status 0
2026-07-25 21:52:01,751 - asyncssh - INFO - [conn=0, chan=63] Received channel close
2026-07-25 21:52:01,751 - asyncssh - INFO - [conn=0, chan=63] Channel closed
2026-07-25 21:52:01,751 - asyncssh - INFO - [conn=0, chan=65] Requesting new SSH session
2026-07-25 21:52:01,752 - asyncssh - INFO - [conn=0, chan=65]   Command: kubectl describe pod log-generator -n default | grep -A 5 'Limits:'
2026-07-25 21:52:01,768 - asyncssh - INFO - [conn=0, chan=64] Received exit status 1
2026-07-25 21:52:01,768 - asyncssh - INFO - [conn=0, chan=64] Received channel close
2026-07-25 21:52:01,768 - asyncssh - INFO - [conn=0, chan=64] Channel closed
2026-07-25 21:52:01,815 - asyncssh - INFO - [conn=0, chan=65] Received exit status 0
2026-07-25 21:52:01,816 - asyncssh - INFO - [conn=0, chan=65] Received channel close
2026-07-25 21:52:01,816 - asyncssh - INFO - [conn=0, chan=65] Channel closed
2026-07-25 21:52:05,199 - asyncssh - INFO - [conn=0, chan=294] Requesting new SSH session
2026-07-25 21:52:05,200 - asyncssh - INFO - [conn=0, chan=294]   Command: kubectl logs my-pod -n default --tail=50
2026-07-25 21:52:05,234 - asyncssh - INFO - [conn=0, chan=295] Requesting new SSH session
2026-07-25 21:52:05,236 - asyncssh - INFO - [conn=0, chan=295]   Command: kubectl logs log-generator -n default --tail=50
2026-07-25 21:52:05,282 - asyncssh - INFO - [conn=0, chan=294] Received exit status 0
2026-07-25 21:52:05,283 - asyncssh - INFO - [conn=0, chan=294] Received channel close
2026-07-25 21:52:05,283 - asyncssh - INFO - [conn=0, chan=294] Channel closed
2026-07-25 21:52:05,284 - asyncssh - INFO - [conn=0, chan=296] Requesting new SSH session
2026-07-25 21:52:05,285 - asyncssh - INFO - [conn=0, chan=296]   Command: kubectl top pod my-pod -n default --no-headers
2026-07-25 21:52:05,320 - asyncssh - INFO - [conn=0, chan=295] Received exit status 0
2026-07-25 21:52:05,320 - asyncssh - INFO - [conn=0, chan=295] Received channel close
2026-07-25 21:52:05,320 - asyncssh - INFO - [conn=0, chan=295] Channel closed
2026-07-25 21:52:05,321 - asyncssh - INFO - [conn=0, chan=297] Requesting new SSH session
2026-07-25 21:52:05,322 - asyncssh - INFO - [conn=0, chan=297]   Command: kubectl top pod log-generator -n default --no-headers
2026-07-25 21:52:05,354 - asyncssh - INFO - [conn=0, chan=296] Received exit status 0
2026-07-25 21:52:05,354 - asyncssh - INFO - [conn=0, chan=296] Received channel close
2026-07-25 21:52:05,355 - asyncssh - INFO - [conn=0, chan=296] Channel closed
2026-07-25 21:52:05,355 - asyncssh - INFO - [conn=0, chan=298] Requesting new SSH session
2026-07-25 21:52:05,356 - asyncssh - INFO - [conn=0, chan=298]   Command: kubectl describe pod my-pod -n default | grep -A 5 'Limits:'
2026-07-25 21:52:05,393 - asyncssh - INFO - [conn=0, chan=297] Received exit status 0
2026-07-25 21:52:05,394 - asyncssh - INFO - [conn=0, chan=297] Received channel close
2026-07-25 21:52:05,394 - asyncssh - INFO - [conn=0, chan=297] Channel closed
2026-07-25 21:52:05,394 - asyncssh - INFO - [conn=0, chan=299] Requesting new SSH session
2026-07-25 21:52:05,395 - asyncssh - INFO - [conn=0, chan=299]   Command: kubectl describe pod log-generator -n default | grep -A 5 'Limits:'
2026-07-25 21:52:05,428 - asyncssh - INFO - [conn=0, chan=298] Received exit status 1
2026-07-25 21:52:05,429 - asyncssh - INFO - [conn=0, chan=298] Received channel close
2026-07-25 21:52:05,429 - asyncssh - INFO - [conn=0, chan=298] Channel closed
2026-07-25 21:52:05,476 - asyncssh - INFO - [conn=0, chan=299] Received exit status 0
2026-07-25 21:52:05,477 - asyncssh - INFO - [conn=0, chan=299] Received channel close
2026-07-25 21:52:05,477 - asyncssh - INFO - [conn=0, chan=299] Channel closed
2026-07-25 21:52:06,769 - asyncssh - INFO - [conn=0, chan=66] Requesting new SSH session
2026-07-25 21:52:06,770 - asyncssh - INFO - [conn=0, chan=66]   Command: kubectl logs my-pod -n default --tail=50
2026-07-25 21:52:06,817 - asyncssh - INFO - [conn=0, chan=67] Requesting new SSH session
2026-07-25 21:52:06,818 - asyncssh - INFO - [conn=0, chan=67]   Command: kubectl logs log-generator -n default --tail=50
2026-07-25 21:52:06,837 - asyncssh - INFO - [conn=0, chan=66] Received exit status 0
2026-07-25 21:52:06,837 - asyncssh - INFO - [conn=0, chan=66] Received channel close
2026-07-25 21:52:06,838 - asyncssh - INFO - [conn=0, chan=66] Channel closed
2026-07-25 21:52:06,838 - asyncssh - INFO - [conn=0, chan=68] Requesting new SSH session
2026-07-25 21:52:06,839 - asyncssh - INFO - [conn=0, chan=68]   Command: kubectl top pod my-pod -n default --no-headers
2026-07-25 21:52:06,885 - asyncssh - INFO - [conn=0, chan=67] Received exit status 0
2026-07-25 21:52:06,885 - asyncssh - INFO - [conn=0, chan=67] Received channel close
2026-07-25 21:52:06,885 - asyncssh - INFO - [conn=0, chan=67] Channel closed
2026-07-25 21:52:06,886 - asyncssh - INFO - [conn=0, chan=69] Requesting new SSH session
2026-07-25 21:52:06,886 - asyncssh - INFO - [conn=0, chan=69]   Command: kubectl top pod log-generator -n default --no-headers
2026-07-25 21:52:06,900 - asyncssh - INFO - [conn=0, chan=68] Received exit status 0
2026-07-25 21:52:06,900 - asyncssh - INFO - [conn=0, chan=68] Received channel close
2026-07-25 21:52:06,901 - asyncssh - INFO - [conn=0, chan=68] Channel closed
2026-07-25 21:52:06,901 - asyncssh - INFO - [conn=0, chan=70] Requesting new SSH session
2026-07-25 21:52:06,901 - asyncssh - INFO - [conn=0, chan=70]   Command: kubectl describe pod my-pod -n default | grep -A 5 'Limits:'
2026-07-25 21:52:06,954 - asyncssh - INFO - [conn=0, chan=69] Received exit status 0
2026-07-25 21:52:06,954 - asyncssh - INFO - [conn=0, chan=69] Received channel close
2026-07-25 21:52:06,954 - asyncssh - INFO - [conn=0, chan=69] Channel closed
2026-07-25 21:52:06,955 - asyncssh - INFO - [conn=0, chan=71] Requesting new SSH session
2026-07-25 21:52:06,955 - asyncssh - INFO - [conn=0, chan=71]   Command: kubectl describe pod log-generator -n default | grep -A 5 'Limits:'
2026-07-25 21:52:06,967 - asyncssh - INFO - [conn=0, chan=70] Received exit status 1
2026-07-25 21:52:06,967 - asyncssh - INFO - [conn=0, chan=70] Received channel close
2026-07-25 21:52:06,967 - asyncssh - INFO - [conn=0, chan=70] Channel closed
2026-07-25 21:52:07,015 - asyncssh - INFO - [conn=0, chan=71] Received exit status 0
2026-07-25 21:52:07,016 - asyncssh - INFO - [conn=0, chan=71] Received channel close
2026-07-25 21:52:07,016 - asyncssh - INFO - [conn=0, chan=71] Channel closed
2026-07-25 21:52:10,430 - asyncssh - INFO - [conn=0, chan=300] Requesting new SSH session
2026-07-25 21:52:10,432 - asyncssh - INFO - [conn=0, chan=300]   Command: kubectl logs my-pod -n default --tail=50
2026-07-25 21:52:10,478 - asyncssh - INFO - [conn=0, chan=301] Requesting new SSH session
2026-07-25 21:52:10,479 - asyncssh - INFO - [conn=0, chan=301]   Command: kubectl logs log-generator -n default --tail=50
2026-07-25 21:52:10,497 - asyncssh - INFO - [conn=0, chan=300] Received exit status 0
2026-07-25 21:52:10,497 - asyncssh - INFO - [conn=0, chan=300] Received channel close
2026-07-25 21:52:10,498 - asyncssh - INFO - [conn=0, chan=300] Channel closed
2026-07-25 21:52:10,498 - asyncssh - INFO - [conn=0, chan=302] Requesting new SSH session
2026-07-25 21:52:10,499 - asyncssh - INFO - [conn=0, chan=302]   Command: kubectl top pod my-pod -n default --no-headers
2026-07-25 21:52:10,556 - asyncssh - INFO - [conn=0, chan=301] Received exit status 0
2026-07-25 21:52:10,556 - asyncssh - INFO - [conn=0, chan=301] Received channel close
2026-07-25 21:52:10,557 - asyncssh - INFO - [conn=0, chan=301] Channel closed
2026-07-25 21:52:10,558 - asyncssh - INFO - [conn=0, chan=303] Requesting new SSH session
2026-07-25 21:52:10,558 - asyncssh - INFO - [conn=0, chan=303]   Command: kubectl top pod log-generator -n default --no-headers
2026-07-25 21:52:10,569 - asyncssh - INFO - [conn=0, chan=302] Received exit status 0
2026-07-25 21:52:10,570 - asyncssh - INFO - [conn=0, chan=302] Received channel close
2026-07-25 21:52:10,570 - asyncssh - INFO - [conn=0, chan=302] Channel closed
2026-07-25 21:52:10,571 - asyncssh - INFO - [conn=0, chan=304] Requesting new SSH session
2026-07-25 21:52:10,571 - asyncssh - INFO - [conn=0, chan=304]   Command: kubectl describe pod my-pod -n default | grep -A 5 'Limits:'
2026-07-25 21:52:10,622 - asyncssh - INFO - [conn=0, chan=303] Received exit status 0
2026-07-25 21:52:10,622 - asyncssh - INFO - [conn=0, chan=303] Received channel close
2026-07-25 21:52:10,623 - asyncssh - INFO - [conn=0, chan=303] Channel closed
2026-07-25 21:52:10,623 - asyncssh - INFO - [conn=0, chan=305] Requesting new SSH session
2026-07-25 21:52:10,623 - asyncssh - INFO - [conn=0, chan=305]   Command: kubectl describe pod log-generator -n default | grep -A 5 'Limits:'
2026-07-25 21:52:10,639 - asyncssh - INFO - [conn=0, chan=304] Received exit status 1
2026-07-25 21:52:10,639 - asyncssh - INFO - [conn=0, chan=304] Received channel close
2026-07-25 21:52:10,640 - asyncssh - INFO - [conn=0, chan=304] Channel closed
2026-07-25 21:52:10,686 - asyncssh - INFO - [conn=0, chan=305] Received exit status 0
2026-07-25 21:52:10,687 - asyncssh - INFO - [conn=0, chan=305] Received channel close
2026-07-25 21:52:10,687 - asyncssh - INFO - [conn=0, chan=305] Channel closed
2026-07-25 21:52:11,968 - asyncssh - INFO - [conn=0, chan=72] Requesting new SSH session
2026-07-25 21:52:11,969 - asyncssh - INFO - [conn=0, chan=72]   Command: kubectl logs my-pod -n default --tail=50
2026-07-25 21:52:12,017 - asyncssh - INFO - [conn=0, chan=73] Requesting new SSH session
2026-07-25 21:52:12,018 - asyncssh - INFO - [conn=0, chan=73]   Command: kubectl logs log-generator -n default --tail=50
2026-07-25 21:52:12,031 - asyncssh - INFO - [conn=0, chan=72] Received exit status 0
2026-07-25 21:52:12,031 - asyncssh - INFO - [conn=0, chan=72] Received channel close
2026-07-25 21:52:12,031 - asyncssh - INFO - [conn=0, chan=72] Channel closed
2026-07-25 21:52:12,032 - asyncssh - INFO - [conn=0, chan=74] Requesting new SSH session
2026-07-25 21:52:12,032 - asyncssh - INFO - [conn=0, chan=74]   Command: kubectl top pod my-pod -n default --no-headers
2026-07-25 21:52:12,081 - asyncssh - INFO - [conn=0, chan=73] Received exit status 0
2026-07-25 21:52:12,081 - asyncssh - INFO - [conn=0, chan=73] Received channel close
2026-07-25 21:52:12,082 - asyncssh - INFO - [conn=0, chan=73] Channel closed
2026-07-25 21:52:12,082 - asyncssh - INFO - [conn=0, chan=75] Requesting new SSH session
2026-07-25 21:52:12,082 - asyncssh - INFO - [conn=0, chan=75]   Command: kubectl top pod log-generator -n default --no-headers
2026-07-25 21:52:12,088 - asyncssh - INFO - [conn=0, chan=74] Received exit status 0
2026-07-25 21:52:12,088 - asyncssh - INFO - [conn=0, chan=74] Received channel close
2026-07-25 21:52:12,088 - asyncssh - INFO - [conn=0, chan=74] Channel closed
2026-07-25 21:52:12,089 - asyncssh - INFO - [conn=0, chan=76] Requesting new SSH session
2026-07-25 21:52:12,089 - asyncssh - INFO - [conn=0, chan=76]   Command: kubectl describe pod my-pod -n default | grep -A 5 'Limits:'
2026-07-25 21:52:12,134 - asyncssh - INFO - [conn=0, chan=75] Received exit status 0
2026-07-25 21:52:12,134 - asyncssh - INFO - [conn=0, chan=75] Received channel close
2026-07-25 21:52:12,134 - asyncssh - INFO - [conn=0, chan=75] Channel closed
2026-07-25 21:52:12,134 - asyncssh - INFO - [conn=0, chan=77] Requesting new SSH session
2026-07-25 21:52:12,135 - asyncssh - INFO - [conn=0, chan=77]   Command: kubectl describe pod log-generator -n default | grep -A 5 'Limits:'
2026-07-25 21:52:12,149 - asyncssh - INFO - [conn=0, chan=76] Received exit status 1
2026-07-25 21:52:12,149 - asyncssh - INFO - [conn=0, chan=76] Received channel close
2026-07-25 21:52:12,149 - asyncssh - INFO - [conn=0, chan=76] Channel closed
2026-07-25 21:52:12,193 - asyncssh - INFO - [conn=0, chan=77] Received exit status 0
2026-07-25 21:52:12,194 - asyncssh - INFO - [conn=0, chan=77] Received channel close
2026-07-25 21:52:12,194 - asyncssh - INFO - [conn=0, chan=77] Channel closed
2026-07-25 21:52:15,641 - asyncssh - INFO - [conn=0, chan=306] Requesting new SSH session
2026-07-25 21:52:15,643 - asyncssh - INFO - [conn=0, chan=306]   Command: kubectl logs my-pod -n default --tail=50
2026-07-25 21:52:15,688 - asyncssh - INFO - [conn=0, chan=307] Requesting new SSH session
2026-07-25 21:52:15,689 - asyncssh - INFO - [conn=0, chan=307]   Command: kubectl logs log-generator -n default --tail=50
2026-07-25 21:52:15,719 - asyncssh - INFO - [conn=0, chan=306] Received exit status 0
2026-07-25 21:52:15,719 - asyncssh - INFO - [conn=0, chan=306] Received channel close
2026-07-25 21:52:15,719 - asyncssh - INFO - [conn=0, chan=306] Channel closed
2026-07-25 21:52:15,720 - asyncssh - INFO - [conn=0, chan=308] Requesting new SSH session
2026-07-25 21:52:15,721 - asyncssh - INFO - [conn=0, chan=308]   Command: kubectl top pod my-pod -n default --no-headers
2026-07-25 21:52:15,765 - asyncssh - INFO - [conn=0, chan=307] Received exit status 0
2026-07-25 21:52:15,766 - asyncssh - INFO - [conn=0, chan=307] Received channel close
2026-07-25 21:52:15,766 - asyncssh - INFO - [conn=0, chan=307] Channel closed
2026-07-25 21:52:15,767 - asyncssh - INFO - [conn=0, chan=309] Requesting new SSH session
2026-07-25 21:52:15,768 - asyncssh - INFO - [conn=0, chan=309]   Command: kubectl top pod log-generator -n default --no-headers
2026-07-25 21:52:15,790 - asyncssh - INFO - [conn=0, chan=308] Received exit status 0
2026-07-25 21:52:15,791 - asyncssh - INFO - [conn=0, chan=308] Received channel close
2026-07-25 21:52:15,791 - asyncssh - INFO - [conn=0, chan=308] Channel closed
2026-07-25 21:52:15,791 - asyncssh - INFO - [conn=0, chan=310] Requesting new SSH session
2026-07-25 21:52:15,792 - asyncssh - INFO - [conn=0, chan=310]   Command: kubectl describe pod my-pod -n default | grep -A 5 'Limits:'
2026-07-25 21:52:15,836 - asyncssh - INFO - [conn=0, chan=309] Received exit status 0
2026-07-25 21:52:15,836 - asyncssh - INFO - [conn=0, chan=309] Received channel close
2026-07-25 21:52:15,836 - asyncssh - INFO - [conn=0, chan=309] Channel closed
2026-07-25 21:52:15,837 - asyncssh - INFO - [conn=0, chan=311] Requesting new SSH session
2026-07-25 21:52:15,837 - asyncssh - INFO - [conn=0, chan=311]   Command: kubectl describe pod log-generator -n default | grep -A 5 'Limits:'
2026-07-25 21:52:15,872 - asyncssh - INFO - [conn=0, chan=310] Received exit status 1
2026-07-25 21:52:15,872 - asyncssh - INFO - [conn=0, chan=310] Received channel close
2026-07-25 21:52:15,873 - asyncssh - INFO - [conn=0, chan=310] Channel closed
2026-07-25 21:52:15,908 - asyncssh - INFO - [conn=0, chan=311] Received exit status 0
2026-07-25 21:52:15,908 - asyncssh - INFO - [conn=0, chan=311] Received channel close
2026-07-25 21:52:15,908 - asyncssh - INFO - [conn=0, chan=311] Channel closed
2026-07-25 21:52:17,151 - asyncssh - INFO - [conn=0, chan=78] Requesting new SSH session
2026-07-25 21:52:17,152 - asyncssh - INFO - [conn=0, chan=78]   Command: kubectl logs my-pod -n default --tail=50
2026-07-25 21:52:17,195 - asyncssh - INFO - [conn=0, chan=79] Requesting new SSH session
2026-07-25 21:52:17,196 - asyncssh - INFO - [conn=0, chan=79]   Command: kubectl logs log-generator -n default --tail=50
2026-07-25 21:52:17,214 - asyncssh - INFO - [conn=0, chan=78] Received exit status 0
2026-07-25 21:52:17,215 - asyncssh - INFO - [conn=0, chan=78] Received channel close
2026-07-25 21:52:17,215 - asyncssh - INFO - [conn=0, chan=78] Channel closed
2026-07-25 21:52:17,215 - asyncssh - INFO - [conn=0, chan=80] Requesting new SSH session
2026-07-25 21:52:17,216 - asyncssh - INFO - [conn=0, chan=80]   Command: kubectl top pod my-pod -n default --no-headers
2026-07-25 21:52:17,262 - asyncssh - INFO - [conn=0, chan=79] Received exit status 0
2026-07-25 21:52:17,263 - asyncssh - INFO - [conn=0, chan=79] Received channel close
2026-07-25 21:52:17,263 - asyncssh - INFO - [conn=0, chan=79] Channel closed
2026-07-25 21:52:17,264 - asyncssh - INFO - [conn=0, chan=81] Requesting new SSH session
2026-07-25 21:52:17,264 - asyncssh - INFO - [conn=0, chan=81]   Command: kubectl top pod log-generator -n default --no-headers
2026-07-25 21:52:17,276 - asyncssh - INFO - [conn=0, chan=80] Received exit status 0
2026-07-25 21:52:17,276 - asyncssh - INFO - [conn=0, chan=80] Received channel close
2026-07-25 21:52:17,276 - asyncssh - INFO - [conn=0, chan=80] Channel closed
2026-07-25 21:52:17,277 - asyncssh - INFO - [conn=0, chan=82] Requesting new SSH session
2026-07-25 21:52:17,277 - asyncssh - INFO - [conn=0, chan=82]   Command: kubectl describe pod my-pod -n default | grep -A 5 'Limits:'
2026-07-25 21:52:17,322 - asyncssh - INFO - [conn=0, chan=81] Received exit status 0
2026-07-25 21:52:17,323 - asyncssh - INFO - [conn=0, chan=81] Received channel close
2026-07-25 21:52:17,323 - asyncssh - INFO - [conn=0, chan=81] Channel closed
2026-07-25 21:52:17,323 - asyncssh - INFO - [conn=0, chan=83] Requesting new SSH session
2026-07-25 21:52:17,323 - asyncssh - INFO - [conn=0, chan=83]   Command: kubectl describe pod log-generator -n default | grep -A 5 'Limits:'
2026-07-25 21:52:17,338 - asyncssh - INFO - [conn=0, chan=82] Received exit status 1
2026-07-25 21:52:17,338 - asyncssh - INFO - [conn=0, chan=82] Received channel close
2026-07-25 21:52:17,338 - asyncssh - INFO - [conn=0, chan=82] Channel closed
2026-07-25 21:52:17,382 - asyncssh - INFO - [conn=0, chan=83] Received exit status 0
2026-07-25 21:52:17,382 - asyncssh - INFO - [conn=0, chan=83] Received channel close
2026-07-25 21:52:17,382 - asyncssh - INFO - [conn=0, chan=83] Channel closed
2026-07-25 21:52:20,892 - asyncssh - INFO - [conn=0, chan=312] Requesting new SSH session
2026-07-25 21:52:20,893 - asyncssh - INFO - [conn=0, chan=312]   Command: kubectl logs my-pod -n default --tail=50
2026-07-25 21:52:20,909 - asyncssh - INFO - [conn=0, chan=313] Requesting new SSH session
2026-07-25 21:52:20,911 - asyncssh - INFO - [conn=0, chan=313]   Command: kubectl logs log-generator -n default --tail=50
2026-07-25 21:52:20,968 - asyncssh - INFO - [conn=0, chan=312] Received exit status 0
2026-07-25 21:52:20,968 - asyncssh - INFO - [conn=0, chan=312] Received channel close
2026-07-25 21:52:20,968 - asyncssh - INFO - [conn=0, chan=312] Channel closed
2026-07-25 21:52:20,969 - asyncssh - INFO - [conn=0, chan=314] Requesting new SSH session
2026-07-25 21:52:20,969 - asyncssh - INFO - [conn=0, chan=314]   Command: kubectl top pod my-pod -n default --no-headers
2026-07-25 21:52:20,992 - asyncssh - INFO - [conn=0, chan=313] Received exit status 0
2026-07-25 21:52:20,992 - asyncssh - INFO - [conn=0, chan=313] Received channel close
2026-07-25 21:52:20,993 - asyncssh - INFO - [conn=0, chan=313] Channel closed
2026-07-25 21:52:20,994 - asyncssh - INFO - [conn=0, chan=315] Requesting new SSH session
2026-07-25 21:52:20,995 - asyncssh - INFO - [conn=0, chan=315]   Command: kubectl top pod log-generator -n default --no-headers
2026-07-25 21:52:21,040 - asyncssh - INFO - [conn=0, chan=314] Received exit status 0
2026-07-25 21:52:21,040 - asyncssh - INFO - [conn=0, chan=314] Received channel close
2026-07-25 21:52:21,041 - asyncssh - INFO - [conn=0, chan=314] Channel closed
2026-07-25 21:52:21,041 - asyncssh - INFO - [conn=0, chan=316] Requesting new SSH session
2026-07-25 21:52:21,041 - asyncssh - INFO - [conn=0, chan=316]   Command: kubectl describe pod my-pod -n default | grep -A 5 'Limits:'
2026-07-25 21:52:21,066 - asyncssh - INFO - [conn=0, chan=315] Received exit status 0
2026-07-25 21:52:21,067 - asyncssh - INFO - [conn=0, chan=315] Received channel close
2026-07-25 21:52:21,067 - asyncssh - INFO - [conn=0, chan=315] Channel closed
2026-07-25 21:52:21,068 - asyncssh - INFO - [conn=0, chan=317] Requesting new SSH session
2026-07-25 21:52:21,069 - asyncssh - INFO - [conn=0, chan=317]   Command: kubectl describe pod log-generator -n default | grep -A 5 'Limits:'
2026-07-25 21:52:21,122 - asyncssh - INFO - [conn=0, chan=316] Received exit status 1
2026-07-25 21:52:21,123 - asyncssh - INFO - [conn=0, chan=316] Received channel close
2026-07-25 21:52:21,123 - asyncssh - INFO - [conn=0, chan=316] Channel closed
2026-07-25 21:52:21,143 - asyncssh - INFO - [conn=0, chan=317] Received exit status 0
2026-07-25 21:52:21,143 - asyncssh - INFO - [conn=0, chan=317] Received channel close
2026-07-25 21:52:21,143 - asyncssh - INFO - [conn=0, chan=317] Channel closed
2026-07-25 21:52:22,340 - asyncssh - INFO - [conn=0, chan=84] Requesting new SSH session
2026-07-25 21:52:22,341 - asyncssh - INFO - [conn=0, chan=84]   Command: kubectl logs my-pod -n default --tail=50
2026-07-25 21:52:22,383 - asyncssh - INFO - [conn=0, chan=85] Requesting new SSH session
2026-07-25 21:52:22,384 - asyncssh - INFO - [conn=0, chan=85]   Command: kubectl logs log-generator -n default --tail=50
2026-07-25 21:52:22,404 - asyncssh - INFO - [conn=0, chan=84] Received exit status 0
2026-07-25 21:52:22,404 - asyncssh - INFO - [conn=0, chan=84] Received channel close
2026-07-25 21:52:22,405 - asyncssh - INFO - [conn=0, chan=84] Channel closed
2026-07-25 21:52:22,405 - asyncssh - INFO - [conn=0, chan=86] Requesting new SSH session
2026-07-25 21:52:22,405 - asyncssh - INFO - [conn=0, chan=86]   Command: kubectl top pod my-pod -n default --no-headers
2026-07-25 21:52:22,447 - asyncssh - INFO - [conn=0, chan=85] Received exit status 0
2026-07-25 21:52:22,447 - asyncssh - INFO - [conn=0, chan=85] Received channel close
2026-07-25 21:52:22,448 - asyncssh - INFO - [conn=0, chan=85] Channel closed
2026-07-25 21:52:22,448 - asyncssh - INFO - [conn=0, chan=87] Requesting new SSH session
2026-07-25 21:52:22,449 - asyncssh - INFO - [conn=0, chan=87]   Command: kubectl top pod log-generator -n default --no-headers
2026-07-25 21:52:22,463 - asyncssh - INFO - [conn=0, chan=86] Received exit status 0
2026-07-25 21:52:22,463 - asyncssh - INFO - [conn=0, chan=86] Received channel close
2026-07-25 21:52:22,464 - asyncssh - INFO - [conn=0, chan=86] Channel closed
2026-07-25 21:52:22,464 - asyncssh - INFO - [conn=0, chan=88] Requesting new SSH session
2026-07-25 21:52:22,465 - asyncssh - INFO - [conn=0, chan=88]   Command: kubectl describe pod my-pod -n default | grep -A 5 'Limits:'
2026-07-25 21:52:22,504 - asyncssh - INFO - [conn=0, chan=87] Received exit status 0
2026-07-25 21:52:22,504 - asyncssh - INFO - [conn=0, chan=87] Received channel close
2026-07-25 21:52:22,504 - asyncssh - INFO - [conn=0, chan=87] Channel closed
2026-07-25 21:52:22,504 - asyncssh - INFO - [conn=0, chan=89] Requesting new SSH session
2026-07-25 21:52:22,505 - asyncssh - INFO - [conn=0, chan=89]   Command: kubectl describe pod log-generator -n default | grep -A 5 'Limits:'
2026-07-25 21:52:22,526 - asyncssh - INFO - [conn=0, chan=88] Received exit status 1
2026-07-25 21:52:22,526 - asyncssh - INFO - [conn=0, chan=88] Received channel close
2026-07-25 21:52:22,526 - asyncssh - INFO - [conn=0, chan=88] Channel closed
2026-07-25 21:52:22,564 - asyncssh - INFO - [conn=0, chan=89] Received exit status 0
2026-07-25 21:52:22,564 - asyncssh - INFO - [conn=0, chan=89] Received channel close
2026-07-25 21:52:22,564 - asyncssh - INFO - [conn=0, chan=89] Channel closed
2026-07-25 21:52:26,124 - asyncssh - INFO - [conn=0, chan=318] Requesting new SSH session
2026-07-25 21:52:26,125 - asyncssh - INFO - [conn=0, chan=318]   Command: kubectl logs my-pod -n default --tail=50
2026-07-25 21:52:26,144 - asyncssh - INFO - [conn=0, chan=319] Requesting new SSH session
2026-07-25 21:52:26,146 - asyncssh - INFO - [conn=0, chan=319]   Command: kubectl logs log-generator -n default --tail=50
2026-07-25 21:52:26,198 - asyncssh - INFO - [conn=0, chan=318] Received exit status 0
2026-07-25 21:52:26,198 - asyncssh - INFO - [conn=0, chan=318] Received channel close
2026-07-25 21:52:26,199 - asyncssh - INFO - [conn=0, chan=318] Channel closed
2026-07-25 21:52:26,199 - asyncssh - INFO - [conn=0, chan=320] Requesting new SSH session
2026-07-25 21:52:26,200 - asyncssh - INFO - [conn=0, chan=320]   Command: kubectl top pod my-pod -n default --no-headers
2026-07-25 21:52:26,218 - asyncssh - INFO - [conn=0, chan=319] Received exit status 0
2026-07-25 21:52:26,218 - asyncssh - INFO - [conn=0, chan=319] Received channel close
2026-07-25 21:52:26,218 - asyncssh - INFO - [conn=0, chan=319] Channel closed
2026-07-25 21:52:26,219 - asyncssh - INFO - [conn=0, chan=321] Requesting new SSH session
2026-07-25 21:52:26,220 - asyncssh - INFO - [conn=0, chan=321]   Command: kubectl top pod log-generator -n default --no-headers
2026-07-25 21:52:26,268 - asyncssh - INFO - [conn=0, chan=320] Received exit status 0
2026-07-25 21:52:26,268 - asyncssh - INFO - [conn=0, chan=320] Received channel close
2026-07-25 21:52:26,269 - asyncssh - INFO - [conn=0, chan=320] Channel closed
2026-07-25 21:52:26,269 - asyncssh - INFO - [conn=0, chan=322] Requesting new SSH session
2026-07-25 21:52:26,270 - asyncssh - INFO - [conn=0, chan=322]   Command: kubectl describe pod my-pod -n default | grep -A 5 'Limits:'
2026-07-25 21:52:26,290 - asyncssh - INFO - [conn=0, chan=321] Received exit status 0
2026-07-25 21:52:26,290 - asyncssh - INFO - [conn=0, chan=321] Received channel close
2026-07-25 21:52:26,290 - asyncssh - INFO - [conn=0, chan=321] Channel closed
2026-07-25 21:52:26,291 - asyncssh - INFO - [conn=0, chan=323] Requesting new SSH session
2026-07-25 21:52:26,292 - asyncssh - INFO - [conn=0, chan=323]   Command: kubectl describe pod log-generator -n default | grep -A 5 'Limits:'
2026-07-25 21:52:26,338 - asyncssh - INFO - [conn=0, chan=322] Received exit status 1
2026-07-25 21:52:26,339 - asyncssh - INFO - [conn=0, chan=322] Received channel close
2026-07-25 21:52:26,339 - asyncssh - INFO - [conn=0, chan=322] Channel closed
2026-07-25 21:52:26,363 - asyncssh - INFO - [conn=0, chan=323] Received exit status 0
2026-07-25 21:52:26,363 - asyncssh - INFO - [conn=0, chan=323] Received channel close
2026-07-25 21:52:26,364 - asyncssh - INFO - [conn=0, chan=323] Channel closed
2026-07-25 21:52:27,527 - asyncssh - INFO - [conn=0, chan=90] Requesting new SSH session
2026-07-25 21:52:27,529 - asyncssh - INFO - [conn=0, chan=90]   Command: kubectl logs my-pod -n default --tail=50
2026-07-25 21:52:27,565 - asyncssh - INFO - [conn=0, chan=91] Requesting new SSH session
2026-07-25 21:52:27,566 - asyncssh - INFO - [conn=0, chan=91]   Command: kubectl logs log-generator -n default --tail=50
2026-07-25 21:52:27,590 - asyncssh - INFO - [conn=0, chan=90] Received exit status 0
2026-07-25 21:52:27,590 - asyncssh - INFO - [conn=0, chan=90] Received channel close
2026-07-25 21:52:27,591 - asyncssh - INFO - [conn=0, chan=90] Channel closed
2026-07-25 21:52:27,591 - asyncssh - INFO - [conn=0, chan=92] Requesting new SSH session
2026-07-25 21:52:27,608 - asyncssh - INFO - [conn=0, chan=92]   Command: kubectl top pod my-pod -n default --no-headers
2026-07-25 21:52:27,631 - asyncssh - INFO - [conn=0, chan=91] Received exit status 0
2026-07-25 21:52:27,631 - asyncssh - INFO - [conn=0, chan=91] Received channel close
2026-07-25 21:52:27,632 - asyncssh - INFO - [conn=0, chan=91] Channel closed
2026-07-25 21:52:27,632 - asyncssh - INFO - [conn=0, chan=93] Requesting new SSH session
2026-07-25 21:52:27,633 - asyncssh - INFO - [conn=0, chan=93]   Command: kubectl top pod log-generator -n default --no-headers
2026-07-25 21:52:27,665 - asyncssh - INFO - [conn=0, chan=92] Received exit status 0
2026-07-25 21:52:27,666 - asyncssh - INFO - [conn=0, chan=92] Received channel close
2026-07-25 21:52:27,666 - asyncssh - INFO - [conn=0, chan=92] Channel closed
2026-07-25 21:52:27,666 - asyncssh - INFO - [conn=0, chan=94] Requesting new SSH session
2026-07-25 21:52:27,667 - asyncssh - INFO - [conn=0, chan=94]   Command: kubectl describe pod my-pod -n default | grep -A 5 'Limits:'
2026-07-25 21:52:27,689 - asyncssh - INFO - [conn=0, chan=93] Received exit status 0
2026-07-25 21:52:27,689 - asyncssh - INFO - [conn=0, chan=93] Received channel close
2026-07-25 21:52:27,690 - asyncssh - INFO - [conn=0, chan=93] Channel closed
2026-07-25 21:52:27,690 - asyncssh - INFO - [conn=0, chan=95] Requesting new SSH session
2026-07-25 21:52:27,691 - asyncssh - INFO - [conn=0, chan=95]   Command: kubectl describe pod log-generator -n default | grep -A 5 'Limits:'
2026-07-25 21:52:27,728 - asyncssh - INFO - [conn=0, chan=94] Received exit status 1
2026-07-25 21:52:27,728 - asyncssh - INFO - [conn=0, chan=94] Received channel close
2026-07-25 21:52:27,729 - asyncssh - INFO - [conn=0, chan=94] Channel closed
2026-07-25 21:52:27,751 - asyncssh - INFO - [conn=0, chan=95] Received exit status 0
2026-07-25 21:52:27,751 - asyncssh - INFO - [conn=0, chan=95] Received channel close
2026-07-25 21:52:27,751 - asyncssh - INFO - [conn=0, chan=95] Channel closed
2026-07-25 21:52:31,341 - asyncssh - INFO - [conn=0, chan=324] Requesting new SSH session
2026-07-25 21:52:31,342 - asyncssh - INFO - [conn=0, chan=324]   Command: kubectl logs my-pod -n default --tail=50
2026-07-25 21:52:31,364 - asyncssh - INFO - [conn=0, chan=325] Requesting new SSH session
2026-07-25 21:52:31,366 - asyncssh - INFO - [conn=0, chan=325]   Command: kubectl logs log-generator -n default --tail=50
2026-07-25 21:52:31,413 - asyncssh - INFO - [conn=0, chan=324] Received exit status 0
2026-07-25 21:52:31,413 - asyncssh - INFO - [conn=0, chan=324] Received channel close
2026-07-25 21:52:31,413 - asyncssh - INFO - [conn=0, chan=324] Channel closed
2026-07-25 21:52:31,414 - asyncssh - INFO - [conn=0, chan=326] Requesting new SSH session
2026-07-25 21:52:31,414 - asyncssh - INFO - [conn=0, chan=326]   Command: kubectl top pod my-pod -n default --no-headers
2026-07-25 21:52:31,442 - asyncssh - INFO - [conn=0, chan=325] Received exit status 0
2026-07-25 21:52:31,442 - asyncssh - INFO - [conn=0, chan=325] Received channel close
2026-07-25 21:52:31,443 - asyncssh - INFO - [conn=0, chan=325] Channel closed
2026-07-25 21:52:31,443 - asyncssh - INFO - [conn=0, chan=327] Requesting new SSH session
2026-07-25 21:52:31,444 - asyncssh - INFO - [conn=0, chan=327]   Command: kubectl top pod log-generator -n default --no-headers
2026-07-25 21:52:31,491 - asyncssh - INFO - [conn=0, chan=326] Received exit status 0
2026-07-25 21:52:31,491 - asyncssh - INFO - [conn=0, chan=326] Received channel close
2026-07-25 21:52:31,492 - asyncssh - INFO - [conn=0, chan=326] Channel closed
2026-07-25 21:52:31,492 - asyncssh - INFO - [conn=0, chan=328] Requesting new SSH session
2026-07-25 21:52:31,492 - asyncssh - INFO - [conn=0, chan=328]   Command: kubectl describe pod my-pod -n default | grep -A 5 'Limits:'
2026-07-25 21:52:31,517 - asyncssh - INFO - [conn=0, chan=327] Received exit status 0
2026-07-25 21:52:31,518 - asyncssh - INFO - [conn=0, chan=327] Received channel close
2026-07-25 21:52:31,518 - asyncssh - INFO - [conn=0, chan=327] Channel closed
2026-07-25 21:52:31,519 - asyncssh - INFO - [conn=0, chan=329] Requesting new SSH session
2026-07-25 21:52:31,520 - asyncssh - INFO - [conn=0, chan=329]   Command: kubectl describe pod log-generator -n default | grep -A 5 'Limits:'
2026-07-25 21:52:31,609 - asyncssh - INFO - [conn=0, chan=328] Received exit status 1
2026-07-25 21:52:31,610 - asyncssh - INFO - [conn=0, chan=328] Received channel close
2026-07-25 21:52:31,612 - asyncssh - INFO - [conn=0, chan=328] Channel closed
2026-07-25 21:52:31,621 - asyncssh - INFO - [conn=0, chan=329] Received exit status 0
2026-07-25 21:52:31,621 - asyncssh - INFO - [conn=0, chan=329] Received channel close
2026-07-25 21:52:31,622 - asyncssh - INFO - [conn=0, chan=329] Channel closed
2026-07-25 21:52:32,730 - asyncssh - INFO - [conn=0, chan=96] Requesting new SSH session
2026-07-25 21:52:32,731 - asyncssh - INFO - [conn=0, chan=96]   Command: kubectl logs my-pod -n default --tail=50
2026-07-25 21:52:32,753 - asyncssh - INFO - [conn=0, chan=97] Requesting new SSH session
2026-07-25 21:52:32,756 - asyncssh - INFO - [conn=0, chan=97]   Command: kubectl logs log-generator -n default --tail=50
2026-07-25 21:52:32,823 - asyncssh - INFO - [conn=0, chan=96] Received exit status 0
2026-07-25 21:52:32,823 - asyncssh - INFO - [conn=0, chan=96] Received channel close
2026-07-25 21:52:32,823 - asyncssh - INFO - [conn=0, chan=96] Channel closed
2026-07-25 21:52:32,824 - asyncssh - INFO - [conn=0, chan=98] Requesting new SSH session
2026-07-25 21:52:32,824 - asyncssh - INFO - [conn=0, chan=98]   Command: kubectl top pod my-pod -n default --no-headers
2026-07-25 21:52:32,852 - asyncssh - INFO - [conn=0, chan=97] Received exit status 0
2026-07-25 21:52:32,852 - asyncssh - INFO - [conn=0, chan=97] Received channel close
2026-07-25 21:52:32,852 - asyncssh - INFO - [conn=0, chan=97] Channel closed
2026-07-25 21:52:32,853 - asyncssh - INFO - [conn=0, chan=99] Requesting new SSH session
2026-07-25 21:52:32,854 - asyncssh - INFO - [conn=0, chan=99]   Command: kubectl top pod log-generator -n default --no-headers
2026-07-25 21:52:32,890 - asyncssh - INFO - [conn=0, chan=98] Received exit status 0
2026-07-25 21:52:32,890 - asyncssh - INFO - [conn=0, chan=98] Received channel close
2026-07-25 21:52:32,891 - asyncssh - INFO - [conn=0, chan=98] Channel closed
2026-07-25 21:52:32,891 - asyncssh - INFO - [conn=0, chan=100] Requesting new SSH session
2026-07-25 21:52:32,892 - asyncssh - INFO - [conn=0, chan=100]   Command: kubectl describe pod my-pod -n default | grep -A 5 'Limits:'
2026-07-25 21:52:32,924 - asyncssh - INFO - [conn=0, chan=99] Received exit status 0
2026-07-25 21:52:32,924 - asyncssh - INFO - [conn=0, chan=99] Received channel close
2026-07-25 21:52:32,925 - asyncssh - INFO - [conn=0, chan=99] Channel closed
2026-07-25 21:52:32,925 - asyncssh - INFO - [conn=0, chan=101] Requesting new SSH session
2026-07-25 21:52:32,925 - asyncssh - INFO - [conn=0, chan=101]   Command: kubectl describe pod log-generator -n default | grep -A 5 'Limits:'
2026-07-25 21:52:32,963 - asyncssh - INFO - [conn=0, chan=100] Received exit status 1
2026-07-25 21:52:32,963 - asyncssh - INFO - [conn=0, chan=100] Received channel close
2026-07-25 21:52:32,964 - asyncssh - INFO - [conn=0, chan=100] Channel closed
2026-07-25 21:52:32,995 - asyncssh - INFO - [conn=0, chan=101] Received exit status 0
2026-07-25 21:52:32,995 - asyncssh - INFO - [conn=0, chan=101] Received channel close
2026-07-25 21:52:32,996 - asyncssh - INFO - [conn=0, chan=101] Channel closed
2026-07-25 21:52:36,614 - asyncssh - INFO - [conn=0, chan=330] Requesting new SSH session
2026-07-25 21:52:36,615 - asyncssh - INFO - [conn=0, chan=330]   Command: kubectl logs my-pod -n default --tail=50
2026-07-25 21:52:36,623 - asyncssh - INFO - [conn=0, chan=331] Requesting new SSH session
2026-07-25 21:52:36,624 - asyncssh - INFO - [conn=0, chan=331]   Command: kubectl logs log-generator -n default --tail=50
2026-07-25 21:52:36,692 - asyncssh - INFO - [conn=0, chan=330] Received exit status 0
2026-07-25 21:52:36,692 - asyncssh - INFO - [conn=0, chan=330] Received channel close
2026-07-25 21:52:36,693 - asyncssh - INFO - [conn=0, chan=330] Channel closed
2026-07-25 21:52:36,694 - asyncssh - INFO - [conn=0, chan=332] Requesting new SSH session
2026-07-25 21:52:36,695 - asyncssh - INFO - [conn=0, chan=332]   Command: kubectl top pod my-pod -n default --no-headers
2026-07-25 21:52:36,700 - asyncssh - INFO - [conn=0, chan=331] Received exit status 0
2026-07-25 21:52:36,700 - asyncssh - INFO - [conn=0, chan=331] Received channel close
2026-07-25 21:52:36,701 - asyncssh - INFO - [conn=0, chan=331] Channel closed
2026-07-25 21:52:36,701 - asyncssh - INFO - [conn=0, chan=333] Requesting new SSH session
2026-07-25 21:52:36,702 - asyncssh - INFO - [conn=0, chan=333]   Command: kubectl top pod log-generator -n default --no-headers
2026-07-25 21:52:36,754 - asyncssh - INFO - [conn=0, chan=332] Received exit status 0
2026-07-25 21:52:36,754 - asyncssh - INFO - [conn=0, chan=332] Received channel close
2026-07-25 21:52:36,755 - asyncssh - INFO - [conn=0, chan=332] Channel closed
2026-07-25 21:52:36,755 - asyncssh - INFO - [conn=0, chan=334] Requesting new SSH session
2026-07-25 21:52:36,756 - asyncssh - INFO - [conn=0, chan=334]   Command: kubectl describe pod my-pod -n default | grep -A 5 'Limits:'
2026-07-25 21:52:36,771 - asyncssh - INFO - [conn=0, chan=333] Received exit status 0
2026-07-25 21:52:36,772 - asyncssh - INFO - [conn=0, chan=333] Received channel close
2026-07-25 21:52:36,772 - asyncssh - INFO - [conn=0, chan=333] Channel closed
2026-07-25 21:52:36,773 - asyncssh - INFO - [conn=0, chan=335] Requesting new SSH session
2026-07-25 21:52:36,773 - asyncssh - INFO - [conn=0, chan=335]   Command: kubectl describe pod log-generator -n default | grep -A 5 'Limits:'
2026-07-25 21:52:36,833 - asyncssh - INFO - [conn=0, chan=334] Received exit status 1
2026-07-25 21:52:36,833 - asyncssh - INFO - [conn=0, chan=334] Received channel close
2026-07-25 21:52:36,833 - asyncssh - INFO - [conn=0, chan=334] Channel closed
2026-07-25 21:52:36,848 - asyncssh - INFO - [conn=0, chan=335] Received exit status 0
2026-07-25 21:52:36,848 - asyncssh - INFO - [conn=0, chan=335] Received channel close
2026-07-25 21:52:36,848 - asyncssh - INFO - [conn=0, chan=335] Channel closed
2026-07-25 21:52:37,965 - asyncssh - INFO - [conn=0, chan=102] Requesting new SSH session
2026-07-25 21:52:37,966 - asyncssh - INFO - [conn=0, chan=102]   Command: kubectl logs my-pod -n default --tail=50
2026-07-25 21:52:37,997 - asyncssh - INFO - [conn=0, chan=103] Requesting new SSH session
2026-07-25 21:52:37,998 - asyncssh - INFO - [conn=0, chan=103]   Command: kubectl logs log-generator -n default --tail=50
2026-07-25 21:52:38,027 - asyncssh - INFO - [conn=0, chan=102] Received exit status 0
2026-07-25 21:52:38,028 - asyncssh - INFO - [conn=0, chan=102] Received channel close
2026-07-25 21:52:38,028 - asyncssh - INFO - [conn=0, chan=102] Channel closed
2026-07-25 21:52:38,029 - asyncssh - INFO - [conn=0, chan=104] Requesting new SSH session
2026-07-25 21:52:38,029 - asyncssh - INFO - [conn=0, chan=104]   Command: kubectl top pod my-pod -n default --no-headers
2026-07-25 21:52:38,062 - asyncssh - INFO - [conn=0, chan=103] Received exit status 0
2026-07-25 21:52:38,062 - asyncssh - INFO - [conn=0, chan=103] Received channel close
2026-07-25 21:52:38,063 - asyncssh - INFO - [conn=0, chan=103] Channel closed
2026-07-25 21:52:38,063 - asyncssh - INFO - [conn=0, chan=105] Requesting new SSH session
2026-07-25 21:52:38,064 - asyncssh - INFO - [conn=0, chan=105]   Command: kubectl top pod log-generator -n default --no-headers
2026-07-25 21:52:38,089 - asyncssh - INFO - [conn=0, chan=104] Received exit status 0
2026-07-25 21:52:38,089 - asyncssh - INFO - [conn=0, chan=104] Received channel close
2026-07-25 21:52:38,089 - asyncssh - INFO - [conn=0, chan=104] Channel closed
2026-07-25 21:52:38,089 - asyncssh - INFO - [conn=0, chan=106] Requesting new SSH session
2026-07-25 21:52:38,090 - asyncssh - INFO - [conn=0, chan=106]   Command: kubectl describe pod my-pod -n default | grep -A 5 'Limits:'
2026-07-25 21:52:38,122 - asyncssh - INFO - [conn=0, chan=105] Received exit status 0
2026-07-25 21:52:38,122 - asyncssh - INFO - [conn=0, chan=105] Received channel close
2026-07-25 21:52:38,122 - asyncssh - INFO - [conn=0, chan=105] Channel closed
2026-07-25 21:52:38,122 - asyncssh - INFO - [conn=0, chan=107] Requesting new SSH session
2026-07-25 21:52:38,123 - asyncssh - INFO - [conn=0, chan=107]   Command: kubectl describe pod log-generator -n default | grep -A 5 'Limits:'
2026-07-25 21:52:38,154 - asyncssh - INFO - [conn=0, chan=106] Received exit status 1
2026-07-25 21:52:38,154 - asyncssh - INFO - [conn=0, chan=106] Received channel close
2026-07-25 21:52:38,154 - asyncssh - INFO - [conn=0, chan=106] Channel closed
2026-07-25 21:52:38,183 - asyncssh - INFO - [conn=0, chan=107] Received exit status 0
2026-07-25 21:52:38,184 - asyncssh - INFO - [conn=0, chan=107] Received channel close
2026-07-25 21:52:38,184 - asyncssh - INFO - [conn=0, chan=107] Channel closed
2026-07-25 21:52:41,835 - asyncssh - INFO - [conn=0, chan=336] Requesting new SSH session
2026-07-25 21:52:41,836 - asyncssh - INFO - [conn=0, chan=336]   Command: kubectl logs my-pod -n default --tail=50
2026-07-25 21:52:41,850 - asyncssh - INFO - [conn=0, chan=337] Requesting new SSH session
2026-07-25 21:52:41,852 - asyncssh - INFO - [conn=0, chan=337]   Command: kubectl logs log-generator -n default --tail=50
2026-07-25 21:52:41,913 - asyncssh - INFO - [conn=0, chan=336] Received exit status 0
2026-07-25 21:52:41,914 - asyncssh - INFO - [conn=0, chan=336] Received channel close
2026-07-25 21:52:41,914 - asyncssh - INFO - [conn=0, chan=336] Channel closed
2026-07-25 21:52:41,915 - asyncssh - INFO - [conn=0, chan=338] Requesting new SSH session
2026-07-25 21:52:41,916 - asyncssh - INFO - [conn=0, chan=338]   Command: kubectl top pod my-pod -n default --no-headers
2026-07-25 21:52:41,943 - asyncssh - INFO - [conn=0, chan=337] Received exit status 0
2026-07-25 21:52:41,943 - asyncssh - INFO - [conn=0, chan=337] Received channel close
2026-07-25 21:52:41,944 - asyncssh - INFO - [conn=0, chan=337] Channel closed
2026-07-25 21:52:41,945 - asyncssh - INFO - [conn=0, chan=339] Requesting new SSH session
2026-07-25 21:52:41,946 - asyncssh - INFO - [conn=0, chan=339]   Command: kubectl top pod log-generator -n default --no-headers
2026-07-25 21:52:41,988 - asyncssh - INFO - [conn=0, chan=338] Received exit status 0
2026-07-25 21:52:41,988 - asyncssh - INFO - [conn=0, chan=338] Received channel close
2026-07-25 21:52:41,989 - asyncssh - INFO - [conn=0, chan=338] Channel closed
2026-07-25 21:52:41,989 - asyncssh - INFO - [conn=0, chan=340] Requesting new SSH session
2026-07-25 21:52:41,990 - asyncssh - INFO - [conn=0, chan=340]   Command: kubectl describe pod my-pod -n default | grep -A 5 'Limits:'
2026-07-25 21:52:42,012 - asyncssh - INFO - [conn=0, chan=339] Received exit status 0
2026-07-25 21:52:42,012 - asyncssh - INFO - [conn=0, chan=339] Received channel close
2026-07-25 21:52:42,013 - asyncssh - INFO - [conn=0, chan=339] Channel closed
2026-07-25 21:52:42,013 - asyncssh - INFO - [conn=0, chan=341] Requesting new SSH session
2026-07-25 21:52:42,014 - asyncssh - INFO - [conn=0, chan=341]   Command: kubectl describe pod log-generator -n default | grep -A 5 'Limits:'
2026-07-25 21:52:42,066 - asyncssh - INFO - [conn=0, chan=340] Received exit status 1
2026-07-25 21:52:42,067 - asyncssh - INFO - [conn=0, chan=340] Received channel close
2026-07-25 21:52:42,067 - asyncssh - INFO - [conn=0, chan=340] Channel closed
2026-07-25 21:52:42,083 - asyncssh - INFO - [conn=0, chan=341] Received exit status 0
2026-07-25 21:52:42,084 - asyncssh - INFO - [conn=0, chan=341] Received channel close
2026-07-25 21:52:42,085 - asyncssh - INFO - [conn=0, chan=341] Channel closed
2026-07-25 21:52:43,155 - asyncssh - INFO - [conn=0, chan=108] Requesting new SSH session
2026-07-25 21:52:43,156 - asyncssh - INFO - [conn=0, chan=108]   Command: kubectl logs my-pod -n default --tail=50
2026-07-25 21:52:43,185 - asyncssh - INFO - [conn=0, chan=109] Requesting new SSH session
2026-07-25 21:52:43,185 - asyncssh - INFO - [conn=0, chan=109]   Command: kubectl logs log-generator -n default --tail=50
2026-07-25 21:52:43,216 - asyncssh - INFO - [conn=0, chan=108] Received exit status 0
2026-07-25 21:52:43,217 - asyncssh - INFO - [conn=0, chan=108] Received channel close
2026-07-25 21:52:43,217 - asyncssh - INFO - [conn=0, chan=108] Channel closed
2026-07-25 21:52:43,218 - asyncssh - INFO - [conn=0, chan=110] Requesting new SSH session
2026-07-25 21:52:43,219 - asyncssh - INFO - [conn=0, chan=110]   Command: kubectl top pod my-pod -n default --no-headers
2026-07-25 21:52:43,249 - asyncssh - INFO - [conn=0, chan=109] Received exit status 0
2026-07-25 21:52:43,249 - asyncssh - INFO - [conn=0, chan=109] Received channel close
2026-07-25 21:52:43,250 - asyncssh - INFO - [conn=0, chan=109] Channel closed
2026-07-25 21:52:43,250 - asyncssh - INFO - [conn=0, chan=111] Requesting new SSH session
2026-07-25 21:52:43,251 - asyncssh - INFO - [conn=0, chan=111]   Command: kubectl top pod log-generator -n default --no-headers
2026-07-25 21:52:43,273 - asyncssh - INFO - [conn=0, chan=110] Received exit status 0
2026-07-25 21:52:43,274 - asyncssh - INFO - [conn=0, chan=110] Received channel close
2026-07-25 21:52:43,274 - asyncssh - INFO - [conn=0, chan=110] Channel closed
2026-07-25 21:52:43,274 - asyncssh - INFO - [conn=0, chan=112] Requesting new SSH session
2026-07-25 21:52:43,274 - asyncssh - INFO - [conn=0, chan=112]   Command: kubectl describe pod my-pod -n default | grep -A 5 'Limits:'
2026-07-25 21:52:43,301 - asyncssh - INFO - [conn=0, chan=111] Received exit status 0
2026-07-25 21:52:43,301 - asyncssh - INFO - [conn=0, chan=111] Received channel close
2026-07-25 21:52:43,301 - asyncssh - INFO - [conn=0, chan=111] Channel closed
2026-07-25 21:52:43,301 - asyncssh - INFO - [conn=0, chan=113] Requesting new SSH session
2026-07-25 21:52:43,302 - asyncssh - INFO - [conn=0, chan=113]   Command: kubectl describe pod log-generator -n default | grep -A 5 'Limits:'
2026-07-25 21:52:43,337 - asyncssh - INFO - [conn=0, chan=112] Received exit status 1
2026-07-25 21:52:43,337 - asyncssh - INFO - [conn=0, chan=112] Received channel close
2026-07-25 21:52:43,337 - asyncssh - INFO - [conn=0, chan=112] Channel closed
2026-07-25 21:52:43,361 - asyncssh - INFO - [conn=0, chan=113] Received exit status 0
2026-07-25 21:52:43,362 - asyncssh - INFO - [conn=0, chan=113] Received channel close
2026-07-25 21:52:43,362 - asyncssh - INFO - [conn=0, chan=113] Channel closed
2026-07-25 21:52:47,068 - asyncssh - INFO - [conn=0, chan=342] Requesting new SSH session
2026-07-25 21:52:47,069 - asyncssh - INFO - [conn=0, chan=342]   Command: kubectl logs my-pod -n default --tail=50
2026-07-25 21:52:47,086 - asyncssh - INFO - [conn=0, chan=343] Requesting new SSH session
2026-07-25 21:52:47,087 - asyncssh - INFO - [conn=0, chan=343]   Command: kubectl logs log-generator -n default --tail=50
2026-07-25 21:52:47,143 - asyncssh - INFO - [conn=0, chan=342] Received exit status 0
2026-07-25 21:52:47,143 - asyncssh - INFO - [conn=0, chan=342] Received channel close
2026-07-25 21:52:47,143 - asyncssh - INFO - [conn=0, chan=342] Channel closed
2026-07-25 21:52:47,144 - asyncssh - INFO - [conn=0, chan=344] Requesting new SSH session
2026-07-25 21:52:47,145 - asyncssh - INFO - [conn=0, chan=344]   Command: kubectl top pod my-pod -n default --no-headers
2026-07-25 21:52:47,161 - asyncssh - INFO - [conn=0, chan=343] Received exit status 0
2026-07-25 21:52:47,161 - asyncssh - INFO - [conn=0, chan=343] Received channel close
2026-07-25 21:52:47,161 - asyncssh - INFO - [conn=0, chan=343] Channel closed
2026-07-25 21:52:47,162 - asyncssh - INFO - [conn=0, chan=345] Requesting new SSH session
2026-07-25 21:52:47,163 - asyncssh - INFO - [conn=0, chan=345]   Command: kubectl top pod log-generator -n default --no-headers
2026-07-25 21:52:47,209 - asyncssh - INFO - [conn=0, chan=344] Received exit status 0
2026-07-25 21:52:47,209 - asyncssh - INFO - [conn=0, chan=344] Received channel close
2026-07-25 21:52:47,209 - asyncssh - INFO - [conn=0, chan=344] Channel closed
2026-07-25 21:52:47,210 - asyncssh - INFO - [conn=0, chan=346] Requesting new SSH session
2026-07-25 21:52:47,210 - asyncssh - INFO - [conn=0, chan=346]   Command: kubectl describe pod my-pod -n default | grep -A 5 'Limits:'
2026-07-25 21:52:47,226 - asyncssh - INFO - [conn=0, chan=345] Received exit status 0
2026-07-25 21:52:47,227 - asyncssh - INFO - [conn=0, chan=345] Received channel close
2026-07-25 21:52:47,227 - asyncssh - INFO - [conn=0, chan=345] Channel closed
2026-07-25 21:52:47,228 - asyncssh - INFO - [conn=0, chan=347] Requesting new SSH session
2026-07-25 21:52:47,228 - asyncssh - INFO - [conn=0, chan=347]   Command: kubectl describe pod log-generator -n default | grep -A 5 'Limits:'
2026-07-25 21:52:47,288 - asyncssh - INFO - [conn=0, chan=346] Received exit status 1
2026-07-25 21:52:47,289 - asyncssh - INFO - [conn=0, chan=346] Received channel close
2026-07-25 21:52:47,289 - asyncssh - INFO - [conn=0, chan=346] Channel closed
2026-07-25 21:52:47,305 - asyncssh - INFO - [conn=0, chan=347] Received exit status 0
2026-07-25 21:52:47,305 - asyncssh - INFO - [conn=0, chan=347] Received channel close
2026-07-25 21:52:47,306 - asyncssh - INFO - [conn=0, chan=347] Channel closed
2026-07-25 21:52:48,339 - asyncssh - INFO - [conn=0, chan=114] Requesting new SSH session
2026-07-25 21:52:48,340 - asyncssh - INFO - [conn=0, chan=114]   Command: kubectl logs my-pod -n default --tail=50
2026-07-25 21:52:48,362 - asyncssh - INFO - [conn=0, chan=115] Requesting new SSH session
2026-07-25 21:52:48,363 - asyncssh - INFO - [conn=0, chan=115]   Command: kubectl logs log-generator -n default --tail=50
2026-07-25 21:52:48,403 - asyncssh - INFO - [conn=0, chan=114] Received exit status 0
2026-07-25 21:52:48,404 - asyncssh - INFO - [conn=0, chan=114] Received channel close
2026-07-25 21:52:48,404 - asyncssh - INFO - [conn=0, chan=114] Channel closed
2026-07-25 21:52:48,404 - asyncssh - INFO - [conn=0, chan=116] Requesting new SSH session
2026-07-25 21:52:48,405 - asyncssh - INFO - [conn=0, chan=116]   Command: kubectl top pod my-pod -n default --no-headers
2026-07-25 21:52:48,426 - asyncssh - INFO - [conn=0, chan=115] Received exit status 0
2026-07-25 21:52:48,426 - asyncssh - INFO - [conn=0, chan=115] Received channel close
2026-07-25 21:52:48,426 - asyncssh - INFO - [conn=0, chan=115] Channel closed
2026-07-25 21:52:48,427 - asyncssh - INFO - [conn=0, chan=117] Requesting new SSH session
2026-07-25 21:52:48,427 - asyncssh - INFO - [conn=0, chan=117]   Command: kubectl top pod log-generator -n default --no-headers
2026-07-25 21:52:48,455 - asyncssh - INFO - [conn=0, chan=116] Received exit status 0
2026-07-25 21:52:48,455 - asyncssh - INFO - [conn=0, chan=116] Received channel close
2026-07-25 21:52:48,456 - asyncssh - INFO - [conn=0, chan=116] Channel closed
2026-07-25 21:52:48,456 - asyncssh - INFO - [conn=0, chan=118] Requesting new SSH session
2026-07-25 21:52:48,456 - asyncssh - INFO - [conn=0, chan=118]   Command: kubectl describe pod my-pod -n default | grep -A 5 'Limits:'
2026-07-25 21:52:48,482 - asyncssh - INFO - [conn=0, chan=117] Received exit status 0
2026-07-25 21:52:48,482 - asyncssh - INFO - [conn=0, chan=117] Received channel close
2026-07-25 21:52:48,483 - asyncssh - INFO - [conn=0, chan=117] Channel closed
2026-07-25 21:52:48,483 - asyncssh - INFO - [conn=0, chan=119] Requesting new SSH session
2026-07-25 21:52:48,483 - asyncssh - INFO - [conn=0, chan=119]   Command: kubectl describe pod log-generator -n default | grep -A 5 'Limits:'
2026-07-25 21:52:48,516 - asyncssh - INFO - [conn=0, chan=118] Received exit status 1
2026-07-25 21:52:48,517 - asyncssh - INFO - [conn=0, chan=118] Received channel close
2026-07-25 21:52:48,517 - asyncssh - INFO - [conn=0, chan=118] Channel closed
2026-07-25 21:52:48,542 - asyncssh - INFO - [conn=0, chan=119] Received exit status 0
2026-07-25 21:52:48,543 - asyncssh - INFO - [conn=0, chan=119] Received channel close
2026-07-25 21:52:48,543 - asyncssh - INFO - [conn=0, chan=119] Channel closed
2026-07-25 21:52:52,291 - asyncssh - INFO - [conn=0, chan=348] Requesting new SSH session
2026-07-25 21:52:52,292 - asyncssh - INFO - [conn=0, chan=348]   Command: kubectl logs my-pod -n default --tail=50
2026-07-25 21:52:52,308 - asyncssh - INFO - [conn=0, chan=349] Requesting new SSH session
2026-07-25 21:52:52,310 - asyncssh - INFO - [conn=0, chan=349]   Command: kubectl logs log-generator -n default --tail=50
2026-07-25 21:52:52,374 - asyncssh - INFO - [conn=0, chan=348] Received exit status 0
2026-07-25 21:52:52,374 - asyncssh - INFO - [conn=0, chan=348] Received channel close
2026-07-25 21:52:52,375 - asyncssh - INFO - [conn=0, chan=348] Channel closed
2026-07-25 21:52:52,376 - asyncssh - INFO - [conn=0, chan=350] Requesting new SSH session
2026-07-25 21:52:52,376 - asyncssh - INFO - [conn=0, chan=350]   Command: kubectl top pod my-pod -n default --no-headers
2026-07-25 21:52:52,384 - asyncssh - INFO - [conn=0, chan=349] Received exit status 0
2026-07-25 21:52:52,384 - asyncssh - INFO - [conn=0, chan=349] Received channel close
2026-07-25 21:52:52,385 - asyncssh - INFO - [conn=0, chan=349] Channel closed
2026-07-25 21:52:52,386 - asyncssh - INFO - [conn=0, chan=351] Requesting new SSH session
2026-07-25 21:52:52,386 - asyncssh - INFO - [conn=0, chan=351]   Command: kubectl top pod log-generator -n default --no-headers
2026-07-25 21:52:52,440 - asyncssh - INFO - [conn=0, chan=350] Received exit status 0
2026-07-25 21:52:52,440 - asyncssh - INFO - [conn=0, chan=350] Received channel close
2026-07-25 21:52:52,440 - asyncssh - INFO - [conn=0, chan=350] Channel closed
2026-07-25 21:52:52,441 - asyncssh - INFO - [conn=0, chan=352] Requesting new SSH session
2026-07-25 21:52:52,442 - asyncssh - INFO - [conn=0, chan=352]   Command: kubectl describe pod my-pod -n default | grep -A 5 'Limits:'
2026-07-25 21:52:52,446 - asyncssh - INFO - [conn=0, chan=351] Received exit status 0
2026-07-25 21:52:52,446 - asyncssh - INFO - [conn=0, chan=351] Received channel close
2026-07-25 21:52:52,446 - asyncssh - INFO - [conn=0, chan=351] Channel closed
2026-07-25 21:52:52,447 - asyncssh - INFO - [conn=0, chan=353] Requesting new SSH session
2026-07-25 21:52:52,447 - asyncssh - INFO - [conn=0, chan=353]   Command: kubectl describe pod log-generator -n default | grep -A 5 'Limits:'
2026-07-25 21:52:52,512 - asyncssh - INFO - [conn=0, chan=352] Received exit status 1
2026-07-25 21:52:52,513 - asyncssh - INFO - [conn=0, chan=352] Received channel close
2026-07-25 21:52:52,513 - asyncssh - INFO - [conn=0, chan=352] Channel closed
2026-07-25 21:52:52,516 - asyncssh - INFO - [conn=0, chan=353] Received exit status 0
2026-07-25 21:52:52,516 - asyncssh - INFO - [conn=0, chan=353] Received channel close
2026-07-25 21:52:52,516 - asyncssh - INFO - [conn=0, chan=353] Channel closed
2026-07-25 21:52:53,518 - asyncssh - INFO - [conn=0, chan=120] Requesting new SSH session
2026-07-25 21:52:53,519 - asyncssh - INFO - [conn=0, chan=120]   Command: kubectl logs my-pod -n default --tail=50
2026-07-25 21:52:53,544 - asyncssh - INFO - [conn=0, chan=121] Requesting new SSH session
2026-07-25 21:52:53,545 - asyncssh - INFO - [conn=0, chan=121]   Command: kubectl logs log-generator -n default --tail=50
2026-07-25 21:52:53,611 - asyncssh - INFO - [conn=0, chan=120] Received exit status 0
2026-07-25 21:52:53,611 - asyncssh - INFO - [conn=0, chan=120] Received channel close
2026-07-25 21:52:53,612 - asyncssh - INFO - [conn=0, chan=120] Channel closed
2026-07-25 21:52:53,626 - asyncssh - INFO - [conn=0, chan=122] Requesting new SSH session
2026-07-25 21:52:53,631 - asyncssh - INFO - [conn=0, chan=121] Received exit status 0
2026-07-25 21:52:53,631 - asyncssh - INFO - [conn=0, chan=121] Received channel close
2026-07-25 21:52:53,633 - asyncssh - INFO - [conn=0, chan=121] Channel closed
2026-07-25 21:52:53,633 - asyncssh - INFO - [conn=0, chan=122]   Command: kubectl top pod my-pod -n default --no-headers
2026-07-25 21:52:53,634 - asyncssh - INFO - [conn=0, chan=123] Requesting new SSH session
2026-07-25 21:52:53,635 - asyncssh - INFO - [conn=0, chan=123]   Command: kubectl top pod log-generator -n default --no-headers
2026-07-25 21:52:53,691 - asyncssh - INFO - [conn=0, chan=123] Received exit status 0
2026-07-25 21:52:53,691 - asyncssh - INFO - [conn=0, chan=123] Received channel close
2026-07-25 21:52:53,691 - asyncssh - INFO - [conn=0, chan=123] Channel closed
2026-07-25 21:52:53,691 - asyncssh - INFO - [conn=0, chan=124] Requesting new SSH session
2026-07-25 21:52:53,692 - asyncssh - INFO - [conn=0, chan=124]   Command: kubectl describe pod log-generator -n default | grep -A 5 'Limits:'
2026-07-25 21:52:53,693 - asyncssh - INFO - [conn=0, chan=122] Received exit status 0
2026-07-25 21:52:53,694 - asyncssh - INFO - [conn=0, chan=122] Received channel close
2026-07-25 21:52:53,694 - asyncssh - INFO - [conn=0, chan=122] Channel closed
2026-07-25 21:52:53,694 - asyncssh - INFO - [conn=0, chan=125] Requesting new SSH session
2026-07-25 21:52:53,695 - asyncssh - INFO - [conn=0, chan=125]   Command: kubectl describe pod my-pod -n default | grep -A 5 'Limits:'
2026-07-25 21:52:53,756 - asyncssh - INFO - [conn=0, chan=124] Received exit status 0
2026-07-25 21:52:53,756 - asyncssh - INFO - [conn=0, chan=124] Received channel close
2026-07-25 21:52:53,757 - asyncssh - INFO - [conn=0, chan=124] Channel closed
2026-07-25 21:52:53,757 - asyncssh - INFO - [conn=0, chan=125] Received exit status 1
2026-07-25 21:52:53,757 - asyncssh - INFO - [conn=0, chan=125] Received channel close
2026-07-25 21:52:53,758 - asyncssh - INFO - [conn=0, chan=125] Channel closed
2026-07-25 21:52:57,514 - asyncssh - INFO - [conn=0, chan=354] Requesting new SSH session
2026-07-25 21:52:57,516 - asyncssh - INFO - [conn=0, chan=354]   Command: kubectl logs my-pod -n default --tail=50
2026-07-25 21:52:57,517 - asyncssh - INFO - [conn=0, chan=355] Requesting new SSH session
2026-07-25 21:52:57,518 - asyncssh - INFO - [conn=0, chan=355]   Command: kubectl logs log-generator -n default --tail=50
2026-07-25 21:52:57,581 - asyncssh - INFO - [conn=0, chan=354] Received exit status 0
2026-07-25 21:52:57,582 - asyncssh - INFO - [conn=0, chan=354] Received channel close
2026-07-25 21:52:57,582 - asyncssh - INFO - [conn=0, chan=354] Channel closed
2026-07-25 21:52:57,582 - asyncssh - INFO - [conn=0, chan=356] Requesting new SSH session
2026-07-25 21:52:57,583 - asyncssh - INFO - [conn=0, chan=356]   Command: kubectl top pod my-pod -n default --no-headers
2026-07-25 21:52:57,586 - asyncssh - INFO - [conn=0, chan=355] Received exit status 0
2026-07-25 21:52:57,586 - asyncssh - INFO - [conn=0, chan=355] Received channel close
2026-07-25 21:52:57,586 - asyncssh - INFO - [conn=0, chan=355] Channel closed
2026-07-25 21:52:57,587 - asyncssh - INFO - [conn=0, chan=357] Requesting new SSH session
2026-07-25 21:52:57,587 - asyncssh - INFO - [conn=0, chan=357]   Command: kubectl top pod log-generator -n default --no-headers
2026-07-25 21:52:57,653 - asyncssh - INFO - [conn=0, chan=357] Received exit status 0
2026-07-25 21:52:57,653 - asyncssh - INFO - [conn=0, chan=357] Received channel close
2026-07-25 21:52:57,653 - asyncssh - INFO - [conn=0, chan=357] Channel closed
2026-07-25 21:52:57,653 - asyncssh - INFO - [conn=0, chan=358] Requesting new SSH session
2026-07-25 21:52:57,654 - asyncssh - INFO - [conn=0, chan=356] Received exit status 0
2026-07-25 21:52:57,654 - asyncssh - INFO - [conn=0, chan=356] Received channel close
2026-07-25 21:52:57,654 - asyncssh - INFO - [conn=0, chan=356] Channel closed
2026-07-25 21:52:57,654 - asyncssh - INFO - [conn=0, chan=359] Requesting new SSH session
2026-07-25 21:52:57,655 - asyncssh - INFO - [conn=0, chan=358]   Command: kubectl describe pod log-generator -n default | grep -A 5 'Limits:'
2026-07-25 21:52:57,655 - asyncssh - INFO - [conn=0, chan=359]   Command: kubectl describe pod my-pod -n default | grep -A 5 'Limits:'
2026-07-25 21:52:57,727 - asyncssh - INFO - [conn=0, chan=359] Received exit status 1
2026-07-25 21:52:57,727 - asyncssh - INFO - [conn=0, chan=359] Received channel close
2026-07-25 21:52:57,728 - asyncssh - INFO - [conn=0, chan=359] Channel closed
2026-07-25 21:52:57,729 - asyncssh - INFO - [conn=0, chan=358] Received exit status 0
2026-07-25 21:52:57,730 - asyncssh - INFO - [conn=0, chan=358] Received channel close
2026-07-25 21:52:57,730 - asyncssh - INFO - [conn=0, chan=358] Channel closed
2026-07-25 21:52:58,758 - asyncssh - INFO - [conn=0, chan=126] Requesting new SSH session
2026-07-25 21:52:58,759 - asyncssh - INFO - [conn=0, chan=127] Requesting new SSH session
2026-07-25 21:52:58,759 - asyncssh - INFO - [conn=0, chan=126]   Command: kubectl logs log-generator -n default --tail=50
2026-07-25 21:52:58,760 - asyncssh - INFO - [conn=0, chan=127]   Command: kubectl logs my-pod -n default --tail=50
2026-07-25 21:52:58,825 - asyncssh - INFO - [conn=0, chan=127] Received exit status 0
2026-07-25 21:52:58,826 - asyncssh - INFO - [conn=0, chan=127] Received channel close
2026-07-25 21:52:58,826 - asyncssh - INFO - [conn=0, chan=127] Channel closed
2026-07-25 21:52:58,826 - asyncssh - INFO - [conn=0, chan=126] Received exit status 0
2026-07-25 21:52:58,827 - asyncssh - INFO - [conn=0, chan=126] Received channel close
2026-07-25 21:52:58,827 - asyncssh - INFO - [conn=0, chan=128] Requesting new SSH session
2026-07-25 21:52:58,827 - asyncssh - INFO - [conn=0, chan=126] Channel closed
2026-07-25 21:52:58,828 - asyncssh - INFO - [conn=0, chan=129] Requesting new SSH session
2026-07-25 21:52:58,828 - asyncssh - INFO - [conn=0, chan=128]   Command: kubectl top pod my-pod -n default --no-headers
2026-07-25 21:52:58,829 - asyncssh - INFO - [conn=0, chan=129]   Command: kubectl top pod log-generator -n default --no-headers
2026-07-25 21:52:58,882 - asyncssh - INFO - [conn=0, chan=128] Received exit status 0
2026-07-25 21:52:58,882 - asyncssh - INFO - [conn=0, chan=128] Received channel close
2026-07-25 21:52:58,883 - asyncssh - INFO - [conn=0, chan=128] Channel closed
2026-07-25 21:52:58,883 - asyncssh - INFO - [conn=0, chan=129] Received exit status 0
2026-07-25 21:52:58,883 - asyncssh - INFO - [conn=0, chan=129] Received channel close
2026-07-25 21:52:58,883 - asyncssh - INFO - [conn=0, chan=130] Requesting new SSH session
2026-07-25 21:52:58,884 - asyncssh - INFO - [conn=0, chan=129] Channel closed
2026-07-25 21:52:58,884 - asyncssh - INFO - [conn=0, chan=131] Requesting new SSH session
2026-07-25 21:52:58,884 - asyncssh - INFO - [conn=0, chan=130]   Command: kubectl describe pod my-pod -n default | grep -A 5 'Limits:'
2026-07-25 21:52:58,884 - asyncssh - INFO - [conn=0, chan=131]   Command: kubectl describe pod log-generator -n default | grep -A 5 'Limits:'
2026-07-25 21:52:58,949 - asyncssh - INFO - [conn=0, chan=130] Received exit status 1
2026-07-25 21:52:58,949 - asyncssh - INFO - [conn=0, chan=130] Received channel close
2026-07-25 21:52:58,949 - asyncssh - INFO - [conn=0, chan=130] Channel closed
2026-07-25 21:52:58,950 - asyncssh - INFO - [conn=0, chan=131] Received exit status 0
2026-07-25 21:52:58,951 - asyncssh - INFO - [conn=0, chan=131] Received channel close
2026-07-25 21:52:58,951 - asyncssh - INFO - [conn=0, chan=131] Channel closed
2026-07-25 21:53:02,729 - asyncssh - INFO - [conn=0, chan=360] Requesting new SSH session
2026-07-25 21:53:02,730 - asyncssh - INFO - [conn=0, chan=360]   Command: kubectl logs my-pod -n default --tail=50
2026-07-25 21:53:02,730 - asyncssh - INFO - [conn=0, chan=361] Requesting new SSH session
2026-07-25 21:53:02,732 - asyncssh - INFO - [conn=0, chan=361]   Command: kubectl logs log-generator -n default --tail=50
2026-07-25 21:53:02,800 - asyncssh - INFO - [conn=0, chan=360] Received exit status 0
2026-07-25 21:53:02,800 - asyncssh - INFO - [conn=0, chan=360] Received channel close
2026-07-25 21:53:02,801 - asyncssh - INFO - [conn=0, chan=360] Channel closed
2026-07-25 21:53:02,801 - asyncssh - INFO - [conn=0, chan=362] Requesting new SSH session
2026-07-25 21:53:02,802 - asyncssh - INFO - [conn=0, chan=362]   Command: kubectl top pod my-pod -n default --no-headers
2026-07-25 21:53:02,806 - asyncssh - INFO - [conn=0, chan=361] Received exit status 0
2026-07-25 21:53:02,807 - asyncssh - INFO - [conn=0, chan=361] Received channel close
2026-07-25 21:53:02,807 - asyncssh - INFO - [conn=0, chan=361] Channel closed
2026-07-25 21:53:02,808 - asyncssh - INFO - [conn=0, chan=363] Requesting new SSH session
2026-07-25 21:53:02,808 - asyncssh - INFO - [conn=0, chan=363]   Command: kubectl top pod log-generator -n default --no-headers
2026-07-25 21:53:02,868 - asyncssh - INFO - [conn=0, chan=362] Received exit status 0
2026-07-25 21:53:02,869 - asyncssh - INFO - [conn=0, chan=362] Received channel close
2026-07-25 21:53:02,869 - asyncssh - INFO - [conn=0, chan=362] Channel closed
2026-07-25 21:53:02,869 - asyncssh - INFO - [conn=0, chan=364] Requesting new SSH session
2026-07-25 21:53:02,870 - asyncssh - INFO - [conn=0, chan=364]   Command: kubectl describe pod my-pod -n default | grep -A 5 'Limits:'
2026-07-25 21:53:02,871 - asyncssh - INFO - [conn=0, chan=363] Received exit status 0
2026-07-25 21:53:02,871 - asyncssh - INFO - [conn=0, chan=363] Received channel close
2026-07-25 21:53:02,872 - asyncssh - INFO - [conn=0, chan=363] Channel closed
2026-07-25 21:53:02,872 - asyncssh - INFO - [conn=0, chan=365] Requesting new SSH session
2026-07-25 21:53:02,872 - asyncssh - INFO - [conn=0, chan=365]   Command: kubectl describe pod log-generator -n default | grep -A 5 'Limits:'
2026-07-25 21:53:02,938 - asyncssh - INFO - [conn=0, chan=364] Received exit status 1
2026-07-25 21:53:02,938 - asyncssh - INFO - [conn=0, chan=364] Received channel close
2026-07-25 21:53:02,939 - asyncssh - INFO - [conn=0, chan=364] Channel closed
2026-07-25 21:53:02,939 - asyncssh - INFO - [conn=0, chan=365] Received exit status 0
2026-07-25 21:53:02,939 - asyncssh - INFO - [conn=0, chan=365] Received channel close
2026-07-25 21:53:02,939 - asyncssh - INFO - [conn=0, chan=365] Channel closed
2026-07-25 21:53:03,951 - asyncssh - INFO - [conn=0, chan=132] Requesting new SSH session
2026-07-25 21:53:03,951 - asyncssh - INFO - [conn=0, chan=133] Requesting new SSH session
2026-07-25 21:53:03,952 - asyncssh - INFO - [conn=0, chan=132]   Command: kubectl logs my-pod -n default --tail=50
2026-07-25 21:53:03,952 - asyncssh - INFO - [conn=0, chan=133]   Command: kubectl logs log-generator -n default --tail=50
2026-07-25 21:53:04,014 - asyncssh - INFO - [conn=0, chan=132] Received exit status 0
2026-07-25 21:53:04,015 - asyncssh - INFO - [conn=0, chan=133] Received exit status 0
2026-07-25 21:53:04,015 - asyncssh - INFO - [conn=0, chan=133] Received channel close
2026-07-25 21:53:04,015 - asyncssh - INFO - [conn=0, chan=132] Received channel close
2026-07-25 21:53:04,015 - asyncssh - INFO - [conn=0, chan=133] Channel closed
2026-07-25 21:53:04,015 - asyncssh - INFO - [conn=0, chan=132] Channel closed
2026-07-25 21:53:04,016 - asyncssh - INFO - [conn=0, chan=134] Requesting new SSH session
2026-07-25 21:53:04,016 - asyncssh - INFO - [conn=0, chan=135] Requesting new SSH session
2026-07-25 21:53:04,016 - asyncssh - INFO - [conn=0, chan=134]   Command: kubectl top pod log-generator -n default --no-headers
2026-07-25 21:53:04,017 - asyncssh - INFO - [conn=0, chan=135]   Command: kubectl top pod my-pod -n default --no-headers
2026-07-25 21:53:04,073 - asyncssh - INFO - [conn=0, chan=135] Received exit status 0
2026-07-25 21:53:04,074 - asyncssh - INFO - [conn=0, chan=135] Received channel close
2026-07-25 21:53:04,074 - asyncssh - INFO - [conn=0, chan=135] Channel closed
2026-07-25 21:53:04,074 - asyncssh - INFO - [conn=0, chan=136] Requesting new SSH session
2026-07-25 21:53:04,075 - asyncssh - INFO - [conn=0, chan=134] Received exit status 0
2026-07-25 21:53:04,075 - asyncssh - INFO - [conn=0, chan=134] Received channel close
2026-07-25 21:53:04,075 - asyncssh - INFO - [conn=0, chan=134] Channel closed
2026-07-25 21:53:04,076 - asyncssh - INFO - [conn=0, chan=137] Requesting new SSH session
2026-07-25 21:53:04,076 - asyncssh - INFO - [conn=0, chan=136]   Command: kubectl describe pod my-pod -n default | grep -A 5 'Limits:'
2026-07-25 21:53:04,076 - asyncssh - INFO - [conn=0, chan=137]   Command: kubectl describe pod log-generator -n default | grep -A 5 'Limits:'
2026-07-25 21:53:04,135 - asyncssh - INFO - [conn=0, chan=136] Received exit status 1
2026-07-25 21:53:04,135 - asyncssh - INFO - [conn=0, chan=136] Received channel close
2026-07-25 21:53:04,135 - asyncssh - INFO - [conn=0, chan=136] Channel closed
2026-07-25 21:53:04,136 - asyncssh - INFO - [conn=0, chan=137] Received exit status 0
2026-07-25 21:53:04,136 - asyncssh - INFO - [conn=0, chan=137] Received channel close
2026-07-25 21:53:04,136 - asyncssh - INFO - [conn=0, chan=137] Channel closed
2026-07-25 21:53:07,940 - asyncssh - INFO - [conn=0, chan=366] Requesting new SSH session
2026-07-25 21:53:07,941 - asyncssh - INFO - [conn=0, chan=367] Requesting new SSH session
2026-07-25 21:53:07,942 - asyncssh - INFO - [conn=0, chan=366]   Command: kubectl logs my-pod -n default --tail=50
2026-07-25 21:53:07,942 - asyncssh - INFO - [conn=0, chan=367]   Command: kubectl logs log-generator -n default --tail=50
2026-07-25 21:53:08,009 - asyncssh - INFO - [conn=0, chan=366] Received exit status 0
2026-07-25 21:53:08,009 - asyncssh - INFO - [conn=0, chan=366] Received channel close
2026-07-25 21:53:08,010 - asyncssh - INFO - [conn=0, chan=366] Channel closed
2026-07-25 21:53:08,010 - asyncssh - INFO - [conn=0, chan=367] Received exit status 0
2026-07-25 21:53:08,010 - asyncssh - INFO - [conn=0, chan=367] Received channel close
2026-07-25 21:53:08,011 - asyncssh - INFO - [conn=0, chan=368] Requesting new SSH session
2026-07-25 21:53:08,011 - asyncssh - INFO - [conn=0, chan=367] Channel closed
2026-07-25 21:53:08,012 - asyncssh - INFO - [conn=0, chan=369] Requesting new SSH session
2026-07-25 21:53:08,012 - asyncssh - INFO - [conn=0, chan=368]   Command: kubectl top pod my-pod -n default --no-headers
2026-07-25 21:53:08,012 - asyncssh - INFO - [conn=0, chan=369]   Command: kubectl top pod log-generator -n default --no-headers
2026-07-25 21:53:08,073 - asyncssh - INFO - [conn=0, chan=369] Received exit status 0
2026-07-25 21:53:08,074 - asyncssh - INFO - [conn=0, chan=369] Received channel close
2026-07-25 21:53:08,074 - asyncssh - INFO - [conn=0, chan=369] Channel closed
2026-07-25 21:53:08,075 - asyncssh - INFO - [conn=0, chan=370] Requesting new SSH session
2026-07-25 21:53:08,075 - asyncssh - INFO - [conn=0, chan=368] Received exit status 0
2026-07-25 21:53:08,075 - asyncssh - INFO - [conn=0, chan=368] Received channel close
2026-07-25 21:53:08,076 - asyncssh - INFO - [conn=0, chan=368] Channel closed
2026-07-25 21:53:08,076 - asyncssh - INFO - [conn=0, chan=371] Requesting new SSH session
2026-07-25 21:53:08,076 - asyncssh - INFO - [conn=0, chan=370]   Command: kubectl describe pod log-generator -n default | grep -A 5 'Limits:'
2026-07-25 21:53:08,076 - asyncssh - INFO - [conn=0, chan=371]   Command: kubectl describe pod my-pod -n default | grep -A 5 'Limits:'
2026-07-25 21:53:08,142 - asyncssh - INFO - [conn=0, chan=371] Received exit status 1
2026-07-25 21:53:08,142 - asyncssh - INFO - [conn=0, chan=371] Received channel close
2026-07-25 21:53:08,142 - asyncssh - INFO - [conn=0, chan=371] Channel closed
2026-07-25 21:53:08,145 - asyncssh - INFO - [conn=0, chan=370] Received exit status 0
2026-07-25 21:53:08,145 - asyncssh - INFO - [conn=0, chan=370] Received channel close
2026-07-25 21:53:08,146 - asyncssh - INFO - [conn=0, chan=370] Channel closed
2026-07-25 21:53:09,137 - asyncssh - INFO - [conn=0, chan=138] Requesting new SSH session
2026-07-25 21:53:09,138 - asyncssh - INFO - [conn=0, chan=139] Requesting new SSH session
2026-07-25 21:53:09,138 - asyncssh - INFO - [conn=0, chan=138]   Command: kubectl logs my-pod -n default --tail=50
2026-07-25 21:53:09,138 - asyncssh - INFO - [conn=0, chan=139]   Command: kubectl logs log-generator -n default --tail=50
2026-07-25 21:53:09,206 - asyncssh - INFO - [conn=0, chan=138] Received exit status 0
2026-07-25 21:53:09,207 - asyncssh - INFO - [conn=0, chan=139] Received exit status 0
2026-07-25 21:53:09,207 - asyncssh - INFO - [conn=0, chan=139] Received channel close
2026-07-25 21:53:09,207 - asyncssh - INFO - [conn=0, chan=138] Received channel close
2026-07-25 21:53:09,207 - asyncssh - INFO - [conn=0, chan=139] Channel closed
2026-07-25 21:53:09,207 - asyncssh - INFO - [conn=0, chan=138] Channel closed
2026-07-25 21:53:09,208 - asyncssh - INFO - [conn=0, chan=140] Requesting new SSH session
2026-07-25 21:53:09,208 - asyncssh - INFO - [conn=0, chan=141] Requesting new SSH session
2026-07-25 21:53:09,208 - asyncssh - INFO - [conn=0, chan=140]   Command: kubectl top pod log-generator -n default --no-headers
2026-07-25 21:53:09,209 - asyncssh - INFO - [conn=0, chan=141]   Command: kubectl top pod my-pod -n default --no-headers
2026-07-25 21:53:09,266 - asyncssh - INFO - [conn=0, chan=140] Received exit status 0
2026-07-25 21:53:09,266 - asyncssh - INFO - [conn=0, chan=141] Received exit status 0
2026-07-25 21:53:09,266 - asyncssh - INFO - [conn=0, chan=140] Received channel close
2026-07-25 21:53:09,266 - asyncssh - INFO - [conn=0, chan=141] Received channel close
2026-07-25 21:53:09,266 - asyncssh - INFO - [conn=0, chan=140] Channel closed
2026-07-25 21:53:09,267 - asyncssh - INFO - [conn=0, chan=141] Channel closed
2026-07-25 21:53:09,267 - asyncssh - INFO - [conn=0, chan=142] Requesting new SSH session
2026-07-25 21:53:09,267 - asyncssh - INFO - [conn=0, chan=143] Requesting new SSH session
2026-07-25 21:53:09,267 - asyncssh - INFO - [conn=0, chan=142]   Command: kubectl describe pod log-generator -n default | grep -A 5 'Limits:'
2026-07-25 21:53:09,268 - asyncssh - INFO - [conn=0, chan=143]   Command: kubectl describe pod my-pod -n default | grep -A 5 'Limits:'
2026-07-25 21:53:09,326 - asyncssh - INFO - [conn=0, chan=142] Received exit status 0
2026-07-25 21:53:09,326 - asyncssh - INFO - [conn=0, chan=142] Received channel close
2026-07-25 21:53:09,327 - asyncssh - INFO - [conn=0, chan=142] Channel closed
2026-07-25 21:53:09,327 - asyncssh - INFO - [conn=0, chan=143] Received exit status 1
2026-07-25 21:53:09,327 - asyncssh - INFO - [conn=0, chan=143] Received channel close
2026-07-25 21:53:09,327 - asyncssh - INFO - [conn=0, chan=143] Channel closed
2026-07-25 21:53:13,143 - asyncssh - INFO - [conn=0, chan=372] Requesting new SSH session
2026-07-25 21:53:13,144 - asyncssh - INFO - [conn=0, chan=372]   Command: kubectl logs my-pod -n default --tail=50
2026-07-25 21:53:13,146 - asyncssh - INFO - [conn=0, chan=373] Requesting new SSH session
2026-07-25 21:53:13,148 - asyncssh - INFO - [conn=0, chan=373]   Command: kubectl logs log-generator -n default --tail=50
2026-07-25 21:53:13,211 - asyncssh - INFO - [conn=0, chan=372] Received exit status 0
2026-07-25 21:53:13,211 - asyncssh - INFO - [conn=0, chan=372] Received channel close
2026-07-25 21:53:13,212 - asyncssh - INFO - [conn=0, chan=372] Channel closed
2026-07-25 21:53:13,212 - asyncssh - INFO - [conn=0, chan=374] Requesting new SSH session
2026-07-25 21:53:13,213 - asyncssh - INFO - [conn=0, chan=373] Received exit status 0
2026-07-25 21:53:13,213 - asyncssh - INFO - [conn=0, chan=373] Received channel close
2026-07-25 21:53:13,213 - asyncssh - INFO - [conn=0, chan=373] Channel closed
2026-07-25 21:53:13,214 - asyncssh - INFO - [conn=0, chan=375] Requesting new SSH session
2026-07-25 21:53:13,214 - asyncssh - INFO - [conn=0, chan=374]   Command: kubectl top pod my-pod -n default --no-headers
2026-07-25 21:53:13,215 - asyncssh - INFO - [conn=0, chan=375]   Command: kubectl top pod log-generator -n default --no-headers
2026-07-25 21:53:13,275 - asyncssh - INFO - [conn=0, chan=374] Received exit status 0
2026-07-25 21:53:13,275 - asyncssh - INFO - [conn=0, chan=374] Received channel close
2026-07-25 21:53:13,275 - asyncssh - INFO - [conn=0, chan=374] Channel closed
2026-07-25 21:53:13,276 - asyncssh - INFO - [conn=0, chan=376] Requesting new SSH session
2026-07-25 21:53:13,276 - asyncssh - INFO - [conn=0, chan=376]   Command: kubectl describe pod my-pod -n default | grep -A 5 'Limits:'
2026-07-25 21:53:13,278 - asyncssh - INFO - [conn=0, chan=375] Received exit status 0
2026-07-25 21:53:13,278 - asyncssh - INFO - [conn=0, chan=375] Received channel close
2026-07-25 21:53:13,278 - asyncssh - INFO - [conn=0, chan=375] Channel closed
2026-07-25 21:53:13,279 - asyncssh - INFO - [conn=0, chan=377] Requesting new SSH session
2026-07-25 21:53:13,279 - asyncssh - INFO - [conn=0, chan=377]   Command: kubectl describe pod log-generator -n default | grep -A 5 'Limits:'
2026-07-25 21:53:13,340 - asyncssh - INFO - [conn=0, chan=376] Received exit status 1
2026-07-25 21:53:13,340 - asyncssh - INFO - [conn=0, chan=376] Received channel close
2026-07-25 21:53:13,340 - asyncssh - INFO - [conn=0, chan=376] Channel closed
2026-07-25 21:53:13,342 - asyncssh - INFO - [conn=0, chan=377] Received exit status 0
2026-07-25 21:53:13,342 - asyncssh - INFO - [conn=0, chan=377] Received channel close
2026-07-25 21:53:13,342 - asyncssh - INFO - [conn=0, chan=377] Channel closed
2026-07-25 21:53:14,328 - asyncssh - INFO - [conn=0, chan=144] Requesting new SSH session
2026-07-25 21:53:14,328 - asyncssh - INFO - [conn=0, chan=145] Requesting new SSH session
2026-07-25 21:53:14,329 - asyncssh - INFO - [conn=0, chan=144]   Command: kubectl logs log-generator -n default --tail=50
2026-07-25 21:53:14,329 - asyncssh - INFO - [conn=0, chan=145]   Command: kubectl logs my-pod -n default --tail=50
2026-07-25 21:53:14,387 - asyncssh - INFO - [conn=0, chan=144] Received exit status 0
2026-07-25 21:53:14,387 - asyncssh - INFO - [conn=0, chan=144] Received channel close
2026-07-25 21:53:14,387 - asyncssh - INFO - [conn=0, chan=144] Channel closed
2026-07-25 21:53:14,388 - asyncssh - INFO - [conn=0, chan=146] Requesting new SSH session
2026-07-25 21:53:14,388 - asyncssh - INFO - [conn=0, chan=145] Received exit status 0
2026-07-25 21:53:14,388 - asyncssh - INFO - [conn=0, chan=145] Received channel close
2026-07-25 21:53:14,388 - asyncssh - INFO - [conn=0, chan=145] Channel closed
2026-07-25 21:53:14,389 - asyncssh - INFO - [conn=0, chan=147] Requesting new SSH session
2026-07-25 21:53:14,389 - asyncssh - INFO - [conn=0, chan=146]   Command: kubectl top pod log-generator -n default --no-headers
2026-07-25 21:53:14,389 - asyncssh - INFO - [conn=0, chan=147]   Command: kubectl top pod my-pod -n default --no-headers
2026-07-25 21:53:14,441 - asyncssh - INFO - [conn=0, chan=147] Received exit status 0
2026-07-25 21:53:14,442 - asyncssh - INFO - [conn=0, chan=147] Received channel close
2026-07-25 21:53:14,442 - asyncssh - INFO - [conn=0, chan=147] Channel closed
2026-07-25 21:53:14,442 - asyncssh - INFO - [conn=0, chan=148] Requesting new SSH session
2026-07-25 21:53:14,442 - asyncssh - INFO - [conn=0, chan=148]   Command: kubectl describe pod my-pod -n default | grep -A 5 'Limits:'
2026-07-25 21:53:14,443 - asyncssh - INFO - [conn=0, chan=146] Received exit status 0
2026-07-25 21:53:14,443 - asyncssh - INFO - [conn=0, chan=146] Received channel close
2026-07-25 21:53:14,443 - asyncssh - INFO - [conn=0, chan=146] Channel closed
2026-07-25 21:53:14,443 - asyncssh - INFO - [conn=0, chan=149] Requesting new SSH session
2026-07-25 21:53:14,444 - asyncssh - INFO - [conn=0, chan=149]   Command: kubectl describe pod log-generator -n default | grep -A 5 'Limits:'
2026-07-25 21:53:14,502 - asyncssh - INFO - [conn=0, chan=149] Received exit status 0
2026-07-25 21:53:14,503 - asyncssh - INFO - [conn=0, chan=149] Received channel close
2026-07-25 21:53:14,503 - asyncssh - INFO - [conn=0, chan=149] Channel closed
2026-07-25 21:53:14,503 - asyncssh - INFO - [conn=0, chan=148] Received exit status 1
2026-07-25 21:53:14,503 - asyncssh - INFO - [conn=0, chan=148] Received channel close
2026-07-25 21:53:14,504 - asyncssh - INFO - [conn=0, chan=148] Channel closed
2026-07-25 21:53:18,342 - asyncssh - INFO - [conn=0, chan=378] Requesting new SSH session
2026-07-25 21:53:18,343 - asyncssh - INFO - [conn=0, chan=378]   Command: kubectl logs my-pod -n default --tail=50
2026-07-25 21:53:18,344 - asyncssh - INFO - [conn=0, chan=379] Requesting new SSH session
2026-07-25 21:53:18,345 - asyncssh - INFO - [conn=0, chan=379]   Command: kubectl logs log-generator -n default --tail=50
2026-07-25 21:53:18,410 - asyncssh - INFO - [conn=0, chan=378] Received exit status 0
2026-07-25 21:53:18,411 - asyncssh - INFO - [conn=0, chan=378] Received channel close
2026-07-25 21:53:18,411 - asyncssh - INFO - [conn=0, chan=378] Channel closed
2026-07-25 21:53:18,411 - asyncssh - INFO - [conn=0, chan=379] Received exit status 0
2026-07-25 21:53:18,411 - asyncssh - INFO - [conn=0, chan=379] Received channel close
2026-07-25 21:53:18,412 - asyncssh - INFO - [conn=0, chan=380] Requesting new SSH session
2026-07-25 21:53:18,412 - asyncssh - INFO - [conn=0, chan=379] Channel closed
2026-07-25 21:53:18,412 - asyncssh - INFO - [conn=0, chan=381] Requesting new SSH session
2026-07-25 21:53:18,413 - asyncssh - INFO - [conn=0, chan=380]   Command: kubectl top pod my-pod -n default --no-headers
2026-07-25 21:53:18,413 - asyncssh - INFO - [conn=0, chan=381]   Command: kubectl top pod log-generator -n default --no-headers
2026-07-25 21:53:18,467 - asyncssh - INFO - [conn=0, chan=381] Received exit status 0
2026-07-25 21:53:18,467 - asyncssh - INFO - [conn=0, chan=381] Received channel close
2026-07-25 21:53:18,468 - asyncssh - INFO - [conn=0, chan=381] Channel closed
2026-07-25 21:53:18,468 - asyncssh - INFO - [conn=0, chan=382] Requesting new SSH session
2026-07-25 21:53:18,468 - asyncssh - INFO - [conn=0, chan=382]   Command: kubectl describe pod log-generator -n default | grep -A 5 'Limits:'
2026-07-25 21:53:18,476 - asyncssh - INFO - [conn=0, chan=380] Received exit status 0
2026-07-25 21:53:18,476 - asyncssh - INFO - [conn=0, chan=380] Received channel close
2026-07-25 21:53:18,477 - asyncssh - INFO - [conn=0, chan=380] Channel closed
2026-07-25 21:53:18,477 - asyncssh - INFO - [conn=0, chan=383] Requesting new SSH session
2026-07-25 21:53:18,477 - asyncssh - INFO - [conn=0, chan=383]   Command: kubectl describe pod my-pod -n default | grep -A 5 'Limits:'
2026-07-25 21:53:18,539 - asyncssh - INFO - [conn=0, chan=382] Received exit status 0
2026-07-25 21:53:18,539 - asyncssh - INFO - [conn=0, chan=382] Received channel close
2026-07-25 21:53:18,540 - asyncssh - INFO - [conn=0, chan=382] Channel closed
2026-07-25 21:53:18,547 - asyncssh - INFO - [conn=0, chan=383] Received exit status 1
2026-07-25 21:53:18,548 - asyncssh - INFO - [conn=0, chan=383] Received channel close
2026-07-25 21:53:18,548 - asyncssh - INFO - [conn=0, chan=383] Channel closed
2026-07-25 21:53:19,504 - asyncssh - INFO - [conn=0, chan=150] Requesting new SSH session
2026-07-25 21:53:19,505 - asyncssh - INFO - [conn=0, chan=151] Requesting new SSH session
2026-07-25 21:53:19,506 - asyncssh - INFO - [conn=0, chan=150]   Command: kubectl logs log-generator -n default --tail=50
2026-07-25 21:53:19,506 - asyncssh - INFO - [conn=0, chan=151]   Command: kubectl logs my-pod -n default --tail=50
2026-07-25 21:53:19,569 - asyncssh - INFO - [conn=0, chan=151] Received exit status 0
2026-07-25 21:53:19,569 - asyncssh - INFO - [conn=0, chan=151] Received channel close
2026-07-25 21:53:19,569 - asyncssh - INFO - [conn=0, chan=150] Received exit status 0
2026-07-25 21:53:19,570 - asyncssh - INFO - [conn=0, chan=150] Received channel close
2026-07-25 21:53:19,570 - asyncssh - INFO - [conn=0, chan=151] Channel closed
2026-07-25 21:53:19,570 - asyncssh - INFO - [conn=0, chan=150] Channel closed
2026-07-25 21:53:19,570 - asyncssh - INFO - [conn=0, chan=152] Requesting new SSH session
2026-07-25 21:53:19,571 - asyncssh - INFO - [conn=0, chan=153] Requesting new SSH session
2026-07-25 21:53:19,571 - asyncssh - INFO - [conn=0, chan=152]   Command: kubectl top pod my-pod -n default --no-headers
2026-07-25 21:53:19,571 - asyncssh - INFO - [conn=0, chan=153]   Command: kubectl top pod log-generator -n default --no-headers
2026-07-25 21:53:19,632 - asyncssh - INFO - [conn=0, chan=153] Received exit status 0
2026-07-25 21:53:19,633 - asyncssh - INFO - [conn=0, chan=153] Received channel close
2026-07-25 21:53:19,633 - asyncssh - INFO - [conn=0, chan=153] Channel closed
2026-07-25 21:53:19,634 - asyncssh - INFO - [conn=0, chan=154] Requesting new SSH session
2026-07-25 21:53:19,635 - asyncssh - INFO - [conn=0, chan=152] Received exit status 0
2026-07-25 21:53:19,635 - asyncssh - INFO - [conn=0, chan=152] Received channel close
2026-07-25 21:53:19,636 - asyncssh - INFO - [conn=0, chan=154]   Command: kubectl describe pod log-generator -n default | grep -A 5 'Limits:'
2026-07-25 21:53:19,636 - asyncssh - INFO - [conn=0, chan=152] Channel closed
2026-07-25 21:53:19,636 - asyncssh - INFO - [conn=0, chan=155] Requesting new SSH session
2026-07-25 21:53:19,637 - asyncssh - INFO - [conn=0, chan=155]   Command: kubectl describe pod my-pod -n default | grep -A 5 'Limits:'
2026-07-25 21:53:19,695 - asyncssh - INFO - [conn=0, chan=155] Received exit status 1
2026-07-25 21:53:19,696 - asyncssh - INFO - [conn=0, chan=155] Received channel close
2026-07-25 21:53:19,696 - asyncssh - INFO - [conn=0, chan=155] Channel closed
2026-07-25 21:53:19,701 - asyncssh - INFO - [conn=0, chan=154] Received exit status 0
2026-07-25 21:53:19,702 - asyncssh - INFO - [conn=0, chan=154] Received channel close
2026-07-25 21:53:19,702 - asyncssh - INFO - [conn=0, chan=154] Channel closed
2026-07-25 21:53:23,542 - asyncssh - INFO - [conn=0, chan=384] Requesting new SSH session
2026-07-25 21:53:23,543 - asyncssh - INFO - [conn=0, chan=384]   Command: kubectl logs log-generator -n default --tail=50
2026-07-25 21:53:23,549 - asyncssh - INFO - [conn=0, chan=385] Requesting new SSH session
2026-07-25 21:53:23,550 - asyncssh - INFO - [conn=0, chan=385]   Command: kubectl logs my-pod -n default --tail=50
2026-07-25 21:53:23,617 - asyncssh - INFO - [conn=0, chan=384] Received exit status 0
2026-07-25 21:53:23,617 - asyncssh - INFO - [conn=0, chan=384] Received channel close
2026-07-25 21:53:23,618 - asyncssh - INFO - [conn=0, chan=384] Channel closed
2026-07-25 21:53:23,619 - asyncssh - INFO - [conn=0, chan=386] Requesting new SSH session
2026-07-25 21:53:23,620 - asyncssh - INFO - [conn=0, chan=386]   Command: kubectl top pod log-generator -n default --no-headers
2026-07-25 21:53:23,630 - asyncssh - INFO - [conn=0, chan=385] Received exit status 0
2026-07-25 21:53:23,630 - asyncssh - INFO - [conn=0, chan=385] Received channel close
2026-07-25 21:53:23,631 - asyncssh - INFO - [conn=0, chan=385] Channel closed
2026-07-25 21:53:23,631 - asyncssh - INFO - [conn=0, chan=387] Requesting new SSH session
2026-07-25 21:53:23,631 - asyncssh - INFO - [conn=0, chan=387]   Command: kubectl top pod my-pod -n default --no-headers
2026-07-25 21:53:23,686 - asyncssh - INFO - [conn=0, chan=386] Received exit status 0
2026-07-25 21:53:23,686 - asyncssh - INFO - [conn=0, chan=386] Received channel close
2026-07-25 21:53:23,687 - asyncssh - INFO - [conn=0, chan=386] Channel closed
2026-07-25 21:53:23,687 - asyncssh - INFO - [conn=0, chan=388] Requesting new SSH session
2026-07-25 21:53:23,688 - asyncssh - INFO - [conn=0, chan=388]   Command: kubectl describe pod log-generator -n default | grep -A 5 'Limits:'
2026-07-25 21:53:23,701 - asyncssh - INFO - [conn=0, chan=387] Received exit status 0
2026-07-25 21:53:23,701 - asyncssh - INFO - [conn=0, chan=387] Received channel close
2026-07-25 21:53:23,701 - asyncssh - INFO - [conn=0, chan=387] Channel closed
2026-07-25 21:53:23,702 - asyncssh - INFO - [conn=0, chan=389] Requesting new SSH session
2026-07-25 21:53:23,703 - asyncssh - INFO - [conn=0, chan=389]   Command: kubectl describe pod my-pod -n default | grep -A 5 'Limits:'
2026-07-25 21:53:23,765 - asyncssh - INFO - [conn=0, chan=388] Received exit status 0
2026-07-25 21:53:23,766 - asyncssh - INFO - [conn=0, chan=388] Received channel close
2026-07-25 21:53:23,766 - asyncssh - INFO - [conn=0, chan=388] Channel closed
2026-07-25 21:53:23,774 - asyncssh - INFO - [conn=0, chan=389] Received exit status 1
2026-07-25 21:53:23,774 - asyncssh - INFO - [conn=0, chan=389] Received channel close
2026-07-25 21:53:23,774 - asyncssh - INFO - [conn=0, chan=389] Channel closed
2026-07-25 21:53:24,697 - asyncssh - INFO - [conn=0, chan=156] Requesting new SSH session
2026-07-25 21:53:24,698 - asyncssh - INFO - [conn=0, chan=156]   Command: kubectl logs my-pod -n default --tail=50
2026-07-25 21:53:24,703 - asyncssh - INFO - [conn=0, chan=157] Requesting new SSH session
2026-07-25 21:53:24,704 - asyncssh - INFO - [conn=0, chan=157]   Command: kubectl logs log-generator -n default --tail=50
2026-07-25 21:53:24,759 - asyncssh - INFO - [conn=0, chan=156] Received exit status 0
2026-07-25 21:53:24,760 - asyncssh - INFO - [conn=0, chan=156] Received channel close
2026-07-25 21:53:24,760 - asyncssh - INFO - [conn=0, chan=156] Channel closed
2026-07-25 21:53:24,761 - asyncssh - INFO - [conn=0, chan=158] Requesting new SSH session
2026-07-25 21:53:24,761 - asyncssh - INFO - [conn=0, chan=158]   Command: kubectl top pod my-pod -n default --no-headers
2026-07-25 21:53:24,774 - asyncssh - INFO - [conn=0, chan=157] Received exit status 0
2026-07-25 21:53:24,774 - asyncssh - INFO - [conn=0, chan=157] Received channel close
2026-07-25 21:53:24,774 - asyncssh - INFO - [conn=0, chan=157] Channel closed
2026-07-25 21:53:24,775 - asyncssh - INFO - [conn=0, chan=159] Requesting new SSH session
2026-07-25 21:53:24,776 - asyncssh - INFO - [conn=0, chan=159]   Command: kubectl top pod log-generator -n default --no-headers
2026-07-25 21:53:24,819 - asyncssh - INFO - [conn=0, chan=158] Received exit status 0
2026-07-25 21:53:24,820 - asyncssh - INFO - [conn=0, chan=158] Received channel close
2026-07-25 21:53:24,820 - asyncssh - INFO - [conn=0, chan=158] Channel closed
2026-07-25 21:53:24,820 - asyncssh - INFO - [conn=0, chan=160] Requesting new SSH session
2026-07-25 21:53:24,821 - asyncssh - INFO - [conn=0, chan=160]   Command: kubectl describe pod my-pod -n default | grep -A 5 'Limits:'
2026-07-25 21:53:24,835 - asyncssh - INFO - [conn=0, chan=159] Received exit status 0
2026-07-25 21:53:24,836 - asyncssh - INFO - [conn=0, chan=159] Received channel close
2026-07-25 21:53:24,836 - asyncssh - INFO - [conn=0, chan=159] Channel closed
2026-07-25 21:53:24,836 - asyncssh - INFO - [conn=0, chan=161] Requesting new SSH session
2026-07-25 21:53:24,836 - asyncssh - INFO - [conn=0, chan=161]   Command: kubectl describe pod log-generator -n default | grep -A 5 'Limits:'
2026-07-25 21:53:24,880 - asyncssh - INFO - [conn=0, chan=160] Received exit status 1
2026-07-25 21:53:24,880 - asyncssh - INFO - [conn=0, chan=160] Received channel close
2026-07-25 21:53:24,881 - asyncssh - INFO - [conn=0, chan=160] Channel closed
2026-07-25 21:53:24,897 - asyncssh - INFO - [conn=0, chan=161] Received exit status 0
2026-07-25 21:53:24,897 - asyncssh - INFO - [conn=0, chan=161] Received channel close
2026-07-25 21:53:24,897 - asyncssh - INFO - [conn=0, chan=161] Channel closed
2026-07-25 21:53:28,767 - asyncssh - INFO - [conn=0, chan=390] Requesting new SSH session
2026-07-25 21:53:28,768 - asyncssh - INFO - [conn=0, chan=390]   Command: kubectl logs log-generator -n default --tail=50
2026-07-25 21:53:28,775 - asyncssh - INFO - [conn=0, chan=391] Requesting new SSH session
2026-07-25 21:53:28,777 - asyncssh - INFO - [conn=0, chan=391]   Command: kubectl logs my-pod -n default --tail=50
2026-07-25 21:53:28,846 - asyncssh - INFO - [conn=0, chan=390] Received exit status 0
2026-07-25 21:53:28,846 - asyncssh - INFO - [conn=0, chan=390] Received channel close
2026-07-25 21:53:28,847 - asyncssh - INFO - [conn=0, chan=390] Channel closed
2026-07-25 21:53:28,848 - asyncssh - INFO - [conn=0, chan=392] Requesting new SSH session
2026-07-25 21:53:28,849 - asyncssh - INFO - [conn=0, chan=392]   Command: kubectl top pod log-generator -n default --no-headers
2026-07-25 21:53:28,859 - asyncssh - INFO - [conn=0, chan=391] Received exit status 0
2026-07-25 21:53:28,860 - asyncssh - INFO - [conn=0, chan=391] Received channel close
2026-07-25 21:53:28,860 - asyncssh - INFO - [conn=0, chan=391] Channel closed
2026-07-25 21:53:28,861 - asyncssh - INFO - [conn=0, chan=393] Requesting new SSH session
2026-07-25 21:53:28,862 - asyncssh - INFO - [conn=0, chan=393]   Command: kubectl top pod my-pod -n default --no-headers
2026-07-25 21:53:28,918 - asyncssh - INFO - [conn=0, chan=392] Received exit status 0
2026-07-25 21:53:28,918 - asyncssh - INFO - [conn=0, chan=392] Received channel close
2026-07-25 21:53:28,919 - asyncssh - INFO - [conn=0, chan=392] Channel closed
2026-07-25 21:53:28,919 - asyncssh - INFO - [conn=0, chan=394] Requesting new SSH session
2026-07-25 21:53:28,920 - asyncssh - INFO - [conn=0, chan=394]   Command: kubectl describe pod log-generator -n default | grep -A 5 'Limits:'
2026-07-25 21:53:28,925 - asyncssh - INFO - [conn=0, chan=393] Received exit status 0
2026-07-25 21:53:28,925 - asyncssh - INFO - [conn=0, chan=393] Received channel close
2026-07-25 21:53:28,926 - asyncssh - INFO - [conn=0, chan=393] Channel closed
2026-07-25 21:53:28,927 - asyncssh - INFO - [conn=0, chan=395] Requesting new SSH session
2026-07-25 21:53:28,927 - asyncssh - INFO - [conn=0, chan=395]   Command: kubectl describe pod my-pod -n default | grep -A 5 'Limits:'
2026-07-25 21:53:28,993 - asyncssh - INFO - [conn=0, chan=394] Received exit status 0
2026-07-25 21:53:28,993 - asyncssh - INFO - [conn=0, chan=394] Received channel close
2026-07-25 21:53:28,994 - asyncssh - INFO - [conn=0, chan=394] Channel closed
2026-07-25 21:53:28,995 - asyncssh - INFO - [conn=0, chan=395] Received exit status 1
2026-07-25 21:53:28,995 - asyncssh - INFO - [conn=0, chan=395] Received channel close
2026-07-25 21:53:28,995 - asyncssh - INFO - [conn=0, chan=395] Channel closed
2026-07-25 21:53:29,883 - asyncssh - INFO - [conn=0, chan=162] Requesting new SSH session
2026-07-25 21:53:29,883 - asyncssh - INFO - [conn=0, chan=162]   Command: kubectl logs my-pod -n default --tail=50
2026-07-25 21:53:29,898 - asyncssh - INFO - [conn=0, chan=163] Requesting new SSH session
2026-07-25 21:53:29,899 - asyncssh - INFO - [conn=0, chan=163]   Command: kubectl logs log-generator -n default --tail=50
2026-07-25 21:53:29,954 - asyncssh - INFO - [conn=0, chan=162] Received exit status 0
2026-07-25 21:53:29,954 - asyncssh - INFO - [conn=0, chan=162] Received channel close
2026-07-25 21:53:29,955 - asyncssh - INFO - [conn=0, chan=162] Channel closed
2026-07-25 21:53:29,955 - asyncssh - INFO - [conn=0, chan=164] Requesting new SSH session
2026-07-25 21:53:29,956 - asyncssh - INFO - [conn=0, chan=164]   Command: kubectl top pod my-pod -n default --no-headers
2026-07-25 21:53:29,968 - asyncssh - INFO - [conn=0, chan=163] Received exit status 0
2026-07-25 21:53:29,969 - asyncssh - INFO - [conn=0, chan=163] Received channel close
2026-07-25 21:53:29,969 - asyncssh - INFO - [conn=0, chan=163] Channel closed
2026-07-25 21:53:29,970 - asyncssh - INFO - [conn=0, chan=165] Requesting new SSH session
2026-07-25 21:53:29,970 - asyncssh - INFO - [conn=0, chan=165]   Command: kubectl top pod log-generator -n default --no-headers
2026-07-25 21:53:30,014 - asyncssh - INFO - [conn=0, chan=164] Received exit status 0
2026-07-25 21:53:30,015 - asyncssh - INFO - [conn=0, chan=164] Received channel close
2026-07-25 21:53:30,015 - asyncssh - INFO - [conn=0, chan=164] Channel closed
2026-07-25 21:53:30,015 - asyncssh - INFO - [conn=0, chan=166] Requesting new SSH session
2026-07-25 21:53:30,015 - asyncssh - INFO - [conn=0, chan=166]   Command: kubectl describe pod my-pod -n default | grep -A 5 'Limits:'
2026-07-25 21:53:30,026 - asyncssh - INFO - [conn=0, chan=165] Received exit status 0
2026-07-25 21:53:30,027 - asyncssh - INFO - [conn=0, chan=165] Received channel close
2026-07-25 21:53:30,027 - asyncssh - INFO - [conn=0, chan=165] Channel closed
2026-07-25 21:53:30,027 - asyncssh - INFO - [conn=0, chan=167] Requesting new SSH session
2026-07-25 21:53:30,028 - asyncssh - INFO - [conn=0, chan=167]   Command: kubectl describe pod log-generator -n default | grep -A 5 'Limits:'
2026-07-25 21:53:30,080 - asyncssh - INFO - [conn=0, chan=166] Received exit status 1
2026-07-25 21:53:30,081 - asyncssh - INFO - [conn=0, chan=166] Received channel close
2026-07-25 21:53:30,081 - asyncssh - INFO - [conn=0, chan=166] Channel closed
2026-07-25 21:53:30,088 - asyncssh - INFO - [conn=0, chan=167] Received exit status 0
2026-07-25 21:53:30,088 - asyncssh - INFO - [conn=0, chan=167] Received channel close
2026-07-25 21:53:30,088 - asyncssh - INFO - [conn=0, chan=167] Channel closed
2026-07-25 21:53:33,996 - asyncssh - INFO - [conn=0, chan=396] Requesting new SSH session
2026-07-25 21:53:33,997 - asyncssh - INFO - [conn=0, chan=397] Requesting new SSH session
2026-07-25 21:53:33,997 - asyncssh - INFO - [conn=0, chan=396]   Command: kubectl logs log-generator -n default --tail=50
2026-07-25 21:53:33,998 - asyncssh - INFO - [conn=0, chan=397]   Command: kubectl logs my-pod -n default --tail=50
2026-07-25 21:53:34,066 - asyncssh - INFO - [conn=0, chan=397] Received exit status 0
2026-07-25 21:53:34,067 - asyncssh - INFO - [conn=0, chan=397] Received channel close
2026-07-25 21:53:34,067 - asyncssh - INFO - [conn=0, chan=397] Channel closed
2026-07-25 21:53:34,067 - asyncssh - INFO - [conn=0, chan=398] Requesting new SSH session
2026-07-25 21:53:34,068 - asyncssh - INFO - [conn=0, chan=398]   Command: kubectl top pod my-pod -n default --no-headers
2026-07-25 21:53:34,070 - asyncssh - INFO - [conn=0, chan=396] Received exit status 0
2026-07-25 21:53:34,071 - asyncssh - INFO - [conn=0, chan=396] Received channel close
2026-07-25 21:53:34,071 - asyncssh - INFO - [conn=0, chan=396] Channel closed
2026-07-25 21:53:34,071 - asyncssh - INFO - [conn=0, chan=399] Requesting new SSH session
2026-07-25 21:53:34,072 - asyncssh - INFO - [conn=0, chan=399]   Command: kubectl top pod log-generator -n default --no-headers
2026-07-25 21:53:34,137 - asyncssh - INFO - [conn=0, chan=399] Received exit status 0
2026-07-25 21:53:34,137 - asyncssh - INFO - [conn=0, chan=399] Received channel close
2026-07-25 21:53:34,137 - asyncssh - INFO - [conn=0, chan=399] Channel closed
2026-07-25 21:53:34,138 - asyncssh - INFO - [conn=0, chan=400] Requesting new SSH session
2026-07-25 21:53:34,138 - asyncssh - INFO - [conn=0, chan=400]   Command: kubectl describe pod log-generator -n default | grep -A 5 'Limits:'
2026-07-25 21:53:34,141 - asyncssh - INFO - [conn=0, chan=398] Received exit status 0
2026-07-25 21:53:34,141 - asyncssh - INFO - [conn=0, chan=398] Received channel close
2026-07-25 21:53:34,141 - asyncssh - INFO - [conn=0, chan=398] Channel closed
2026-07-25 21:53:34,141 - asyncssh - INFO - [conn=0, chan=401] Requesting new SSH session
2026-07-25 21:53:34,142 - asyncssh - INFO - [conn=0, chan=401]   Command: kubectl describe pod my-pod -n default | grep -A 5 'Limits:'
2026-07-25 21:53:34,203 - asyncssh - INFO - [conn=0, chan=400] Received exit status 0
2026-07-25 21:53:34,203 - asyncssh - INFO - [conn=0, chan=400] Received channel close
2026-07-25 21:53:34,204 - asyncssh - INFO - [conn=0, chan=400] Channel closed
2026-07-25 21:53:34,208 - asyncssh - INFO - [conn=0, chan=401] Received exit status 1
2026-07-25 21:53:34,208 - asyncssh - INFO - [conn=0, chan=401] Received channel close
2026-07-25 21:53:34,208 - asyncssh - INFO - [conn=0, chan=401] Channel closed
2026-07-25 21:53:35,082 - asyncssh - INFO - [conn=0, chan=168] Requesting new SSH session
2026-07-25 21:53:35,083 - asyncssh - INFO - [conn=0, chan=168]   Command: kubectl logs my-pod -n default --tail=50
2026-07-25 21:53:35,089 - asyncssh - INFO - [conn=0, chan=169] Requesting new SSH session
2026-07-25 21:53:35,090 - asyncssh - INFO - [conn=0, chan=169]   Command: kubectl logs log-generator -n default --tail=50
2026-07-25 21:53:35,149 - asyncssh - INFO - [conn=0, chan=168] Received exit status 0
2026-07-25 21:53:35,149 - asyncssh - INFO - [conn=0, chan=168] Received channel close
2026-07-25 21:53:35,149 - asyncssh - INFO - [conn=0, chan=168] Channel closed
2026-07-25 21:53:35,150 - asyncssh - INFO - [conn=0, chan=170] Requesting new SSH session
2026-07-25 21:53:35,150 - asyncssh - INFO - [conn=0, chan=170]   Command: kubectl top pod my-pod -n default --no-headers
2026-07-25 21:53:35,152 - asyncssh - INFO - [conn=0, chan=169] Received exit status 0
2026-07-25 21:53:35,152 - asyncssh - INFO - [conn=0, chan=169] Received channel close
2026-07-25 21:53:35,152 - asyncssh - INFO - [conn=0, chan=169] Channel closed
2026-07-25 21:53:35,153 - asyncssh - INFO - [conn=0, chan=171] Requesting new SSH session
2026-07-25 21:53:35,153 - asyncssh - INFO - [conn=0, chan=171]   Command: kubectl top pod log-generator -n default --no-headers
2026-07-25 21:53:35,206 - asyncssh - INFO - [conn=0, chan=170] Received exit status 0
2026-07-25 21:53:35,207 - asyncssh - INFO - [conn=0, chan=170] Received channel close
2026-07-25 21:53:35,207 - asyncssh - INFO - [conn=0, chan=170] Channel closed
2026-07-25 21:53:35,207 - asyncssh - INFO - [conn=0, chan=172] Requesting new SSH session
2026-07-25 21:53:35,207 - asyncssh - INFO - [conn=0, chan=172]   Command: kubectl describe pod my-pod -n default | grep -A 5 'Limits:'
2026-07-25 21:53:35,210 - asyncssh - INFO - [conn=0, chan=171] Received exit status 0
2026-07-25 21:53:35,210 - asyncssh - INFO - [conn=0, chan=171] Received channel close
2026-07-25 21:53:35,210 - asyncssh - INFO - [conn=0, chan=171] Channel closed
2026-07-25 21:53:35,210 - asyncssh - INFO - [conn=0, chan=173] Requesting new SSH session
2026-07-25 21:53:35,211 - asyncssh - INFO - [conn=0, chan=173]   Command: kubectl describe pod log-generator -n default | grep -A 5 'Limits:'
2026-07-25 21:53:35,271 - asyncssh - INFO - [conn=0, chan=173] Received exit status 0
2026-07-25 21:53:35,272 - asyncssh - INFO - [conn=0, chan=173] Received channel close
2026-07-25 21:53:35,272 - asyncssh - INFO - [conn=0, chan=173] Channel closed
2026-07-25 21:53:35,273 - asyncssh - INFO - [conn=0, chan=172] Received exit status 1
2026-07-25 21:53:35,273 - asyncssh - INFO - [conn=0, chan=172] Received channel close
2026-07-25 21:53:35,273 - asyncssh - INFO - [conn=0, chan=172] Channel closed
2026-07-25 21:53:39,205 - asyncssh - INFO - [conn=0, chan=402] Requesting new SSH session
2026-07-25 21:53:39,206 - asyncssh - INFO - [conn=0, chan=402]   Command: kubectl logs log-generator -n default --tail=50
2026-07-25 21:53:39,209 - asyncssh - INFO - [conn=0, chan=403] Requesting new SSH session
2026-07-25 21:53:39,209 - asyncssh - INFO - [conn=0, chan=403]   Command: kubectl logs my-pod -n default --tail=50
2026-07-25 21:53:39,280 - asyncssh - INFO - [conn=0, chan=402] Received exit status 0
2026-07-25 21:53:39,280 - asyncssh - INFO - [conn=0, chan=402] Received channel close
2026-07-25 21:53:39,281 - asyncssh - INFO - [conn=0, chan=402] Channel closed
2026-07-25 21:53:39,282 - asyncssh - INFO - [conn=0, chan=404] Requesting new SSH session
2026-07-25 21:53:39,282 - asyncssh - INFO - [conn=0, chan=404]   Command: kubectl top pod log-generator -n default --no-headers
2026-07-25 21:53:39,285 - asyncssh - INFO - [conn=0, chan=403] Received exit status 0
2026-07-25 21:53:39,286 - asyncssh - INFO - [conn=0, chan=403] Received channel close
2026-07-25 21:53:39,286 - asyncssh - INFO - [conn=0, chan=403] Channel closed
2026-07-25 21:53:39,287 - asyncssh - INFO - [conn=0, chan=405] Requesting new SSH session
2026-07-25 21:53:39,288 - asyncssh - INFO - [conn=0, chan=405]   Command: kubectl top pod my-pod -n default --no-headers
2026-07-25 21:53:39,345 - asyncssh - INFO - [conn=0, chan=404] Received exit status 0
2026-07-25 21:53:39,345 - asyncssh - INFO - [conn=0, chan=404] Received channel close
2026-07-25 21:53:39,346 - asyncssh - INFO - [conn=0, chan=404] Channel closed
2026-07-25 21:53:39,346 - asyncssh - INFO - [conn=0, chan=406] Requesting new SSH session
2026-07-25 21:53:39,347 - asyncssh - INFO - [conn=0, chan=406]   Command: kubectl describe pod log-generator -n default | grep -A 5 'Limits:'
2026-07-25 21:53:39,356 - asyncssh - INFO - [conn=0, chan=405] Received exit status 0
2026-07-25 21:53:39,357 - asyncssh - INFO - [conn=0, chan=405] Received channel close
2026-07-25 21:53:39,357 - asyncssh - INFO - [conn=0, chan=405] Channel closed
2026-07-25 21:53:39,358 - asyncssh - INFO - [conn=0, chan=407] Requesting new SSH session
2026-07-25 21:53:39,359 - asyncssh - INFO - [conn=0, chan=407]   Command: kubectl describe pod my-pod -n default | grep -A 5 'Limits:'
2026-07-25 21:53:39,418 - asyncssh - INFO - [conn=0, chan=406] Received exit status 0
2026-07-25 21:53:39,418 - asyncssh - INFO - [conn=0, chan=406] Received channel close
2026-07-25 21:53:39,418 - asyncssh - INFO - [conn=0, chan=406] Channel closed
2026-07-25 21:53:39,426 - asyncssh - INFO - [conn=0, chan=407] Received exit status 1
2026-07-25 21:53:39,426 - asyncssh - INFO - [conn=0, chan=407] Received channel close
2026-07-25 21:53:39,427 - asyncssh - INFO - [conn=0, chan=407] Channel closed
2026-07-25 21:53:40,274 - asyncssh - INFO - [conn=0, chan=174] Requesting new SSH session
2026-07-25 21:53:40,274 - asyncssh - INFO - [conn=0, chan=175] Requesting new SSH session
2026-07-25 21:53:40,275 - asyncssh - INFO - [conn=0, chan=174]   Command: kubectl logs log-generator -n default --tail=50
2026-07-25 21:53:40,275 - asyncssh - INFO - [conn=0, chan=175]   Command: kubectl logs my-pod -n default --tail=50
2026-07-25 21:53:40,336 - asyncssh - INFO - [conn=0, chan=175] Received exit status 0
2026-07-25 21:53:40,336 - asyncssh - INFO - [conn=0, chan=175] Received channel close
2026-07-25 21:53:40,336 - asyncssh - INFO - [conn=0, chan=175] Channel closed
2026-07-25 21:53:40,337 - asyncssh - INFO - [conn=0, chan=176] Requesting new SSH session
2026-07-25 21:53:40,337 - asyncssh - INFO - [conn=0, chan=174] Received exit status 0
2026-07-25 21:53:40,337 - asyncssh - INFO - [conn=0, chan=174] Received channel close
2026-07-25 21:53:40,338 - asyncssh - INFO - [conn=0, chan=174] Channel closed
2026-07-25 21:53:40,338 - asyncssh - INFO - [conn=0, chan=177] Requesting new SSH session
2026-07-25 21:53:40,338 - asyncssh - INFO - [conn=0, chan=176]   Command: kubectl top pod my-pod -n default --no-headers
2026-07-25 21:53:40,339 - asyncssh - INFO - [conn=0, chan=177]   Command: kubectl top pod log-generator -n default --no-headers
2026-07-25 21:53:40,391 - asyncssh - INFO - [conn=0, chan=176] Received exit status 0
2026-07-25 21:53:40,391 - asyncssh - INFO - [conn=0, chan=176] Received channel close
2026-07-25 21:53:40,392 - asyncssh - INFO - [conn=0, chan=176] Channel closed
2026-07-25 21:53:40,392 - asyncssh - INFO - [conn=0, chan=177] Received exit status 0
2026-07-25 21:53:40,392 - asyncssh - INFO - [conn=0, chan=177] Received channel close
2026-07-25 21:53:40,393 - asyncssh - INFO - [conn=0, chan=178] Requesting new SSH session
2026-07-25 21:53:40,393 - asyncssh - INFO - [conn=0, chan=177] Channel closed
2026-07-25 21:53:40,394 - asyncssh - INFO - [conn=0, chan=179] Requesting new SSH session
2026-07-25 21:53:40,394 - asyncssh - INFO - [conn=0, chan=178]   Command: kubectl describe pod my-pod -n default | grep -A 5 'Limits:'
2026-07-25 21:53:40,394 - asyncssh - INFO - [conn=0, chan=179]   Command: kubectl describe pod log-generator -n default | grep -A 5 'Limits:'
2026-07-25 21:53:40,453 - asyncssh - INFO - [conn=0, chan=178] Received exit status 1
2026-07-25 21:53:40,454 - asyncssh - INFO - [conn=0, chan=178] Received channel close
2026-07-25 21:53:40,454 - asyncssh - INFO - [conn=0, chan=178] Channel closed
2026-07-25 21:53:40,455 - asyncssh - INFO - [conn=0, chan=179] Received exit status 0
2026-07-25 21:53:40,455 - asyncssh - INFO - [conn=0, chan=179] Received channel close
2026-07-25 21:53:40,455 - asyncssh - INFO - [conn=0, chan=179] Channel closed
2026-07-25 21:53:44,419 - asyncssh - INFO - [conn=0, chan=408] Requesting new SSH session
2026-07-25 21:53:44,420 - asyncssh - INFO - [conn=0, chan=408]   Command: kubectl logs log-generator -n default --tail=50
2026-07-25 21:53:44,428 - asyncssh - INFO - [conn=0, chan=409] Requesting new SSH session
2026-07-25 21:53:44,429 - asyncssh - INFO - [conn=0, chan=409]   Command: kubectl logs my-pod -n default --tail=50
2026-07-25 21:53:44,495 - asyncssh - INFO - [conn=0, chan=408] Received exit status 0
2026-07-25 21:53:44,495 - asyncssh - INFO - [conn=0, chan=408] Received channel close
2026-07-25 21:53:44,495 - asyncssh - INFO - [conn=0, chan=408] Channel closed
2026-07-25 21:53:44,496 - asyncssh - INFO - [conn=0, chan=410] Requesting new SSH session
2026-07-25 21:53:44,497 - asyncssh - INFO - [conn=0, chan=410]   Command: kubectl top pod log-generator -n default --no-headers
2026-07-25 21:53:44,498 - asyncssh - INFO - [conn=0, chan=409] Received exit status 0
2026-07-25 21:53:44,498 - asyncssh - INFO - [conn=0, chan=409] Received channel close
2026-07-25 21:53:44,499 - asyncssh - INFO - [conn=0, chan=409] Channel closed
2026-07-25 21:53:44,499 - asyncssh - INFO - [conn=0, chan=411] Requesting new SSH session
2026-07-25 21:53:44,499 - asyncssh - INFO - [conn=0, chan=411]   Command: kubectl top pod my-pod -n default --no-headers
2026-07-25 21:53:44,562 - asyncssh - INFO - [conn=0, chan=410] Received exit status 0
2026-07-25 21:53:44,562 - asyncssh - INFO - [conn=0, chan=410] Received channel close
2026-07-25 21:53:44,563 - asyncssh - INFO - [conn=0, chan=410] Channel closed
2026-07-25 21:53:44,563 - asyncssh - INFO - [conn=0, chan=412] Requesting new SSH session
2026-07-25 21:53:44,564 - asyncssh - INFO - [conn=0, chan=412]   Command: kubectl describe pod log-generator -n default | grep -A 5 'Limits:'
2026-07-25 21:53:44,566 - asyncssh - INFO - [conn=0, chan=411] Received exit status 0
2026-07-25 21:53:44,566 - asyncssh - INFO - [conn=0, chan=411] Received channel close
2026-07-25 21:53:44,566 - asyncssh - INFO - [conn=0, chan=411] Channel closed
2026-07-25 21:53:44,566 - asyncssh - INFO - [conn=0, chan=413] Requesting new SSH session
2026-07-25 21:53:44,567 - asyncssh - INFO - [conn=0, chan=413]   Command: kubectl describe pod my-pod -n default | grep -A 5 'Limits:'
2026-07-25 21:53:44,627 - asyncssh - INFO - [conn=0, chan=412] Received exit status 0
2026-07-25 21:53:44,628 - asyncssh - INFO - [conn=0, chan=412] Received channel close
2026-07-25 21:53:44,629 - asyncssh - INFO - [conn=0, chan=412] Channel closed
2026-07-25 21:53:44,639 - asyncssh - INFO - [conn=0, chan=413] Received exit status 1
2026-07-25 21:53:44,639 - asyncssh - INFO - [conn=0, chan=413] Received channel close
2026-07-25 21:53:44,640 - asyncssh - INFO - [conn=0, chan=413] Channel closed
2026-07-25 21:53:45,456 - asyncssh - INFO - [conn=0, chan=180] Requesting new SSH session
2026-07-25 21:53:45,457 - asyncssh - INFO - [conn=0, chan=181] Requesting new SSH session
2026-07-25 21:53:45,458 - asyncssh - INFO - [conn=0, chan=180]   Command: kubectl logs my-pod -n default --tail=50
2026-07-25 21:53:45,460 - asyncssh - INFO - [conn=0, chan=181]   Command: kubectl logs log-generator -n default --tail=50
2026-07-25 21:53:45,532 - asyncssh - INFO - [conn=0, chan=180] Received exit status 0
2026-07-25 21:53:45,532 - asyncssh - INFO - [conn=0, chan=180] Received channel close
2026-07-25 21:53:45,532 - asyncssh - INFO - [conn=0, chan=180] Channel closed
2026-07-25 21:53:45,533 - asyncssh - INFO - [conn=0, chan=181] Received exit status 0
2026-07-25 21:53:45,533 - asyncssh - INFO - [conn=0, chan=181] Received channel close
2026-07-25 21:53:45,533 - asyncssh - INFO - [conn=0, chan=182] Requesting new SSH session
2026-07-25 21:53:45,534 - asyncssh - INFO - [conn=0, chan=181] Channel closed
2026-07-25 21:53:45,534 - asyncssh - INFO - [conn=0, chan=183] Requesting new SSH session
2026-07-25 21:53:45,535 - asyncssh - INFO - [conn=0, chan=182]   Command: kubectl top pod my-pod -n default --no-headers
2026-07-25 21:53:45,535 - asyncssh - INFO - [conn=0, chan=183]   Command: kubectl top pod log-generator -n default --no-headers
2026-07-25 21:53:45,623 - asyncssh - INFO - [conn=0, chan=182] Received exit status 0
2026-07-25 21:53:45,623 - asyncssh - INFO - [conn=0, chan=182] Received channel close
2026-07-25 21:53:45,624 - asyncssh - INFO - [conn=0, chan=183] Received exit status 0
2026-07-25 21:53:45,624 - asyncssh - INFO - [conn=0, chan=183] Received channel close
2026-07-25 21:53:45,625 - asyncssh - INFO - [conn=0, chan=182] Channel closed
2026-07-25 21:53:45,625 - asyncssh - INFO - [conn=0, chan=183] Channel closed
2026-07-25 21:53:45,637 - asyncssh - INFO - [conn=0, chan=184] Requesting new SSH session
2026-07-25 21:53:45,638 - asyncssh - INFO - [conn=0, chan=185] Requesting new SSH session
2026-07-25 21:53:45,643 - asyncssh - INFO - [conn=0, chan=184]   Command: kubectl describe pod my-pod -n default | grep -A 5 'Limits:'
2026-07-25 21:53:45,644 - asyncssh - INFO - [conn=0, chan=185]   Command: kubectl describe pod log-generator -n default | grep -A 5 'Limits:'
2026-07-25 21:53:45,715 - asyncssh - INFO - [conn=0, chan=184] Received exit status 1
2026-07-25 21:53:45,715 - asyncssh - INFO - [conn=0, chan=184] Received channel close
2026-07-25 21:53:45,715 - asyncssh - INFO - [conn=0, chan=184] Channel closed
2026-07-25 21:53:45,718 - asyncssh - INFO - [conn=0, chan=185] Received exit status 0
2026-07-25 21:53:45,719 - asyncssh - INFO - [conn=0, chan=185] Received channel close
2026-07-25 21:53:45,719 - asyncssh - INFO - [conn=0, chan=185] Channel closed
2026-07-25 21:53:49,631 - asyncssh - INFO - [conn=0, chan=414] Requesting new SSH session
2026-07-25 21:53:49,632 - asyncssh - INFO - [conn=0, chan=414]   Command: kubectl logs log-generator -n default --tail=50
2026-07-25 21:53:49,641 - asyncssh - INFO - [conn=0, chan=415] Requesting new SSH session
2026-07-25 21:53:49,643 - asyncssh - INFO - [conn=0, chan=415]   Command: kubectl logs my-pod -n default --tail=50
2026-07-25 21:53:49,709 - asyncssh - INFO - [conn=0, chan=414] Received exit status 0
2026-07-25 21:53:49,710 - asyncssh - INFO - [conn=0, chan=414] Received channel close
2026-07-25 21:53:49,710 - asyncssh - INFO - [conn=0, chan=414] Channel closed
2026-07-25 21:53:49,711 - asyncssh - INFO - [conn=0, chan=416] Requesting new SSH session
2026-07-25 21:53:49,711 - asyncssh - INFO - [conn=0, chan=416]   Command: kubectl top pod log-generator -n default --no-headers
2026-07-25 21:53:49,724 - asyncssh - INFO - [conn=0, chan=415] Received exit status 0
2026-07-25 21:53:49,724 - asyncssh - INFO - [conn=0, chan=415] Received channel close
2026-07-25 21:53:49,725 - asyncssh - INFO - [conn=0, chan=415] Channel closed
2026-07-25 21:53:49,725 - asyncssh - INFO - [conn=0, chan=417] Requesting new SSH session
2026-07-25 21:53:49,726 - asyncssh - INFO - [conn=0, chan=417]   Command: kubectl top pod my-pod -n default --no-headers
2026-07-25 21:53:49,779 - asyncssh - INFO - [conn=0, chan=416] Received exit status 0
2026-07-25 21:53:49,780 - asyncssh - INFO - [conn=0, chan=416] Received channel close
2026-07-25 21:53:49,780 - asyncssh - INFO - [conn=0, chan=416] Channel closed
2026-07-25 21:53:49,781 - asyncssh - INFO - [conn=0, chan=418] Requesting new SSH session
2026-07-25 21:53:49,782 - asyncssh - INFO - [conn=0, chan=418]   Command: kubectl describe pod log-generator -n default | grep -A 5 'Limits:'
2026-07-25 21:53:49,799 - asyncssh - INFO - [conn=0, chan=417] Received exit status 0
2026-07-25 21:53:49,800 - asyncssh - INFO - [conn=0, chan=417] Received channel close
2026-07-25 21:53:49,800 - asyncssh - INFO - [conn=0, chan=417] Channel closed
2026-07-25 21:53:49,801 - asyncssh - INFO - [conn=0, chan=419] Requesting new SSH session
2026-07-25 21:53:49,804 - asyncssh - INFO - [conn=0, chan=419]   Command: kubectl describe pod my-pod -n default | grep -A 5 'Limits:'
2026-07-25 21:53:49,864 - asyncssh - INFO - [conn=0, chan=418] Received exit status 0
2026-07-25 21:53:49,864 - asyncssh - INFO - [conn=0, chan=418] Received channel close
2026-07-25 21:53:49,865 - asyncssh - INFO - [conn=0, chan=418] Channel closed
2026-07-25 21:53:49,881 - asyncssh - INFO - [conn=0, chan=419] Received exit status 1
2026-07-25 21:53:49,881 - asyncssh - INFO - [conn=0, chan=419] Received channel close
2026-07-25 21:53:49,883 - asyncssh - INFO - [conn=0, chan=419] Channel closed
2026-07-25 21:53:50,717 - asyncssh - INFO - [conn=0, chan=186] Requesting new SSH session
2026-07-25 21:53:50,718 - asyncssh - INFO - [conn=0, chan=186]   Command: kubectl logs my-pod -n default --tail=50
2026-07-25 21:53:50,720 - asyncssh - INFO - [conn=0, chan=187] Requesting new SSH session
2026-07-25 21:53:50,720 - asyncssh - INFO - [conn=0, chan=187]   Command: kubectl logs log-generator -n default --tail=50
2026-07-25 21:53:50,787 - asyncssh - INFO - [conn=0, chan=186] Received exit status 0
2026-07-25 21:53:50,787 - asyncssh - INFO - [conn=0, chan=186] Received channel close
2026-07-25 21:53:50,788 - asyncssh - INFO - [conn=0, chan=186] Channel closed
2026-07-25 21:53:50,788 - asyncssh - INFO - [conn=0, chan=188] Requesting new SSH session
2026-07-25 21:53:50,789 - asyncssh - INFO - [conn=0, chan=188]   Command: kubectl top pod my-pod -n default --no-headers
2026-07-25 21:53:50,794 - asyncssh - INFO - [conn=0, chan=187] Received exit status 0
2026-07-25 21:53:50,794 - asyncssh - INFO - [conn=0, chan=187] Received channel close
2026-07-25 21:53:50,794 - asyncssh - INFO - [conn=0, chan=187] Channel closed
2026-07-25 21:53:50,795 - asyncssh - INFO - [conn=0, chan=189] Requesting new SSH session
2026-07-25 21:53:50,795 - asyncssh - INFO - [conn=0, chan=189]   Command: kubectl top pod log-generator -n default --no-headers
2026-07-25 21:53:50,847 - asyncssh - INFO - [conn=0, chan=188] Received exit status 0
2026-07-25 21:53:50,847 - asyncssh - INFO - [conn=0, chan=188] Received channel close
2026-07-25 21:53:50,848 - asyncssh - INFO - [conn=0, chan=188] Channel closed
2026-07-25 21:53:50,848 - asyncssh - INFO - [conn=0, chan=190] Requesting new SSH session
2026-07-25 21:53:50,849 - asyncssh - INFO - [conn=0, chan=190]   Command: kubectl describe pod my-pod -n default | grep -A 5 'Limits:'
2026-07-25 21:53:50,851 - asyncssh - INFO - [conn=0, chan=189] Received exit status 0
2026-07-25 21:53:50,851 - asyncssh - INFO - [conn=0, chan=189] Received channel close
2026-07-25 21:53:50,851 - asyncssh - INFO - [conn=0, chan=189] Channel closed
2026-07-25 21:53:50,852 - asyncssh - INFO - [conn=0, chan=191] Requesting new SSH session
2026-07-25 21:53:50,852 - asyncssh - INFO - [conn=0, chan=191]   Command: kubectl describe pod log-generator -n default | grep -A 5 'Limits:'
2026-07-25 21:53:50,914 - asyncssh - INFO - [conn=0, chan=190] Received exit status 1
2026-07-25 21:53:50,915 - asyncssh - INFO - [conn=0, chan=190] Received channel close
2026-07-25 21:53:50,915 - asyncssh - INFO - [conn=0, chan=190] Channel closed
2026-07-25 21:53:50,917 - asyncssh - INFO - [conn=0, chan=191] Received exit status 0
2026-07-25 21:53:50,917 - asyncssh - INFO - [conn=0, chan=191] Received channel close
2026-07-25 21:53:50,917 - asyncssh - INFO - [conn=0, chan=191] Channel closed
2026-07-25 21:53:54,878 - asyncssh - INFO - [conn=0, chan=420] Requesting new SSH session
2026-07-25 21:53:54,880 - asyncssh - INFO - [conn=0, chan=420]   Command: kubectl logs log-generator -n default --tail=50
2026-07-25 21:53:54,884 - asyncssh - INFO - [conn=0, chan=421] Requesting new SSH session
2026-07-25 21:53:54,885 - asyncssh - INFO - [conn=0, chan=421]   Command: kubectl logs my-pod -n default --tail=50
2026-07-25 21:53:54,950 - asyncssh - INFO - [conn=0, chan=420] Received exit status 0
2026-07-25 21:53:54,950 - asyncssh - INFO - [conn=0, chan=420] Received channel close
2026-07-25 21:53:54,950 - asyncssh - INFO - [conn=0, chan=420] Channel closed
2026-07-25 21:53:54,951 - asyncssh - INFO - [conn=0, chan=422] Requesting new SSH session
2026-07-25 21:53:54,952 - asyncssh - INFO - [conn=0, chan=422]   Command: kubectl top pod log-generator -n default --no-headers
2026-07-25 21:53:54,953 - asyncssh - INFO - [conn=0, chan=421] Received exit status 0
2026-07-25 21:53:54,953 - asyncssh - INFO - [conn=0, chan=421] Received channel close
2026-07-25 21:53:54,953 - asyncssh - INFO - [conn=0, chan=421] Channel closed
2026-07-25 21:53:54,954 - asyncssh - INFO - [conn=0, chan=423] Requesting new SSH session
2026-07-25 21:53:54,954 - asyncssh - INFO - [conn=0, chan=423]   Command: kubectl top pod my-pod -n default --no-headers
2026-07-25 21:53:55,013 - asyncssh - INFO - [conn=0, chan=423] Received exit status 0
2026-07-25 21:53:55,013 - asyncssh - INFO - [conn=0, chan=423] Received channel close
2026-07-25 21:53:55,014 - asyncssh - INFO - [conn=0, chan=423] Channel closed
2026-07-25 21:53:55,014 - asyncssh - INFO - [conn=0, chan=424] Requesting new SSH session
2026-07-25 21:53:55,014 - asyncssh - INFO - [conn=0, chan=424]   Command: kubectl describe pod my-pod -n default | grep -A 5 'Limits:'
2026-07-25 21:53:55,017 - asyncssh - INFO - [conn=0, chan=422] Received exit status 0
2026-07-25 21:53:55,017 - asyncssh - INFO - [conn=0, chan=422] Received channel close
2026-07-25 21:53:55,017 - asyncssh - INFO - [conn=0, chan=422] Channel closed
2026-07-25 21:53:55,017 - asyncssh - INFO - [conn=0, chan=425] Requesting new SSH session
2026-07-25 21:53:55,018 - asyncssh - INFO - [conn=0, chan=425]   Command: kubectl describe pod log-generator -n default | grep -A 5 'Limits:'
2026-07-25 21:53:55,083 - asyncssh - INFO - [conn=0, chan=424] Received exit status 1
2026-07-25 21:53:55,084 - asyncssh - INFO - [conn=0, chan=424] Received channel close
2026-07-25 21:53:55,084 - asyncssh - INFO - [conn=0, chan=424] Channel closed
2026-07-25 21:53:55,085 - asyncssh - INFO - [conn=0, chan=425] Received exit status 0
2026-07-25 21:53:55,085 - asyncssh - INFO - [conn=0, chan=425] Received channel close
2026-07-25 21:53:55,086 - asyncssh - INFO - [conn=0, chan=425] Channel closed
2026-07-25 21:53:55,917 - asyncssh - INFO - [conn=0, chan=192] Requesting new SSH session
2026-07-25 21:53:55,917 - asyncssh - INFO - [conn=0, chan=192]   Command: kubectl logs my-pod -n default --tail=50
2026-07-25 21:53:55,918 - asyncssh - INFO - [conn=0, chan=193] Requesting new SSH session
2026-07-25 21:53:55,919 - asyncssh - INFO - [conn=0, chan=193]   Command: kubectl logs log-generator -n default --tail=50
2026-07-25 21:53:55,986 - asyncssh - INFO - [conn=0, chan=192] Received exit status 0
2026-07-25 21:53:55,987 - asyncssh - INFO - [conn=0, chan=192] Received channel close
2026-07-25 21:53:55,987 - asyncssh - INFO - [conn=0, chan=192] Channel closed
2026-07-25 21:53:55,987 - asyncssh - INFO - [conn=0, chan=193] Received exit status 0
2026-07-25 21:53:55,987 - asyncssh - INFO - [conn=0, chan=193] Received channel close
2026-07-25 21:53:55,988 - asyncssh - INFO - [conn=0, chan=194] Requesting new SSH session
2026-07-25 21:53:55,988 - asyncssh - INFO - [conn=0, chan=193] Channel closed
2026-07-25 21:53:55,988 - asyncssh - INFO - [conn=0, chan=195] Requesting new SSH session
2026-07-25 21:53:55,989 - asyncssh - INFO - [conn=0, chan=194]   Command: kubectl top pod my-pod -n default --no-headers
2026-07-25 21:53:55,989 - asyncssh - INFO - [conn=0, chan=195]   Command: kubectl top pod log-generator -n default --no-headers
2026-07-25 21:53:56,042 - asyncssh - INFO - [conn=0, chan=194] Received exit status 0
2026-07-25 21:53:56,043 - asyncssh - INFO - [conn=0, chan=194] Received channel close
2026-07-25 21:53:56,043 - asyncssh - INFO - [conn=0, chan=194] Channel closed
2026-07-25 21:53:56,043 - asyncssh - INFO - [conn=0, chan=195] Received exit status 0
2026-07-25 21:53:56,043 - asyncssh - INFO - [conn=0, chan=195] Received channel close
2026-07-25 21:53:56,044 - asyncssh - INFO - [conn=0, chan=196] Requesting new SSH session
2026-07-25 21:53:56,044 - asyncssh - INFO - [conn=0, chan=195] Channel closed
2026-07-25 21:53:56,044 - asyncssh - INFO - [conn=0, chan=197] Requesting new SSH session
2026-07-25 21:53:56,045 - asyncssh - INFO - [conn=0, chan=196]   Command: kubectl describe pod my-pod -n default | grep -A 5 'Limits:'
2026-07-25 21:53:56,045 - asyncssh - INFO - [conn=0, chan=197]   Command: kubectl describe pod log-generator -n default | grep -A 5 'Limits:'
2026-07-25 21:53:56,109 - asyncssh - INFO - [conn=0, chan=196] Received exit status 1
2026-07-25 21:53:56,109 - asyncssh - INFO - [conn=0, chan=196] Received channel close
2026-07-25 21:53:56,109 - asyncssh - INFO - [conn=0, chan=196] Channel closed
2026-07-25 21:53:56,109 - asyncssh - INFO - [conn=0, chan=197] Received exit status 0
2026-07-25 21:53:56,110 - asyncssh - INFO - [conn=0, chan=197] Received channel close
2026-07-25 21:53:56,110 - asyncssh - INFO - [conn=0, chan=197] Channel closed
2026-07-25 21:54:00,086 - asyncssh - INFO - [conn=0, chan=426] Requesting new SSH session
2026-07-25 21:54:00,087 - asyncssh - INFO - [conn=0, chan=427] Requesting new SSH session
2026-07-25 21:54:00,087 - asyncssh - INFO - [conn=0, chan=426]   Command: kubectl logs my-pod -n default --tail=50
2026-07-25 21:54:00,088 - asyncssh - INFO - [conn=0, chan=427]   Command: kubectl logs log-generator -n default --tail=50
2026-07-25 21:54:00,169 - asyncssh - INFO - [conn=0, chan=426] Received exit status 0
2026-07-25 21:54:00,169 - asyncssh - INFO - [conn=0, chan=426] Received channel close
2026-07-25 21:54:00,170 - asyncssh - INFO - [conn=0, chan=427] Received exit status 0
2026-07-25 21:54:00,170 - asyncssh - INFO - [conn=0, chan=427] Received channel close
2026-07-25 21:54:00,170 - asyncssh - INFO - [conn=0, chan=426] Channel closed
2026-07-25 21:54:00,170 - asyncssh - INFO - [conn=0, chan=427] Channel closed
2026-07-25 21:54:00,171 - asyncssh - INFO - [conn=0, chan=428] Requesting new SSH session
2026-07-25 21:54:00,172 - asyncssh - INFO - [conn=0, chan=429] Requesting new SSH session
2026-07-25 21:54:00,172 - asyncssh - INFO - [conn=0, chan=428]   Command: kubectl top pod my-pod -n default --no-headers
2026-07-25 21:54:00,173 - asyncssh - INFO - [conn=0, chan=429]   Command: kubectl top pod log-generator -n default --no-headers
2026-07-25 21:54:00,256 - asyncssh - INFO - [conn=0, chan=429] Received exit status 0
2026-07-25 21:54:00,256 - asyncssh - INFO - [conn=0, chan=429] Received channel close
2026-07-25 21:54:00,257 - asyncssh - INFO - [conn=0, chan=429] Channel closed
2026-07-25 21:54:00,258 - asyncssh - INFO - [conn=0, chan=430] Requesting new SSH session
2026-07-25 21:54:00,260 - asyncssh - INFO - [conn=0, chan=430]   Command: kubectl describe pod log-generator -n default | grep -A 5 'Limits:'
2026-07-25 21:54:00,261 - asyncssh - INFO - [conn=0, chan=428] Received exit status 0
2026-07-25 21:54:00,262 - asyncssh - INFO - [conn=0, chan=428] Received channel close
2026-07-25 21:54:00,262 - asyncssh - INFO - [conn=0, chan=428] Channel closed
2026-07-25 21:54:00,262 - asyncssh - INFO - [conn=0, chan=431] Requesting new SSH session
2026-07-25 21:54:00,263 - asyncssh - INFO - [conn=0, chan=431]   Command: kubectl describe pod my-pod -n default | grep -A 5 'Limits:'
2026-07-25 21:54:00,345 - asyncssh - INFO - [conn=0, chan=430] Received exit status 0
2026-07-25 21:54:00,345 - asyncssh - INFO - [conn=0, chan=430] Received channel close
2026-07-25 21:54:00,346 - asyncssh - INFO - [conn=0, chan=430] Channel closed
2026-07-25 21:54:00,351 - asyncssh - INFO - [conn=0, chan=431] Received exit status 1
2026-07-25 21:54:00,351 - asyncssh - INFO - [conn=0, chan=431] Received channel close
2026-07-25 21:54:00,351 - asyncssh - INFO - [conn=0, chan=431] Channel closed
2026-07-25 21:54:01,112 - asyncssh - INFO - [conn=0, chan=198] Requesting new SSH session
2026-07-25 21:54:01,113 - asyncssh - INFO - [conn=0, chan=199] Requesting new SSH session
2026-07-25 21:54:01,113 - asyncssh - INFO - [conn=0, chan=198]   Command: kubectl logs my-pod -n default --tail=50
2026-07-25 21:54:01,113 - asyncssh - INFO - [conn=0, chan=199]   Command: kubectl logs log-generator -n default --tail=50
2026-07-25 21:54:01,178 - asyncssh - INFO - [conn=0, chan=199] Received exit status 0
2026-07-25 21:54:01,178 - asyncssh - INFO - [conn=0, chan=199] Received channel close
2026-07-25 21:54:01,179 - asyncssh - INFO - [conn=0, chan=199] Channel closed
2026-07-25 21:54:01,179 - asyncssh - INFO - [conn=0, chan=200] Requesting new SSH session
2026-07-25 21:54:01,180 - asyncssh - INFO - [conn=0, chan=200]   Command: kubectl top pod log-generator -n default --no-headers
2026-07-25 21:54:01,180 - asyncssh - INFO - [conn=0, chan=198] Received exit status 0
2026-07-25 21:54:01,180 - asyncssh - INFO - [conn=0, chan=198] Received channel close
2026-07-25 21:54:01,181 - asyncssh - INFO - [conn=0, chan=198] Channel closed
2026-07-25 21:54:01,181 - asyncssh - INFO - [conn=0, chan=201] Requesting new SSH session
2026-07-25 21:54:01,182 - asyncssh - INFO - [conn=0, chan=201]   Command: kubectl top pod my-pod -n default --no-headers
2026-07-25 21:54:01,238 - asyncssh - INFO - [conn=0, chan=200] Received exit status 0
2026-07-25 21:54:01,239 - asyncssh - INFO - [conn=0, chan=200] Received channel close
2026-07-25 21:54:01,239 - asyncssh - INFO - [conn=0, chan=200] Channel closed
2026-07-25 21:54:01,239 - asyncssh - INFO - [conn=0, chan=202] Requesting new SSH session
2026-07-25 21:54:01,240 - asyncssh - INFO - [conn=0, chan=201] Received exit status 0
2026-07-25 21:54:01,240 - asyncssh - INFO - [conn=0, chan=201] Received channel close
2026-07-25 21:54:01,240 - asyncssh - INFO - [conn=0, chan=201] Channel closed
2026-07-25 21:54:01,241 - asyncssh - INFO - [conn=0, chan=203] Requesting new SSH session
2026-07-25 21:54:01,241 - asyncssh - INFO - [conn=0, chan=202]   Command: kubectl describe pod log-generator -n default | grep -A 5 'Limits:'
2026-07-25 21:54:01,242 - asyncssh - INFO - [conn=0, chan=203]   Command: kubectl describe pod my-pod -n default | grep -A 5 'Limits:'
2026-07-25 21:54:01,302 - asyncssh - INFO - [conn=0, chan=202] Received exit status 0
2026-07-25 21:54:01,302 - asyncssh - INFO - [conn=0, chan=203] Received exit status 1
2026-07-25 21:54:01,302 - asyncssh - INFO - [conn=0, chan=202] Received channel close
2026-07-25 21:54:01,303 - asyncssh - INFO - [conn=0, chan=202] Channel closed
2026-07-25 21:54:01,303 - asyncssh - INFO - [conn=0, chan=203] Received channel close
2026-07-25 21:54:01,303 - asyncssh - INFO - [conn=0, chan=203] Channel closed
2026-07-25 21:54:05,348 - asyncssh - INFO - [conn=0, chan=432] Requesting new SSH session
2026-07-25 21:54:05,349 - asyncssh - INFO - [conn=0, chan=432]   Command: kubectl logs log-generator -n default --tail=50
2026-07-25 21:54:05,352 - asyncssh - INFO - [conn=0, chan=433] Requesting new SSH session
2026-07-25 21:54:05,352 - asyncssh - INFO - [conn=0, chan=433]   Command: kubectl logs my-pod -n default --tail=50
2026-07-25 21:54:05,417 - asyncssh - INFO - [conn=0, chan=432] Received exit status 0
2026-07-25 21:54:05,417 - asyncssh - INFO - [conn=0, chan=432] Received channel close
2026-07-25 21:54:05,418 - asyncssh - INFO - [conn=0, chan=432] Channel closed
2026-07-25 21:54:05,418 - asyncssh - INFO - [conn=0, chan=434] Requesting new SSH session
2026-07-25 21:54:05,419 - asyncssh - INFO - [conn=0, chan=434]   Command: kubectl top pod log-generator -n default --no-headers
2026-07-25 21:54:05,420 - asyncssh - INFO - [conn=0, chan=433] Received exit status 0
2026-07-25 21:54:05,420 - asyncssh - INFO - [conn=0, chan=433] Received channel close
2026-07-25 21:54:05,421 - asyncssh - INFO - [conn=0, chan=433] Channel closed
2026-07-25 21:54:05,421 - asyncssh - INFO - [conn=0, chan=435] Requesting new SSH session
2026-07-25 21:54:05,421 - asyncssh - INFO - [conn=0, chan=435]   Command: kubectl top pod my-pod -n default --no-headers
2026-07-25 21:54:05,477 - asyncssh - INFO - [conn=0, chan=434] Received exit status 0
2026-07-25 21:54:05,477 - asyncssh - INFO - [conn=0, chan=434] Received channel close
2026-07-25 21:54:05,478 - asyncssh - INFO - [conn=0, chan=434] Channel closed
2026-07-25 21:54:05,478 - asyncssh - INFO - [conn=0, chan=436] Requesting new SSH session
2026-07-25 21:54:05,478 - asyncssh - INFO - [conn=0, chan=436]   Command: kubectl describe pod log-generator -n default | grep -A 5 'Limits:'
2026-07-25 21:54:05,480 - asyncssh - INFO - [conn=0, chan=435] Received exit status 0
2026-07-25 21:54:05,481 - asyncssh - INFO - [conn=0, chan=435] Received channel close
2026-07-25 21:54:05,481 - asyncssh - INFO - [conn=0, chan=435] Channel closed
2026-07-25 21:54:05,481 - asyncssh - INFO - [conn=0, chan=437] Requesting new SSH session
2026-07-25 21:54:05,482 - asyncssh - INFO - [conn=0, chan=437]   Command: kubectl describe pod my-pod -n default | grep -A 5 'Limits:'
2026-07-25 21:54:05,543 - asyncssh - INFO - [conn=0, chan=436] Received exit status 0
2026-07-25 21:54:05,543 - asyncssh - INFO - [conn=0, chan=436] Received channel close
2026-07-25 21:54:05,544 - asyncssh - INFO - [conn=0, chan=436] Channel closed
2026-07-25 21:54:05,549 - asyncssh - INFO - [conn=0, chan=437] Received exit status 1
2026-07-25 21:54:05,549 - asyncssh - INFO - [conn=0, chan=437] Received channel close
2026-07-25 21:54:05,549 - asyncssh - INFO - [conn=0, chan=437] Channel closed
2026-07-25 21:54:06,305 - asyncssh - INFO - [conn=0, chan=204] Requesting new SSH session
2026-07-25 21:54:06,306 - asyncssh - INFO - [conn=0, chan=205] Requesting new SSH session
2026-07-25 21:54:06,306 - asyncssh - INFO - [conn=0, chan=204]   Command: kubectl logs log-generator -n default --tail=50
2026-07-25 21:54:06,306 - asyncssh - INFO - [conn=0, chan=205]   Command: kubectl logs my-pod -n default --tail=50
2026-07-25 21:54:06,368 - asyncssh - INFO - [conn=0, chan=205] Received exit status 0
2026-07-25 21:54:06,368 - asyncssh - INFO - [conn=0, chan=205] Received channel close
2026-07-25 21:54:06,368 - asyncssh - INFO - [conn=0, chan=205] Channel closed
2026-07-25 21:54:06,369 - asyncssh - INFO - [conn=0, chan=206] Requesting new SSH session
2026-07-25 21:54:06,369 - asyncssh - INFO - [conn=0, chan=204] Received exit status 0
2026-07-25 21:54:06,369 - asyncssh - INFO - [conn=0, chan=204] Received channel close
2026-07-25 21:54:06,370 - asyncssh - INFO - [conn=0, chan=204] Channel closed
2026-07-25 21:54:06,370 - asyncssh - INFO - [conn=0, chan=207] Requesting new SSH session
2026-07-25 21:54:06,370 - asyncssh - INFO - [conn=0, chan=206]   Command: kubectl top pod my-pod -n default --no-headers
2026-07-25 21:54:06,371 - asyncssh - INFO - [conn=0, chan=207]   Command: kubectl top pod log-generator -n default --no-headers
2026-07-25 21:54:06,422 - asyncssh - INFO - [conn=0, chan=207] Received exit status 0
2026-07-25 21:54:06,423 - asyncssh - INFO - [conn=0, chan=207] Received channel close
2026-07-25 21:54:06,423 - asyncssh - INFO - [conn=0, chan=207] Channel closed
2026-07-25 21:54:06,423 - asyncssh - INFO - [conn=0, chan=208] Requesting new SSH session
2026-07-25 21:54:06,424 - asyncssh - INFO - [conn=0, chan=208]   Command: kubectl describe pod log-generator -n default | grep -A 5 'Limits:'
2026-07-25 21:54:06,425 - asyncssh - INFO - [conn=0, chan=206] Received exit status 0
2026-07-25 21:54:06,425 - asyncssh - INFO - [conn=0, chan=206] Received channel close
2026-07-25 21:54:06,425 - asyncssh - INFO - [conn=0, chan=206] Channel closed
2026-07-25 21:54:06,426 - asyncssh - INFO - [conn=0, chan=209] Requesting new SSH session
2026-07-25 21:54:06,426 - asyncssh - INFO - [conn=0, chan=209]   Command: kubectl describe pod my-pod -n default | grep -A 5 'Limits:'
2026-07-25 21:54:06,515 - asyncssh - INFO - [conn=0, chan=209] Received exit status 1
2026-07-25 21:54:06,515 - asyncssh - INFO - [conn=0, chan=209] Received channel close
2026-07-25 21:54:06,515 - asyncssh - INFO - [conn=0, chan=209] Channel closed
2026-07-25 21:54:06,517 - asyncssh - INFO - [conn=0, chan=208] Received exit status 0
2026-07-25 21:54:06,517 - asyncssh - INFO - [conn=0, chan=208] Received channel close
2026-07-25 21:54:06,518 - asyncssh - INFO - [conn=0, chan=208] Channel closed
2026-07-25 21:54:10,545 - asyncssh - INFO - [conn=0, chan=438] Requesting new SSH session
2026-07-25 21:54:10,546 - asyncssh - INFO - [conn=0, chan=438]   Command: kubectl logs log-generator -n default --tail=50
2026-07-25 21:54:10,551 - asyncssh - INFO - [conn=0, chan=439] Requesting new SSH session
2026-07-25 21:54:10,552 - asyncssh - INFO - [conn=0, chan=439]   Command: kubectl logs my-pod -n default --tail=50
2026-07-25 21:54:10,617 - asyncssh - INFO - [conn=0, chan=438] Received exit status 0
2026-07-25 21:54:10,617 - asyncssh - INFO - [conn=0, chan=438] Received channel close
2026-07-25 21:54:10,618 - asyncssh - INFO - [conn=0, chan=438] Channel closed
2026-07-25 21:54:10,618 - asyncssh - INFO - [conn=0, chan=440] Requesting new SSH session
2026-07-25 21:54:10,619 - asyncssh - INFO - [conn=0, chan=440]   Command: kubectl top pod log-generator -n default --no-headers
2026-07-25 21:54:10,623 - asyncssh - INFO - [conn=0, chan=439] Received exit status 0
2026-07-25 21:54:10,624 - asyncssh - INFO - [conn=0, chan=439] Received channel close
2026-07-25 21:54:10,625 - asyncssh - INFO - [conn=0, chan=439] Channel closed
2026-07-25 21:54:10,625 - asyncssh - INFO - [conn=0, chan=441] Requesting new SSH session
2026-07-25 21:54:10,626 - asyncssh - INFO - [conn=0, chan=441]   Command: kubectl top pod my-pod -n default --no-headers
2026-07-25 21:54:10,687 - asyncssh - INFO - [conn=0, chan=440] Received exit status 0
2026-07-25 21:54:10,687 - asyncssh - INFO - [conn=0, chan=440] Received channel close
2026-07-25 21:54:10,688 - asyncssh - INFO - [conn=0, chan=440] Channel closed
2026-07-25 21:54:10,688 - asyncssh - INFO - [conn=0, chan=442] Requesting new SSH session
2026-07-25 21:54:10,688 - asyncssh - INFO - [conn=0, chan=441] Received exit status 0
2026-07-25 21:54:10,689 - asyncssh - INFO - [conn=0, chan=441] Received channel close
2026-07-25 21:54:10,689 - asyncssh - INFO - [conn=0, chan=441] Channel closed
2026-07-25 21:54:10,689 - asyncssh - INFO - [conn=0, chan=443] Requesting new SSH session
2026-07-25 21:54:10,689 - asyncssh - INFO - [conn=0, chan=442]   Command: kubectl describe pod log-generator -n default | grep -A 5 'Limits:'
2026-07-25 21:54:10,690 - asyncssh - INFO - [conn=0, chan=443]   Command: kubectl describe pod my-pod -n default | grep -A 5 'Limits:'
2026-07-25 21:54:10,758 - asyncssh - INFO - [conn=0, chan=442] Received exit status 0
2026-07-25 21:54:10,759 - asyncssh - INFO - [conn=0, chan=442] Received channel close
2026-07-25 21:54:10,759 - asyncssh - INFO - [conn=0, chan=443] Received exit status 1
2026-07-25 21:54:10,759 - asyncssh - INFO - [conn=0, chan=443] Received channel close
2026-07-25 21:54:10,759 - asyncssh - INFO - [conn=0, chan=442] Channel closed
2026-07-25 21:54:10,760 - asyncssh - INFO - [conn=0, chan=443] Channel closed
2026-07-25 21:54:11,517 - asyncssh - INFO - [conn=0, chan=210] Requesting new SSH session
2026-07-25 21:54:11,518 - asyncssh - INFO - [conn=0, chan=210]   Command: kubectl logs my-pod -n default --tail=50
2026-07-25 21:54:11,519 - asyncssh - INFO - [conn=0, chan=211] Requesting new SSH session
2026-07-25 21:54:11,520 - asyncssh - INFO - [conn=0, chan=211]   Command: kubectl logs log-generator -n default --tail=50
2026-07-25 21:54:11,579 - asyncssh - INFO - [conn=0, chan=210] Received exit status 0
2026-07-25 21:54:11,580 - asyncssh - INFO - [conn=0, chan=210] Received channel close
2026-07-25 21:54:11,580 - asyncssh - INFO - [conn=0, chan=210] Channel closed
2026-07-25 21:54:11,580 - asyncssh - INFO - [conn=0, chan=212] Requesting new SSH session
2026-07-25 21:54:11,581 - asyncssh - INFO - [conn=0, chan=211] Received exit status 0
2026-07-25 21:54:11,581 - asyncssh - INFO - [conn=0, chan=211] Received channel close
2026-07-25 21:54:11,581 - asyncssh - INFO - [conn=0, chan=211] Channel closed
2026-07-25 21:54:11,582 - asyncssh - INFO - [conn=0, chan=213] Requesting new SSH session
2026-07-25 21:54:11,582 - asyncssh - INFO - [conn=0, chan=212]   Command: kubectl top pod my-pod -n default --no-headers
2026-07-25 21:54:11,582 - asyncssh - INFO - [conn=0, chan=213]   Command: kubectl top pod log-generator -n default --no-headers
2026-07-25 21:54:11,636 - asyncssh - INFO - [conn=0, chan=213] Received exit status 0
2026-07-25 21:54:11,636 - asyncssh - INFO - [conn=0, chan=213] Received channel close
2026-07-25 21:54:11,636 - asyncssh - INFO - [conn=0, chan=213] Channel closed
2026-07-25 21:54:11,636 - asyncssh - INFO - [conn=0, chan=214] Requesting new SSH session
2026-07-25 21:54:11,637 - asyncssh - INFO - [conn=0, chan=214]   Command: kubectl describe pod log-generator -n default | grep -A 5 'Limits:'
2026-07-25 21:54:11,638 - asyncssh - INFO - [conn=0, chan=212] Received exit status 0
2026-07-25 21:54:11,638 - asyncssh - INFO - [conn=0, chan=212] Received channel close
2026-07-25 21:54:11,638 - asyncssh - INFO - [conn=0, chan=212] Channel closed
2026-07-25 21:54:11,639 - asyncssh - INFO - [conn=0, chan=215] Requesting new SSH session
2026-07-25 21:54:11,639 - asyncssh - INFO - [conn=0, chan=215]   Command: kubectl describe pod my-pod -n default | grep -A 5 'Limits:'
2026-07-25 21:54:11,700 - asyncssh - INFO - [conn=0, chan=215] Received exit status 1
2026-07-25 21:54:11,700 - asyncssh - INFO - [conn=0, chan=215] Received channel close
2026-07-25 21:54:11,701 - asyncssh - INFO - [conn=0, chan=215] Channel closed
2026-07-25 21:54:11,703 - asyncssh - INFO - [conn=0, chan=214] Received exit status 0
2026-07-25 21:54:11,704 - asyncssh - INFO - [conn=0, chan=214] Received channel close
2026-07-25 21:54:11,704 - asyncssh - INFO - [conn=0, chan=214] Channel closed
2026-07-25 21:54:15,761 - asyncssh - INFO - [conn=0, chan=444] Requesting new SSH session
2026-07-25 21:54:15,761 - asyncssh - INFO - [conn=0, chan=445] Requesting new SSH session
2026-07-25 21:54:15,761 - asyncssh - INFO - [conn=0, chan=444]   Command: kubectl logs log-generator -n default --tail=50
2026-07-25 21:54:15,762 - asyncssh - INFO - [conn=0, chan=445]   Command: kubectl logs my-pod -n default --tail=50
2026-07-25 21:54:15,839 - asyncssh - INFO - [conn=0, chan=445] Received exit status 0
2026-07-25 21:54:15,839 - asyncssh - INFO - [conn=0, chan=445] Received channel close
2026-07-25 21:54:15,839 - asyncssh - INFO - [conn=0, chan=445] Channel closed
2026-07-25 21:54:15,840 - asyncssh - INFO - [conn=0, chan=444] Received exit status 0
2026-07-25 21:54:15,840 - asyncssh - INFO - [conn=0, chan=444] Received channel close
2026-07-25 21:54:15,840 - asyncssh - INFO - [conn=0, chan=446] Requesting new SSH session
2026-07-25 21:54:15,840 - asyncssh - INFO - [conn=0, chan=444] Channel closed
2026-07-25 21:54:15,841 - asyncssh - INFO - [conn=0, chan=447] Requesting new SSH session
2026-07-25 21:54:15,841 - asyncssh - INFO - [conn=0, chan=446]   Command: kubectl top pod my-pod -n default --no-headers
2026-07-25 21:54:15,842 - asyncssh - INFO - [conn=0, chan=447]   Command: kubectl top pod log-generator -n default --no-headers
2026-07-25 21:54:15,911 - asyncssh - INFO - [conn=0, chan=446] Received exit status 0
2026-07-25 21:54:15,911 - asyncssh - INFO - [conn=0, chan=446] Received channel close
2026-07-25 21:54:15,912 - asyncssh - INFO - [conn=0, chan=446] Channel closed
2026-07-25 21:54:15,912 - asyncssh - INFO - [conn=0, chan=448] Requesting new SSH session
2026-07-25 21:54:15,913 - asyncssh - INFO - [conn=0, chan=447] Received exit status 0
2026-07-25 21:54:15,913 - asyncssh - INFO - [conn=0, chan=447] Received channel close
2026-07-25 21:54:15,913 - asyncssh - INFO - [conn=0, chan=447] Channel closed
2026-07-25 21:54:15,913 - asyncssh - INFO - [conn=0, chan=449] Requesting new SSH session
2026-07-25 21:54:15,914 - asyncssh - INFO - [conn=0, chan=448]   Command: kubectl describe pod my-pod -n default | grep -A 5 'Limits:'
2026-07-25 21:54:15,914 - asyncssh - INFO - [conn=0, chan=449]   Command: kubectl describe pod log-generator -n default | grep -A 5 'Limits:'
2026-07-25 21:54:15,979 - asyncssh - INFO - [conn=0, chan=449] Received exit status 0
2026-07-25 21:54:15,980 - asyncssh - INFO - [conn=0, chan=449] Received channel close
2026-07-25 21:54:15,980 - asyncssh - INFO - [conn=0, chan=449] Channel closed
2026-07-25 21:54:15,994 - asyncssh - INFO - [conn=0, chan=448] Received exit status 1
2026-07-25 21:54:15,994 - asyncssh - INFO - [conn=0, chan=448] Received channel close
2026-07-25 21:54:15,994 - asyncssh - INFO - [conn=0, chan=448] Channel closed
2026-07-25 21:54:16,702 - asyncssh - INFO - [conn=0, chan=216] Requesting new SSH session
2026-07-25 21:54:16,703 - asyncssh - INFO - [conn=0, chan=216]   Command: kubectl logs my-pod -n default --tail=50
2026-07-25 21:54:16,704 - asyncssh - INFO - [conn=0, chan=217] Requesting new SSH session
2026-07-25 21:54:16,705 - asyncssh - INFO - [conn=0, chan=217]   Command: kubectl logs log-generator -n default --tail=50
2026-07-25 21:54:16,768 - asyncssh - INFO - [conn=0, chan=216] Received exit status 0
2026-07-25 21:54:16,768 - asyncssh - INFO - [conn=0, chan=216] Received channel close
2026-07-25 21:54:16,768 - asyncssh - INFO - [conn=0, chan=216] Channel closed
2026-07-25 21:54:16,769 - asyncssh - INFO - [conn=0, chan=217] Received exit status 0
2026-07-25 21:54:16,769 - asyncssh - INFO - [conn=0, chan=217] Received channel close
2026-07-25 21:54:16,770 - asyncssh - INFO - [conn=0, chan=218] Requesting new SSH session
2026-07-25 21:54:16,770 - asyncssh - INFO - [conn=0, chan=217] Channel closed
2026-07-25 21:54:16,771 - asyncssh - INFO - [conn=0, chan=219] Requesting new SSH session
2026-07-25 21:54:16,771 - asyncssh - INFO - [conn=0, chan=218]   Command: kubectl top pod my-pod -n default --no-headers
2026-07-25 21:54:16,771 - asyncssh - INFO - [conn=0, chan=219]   Command: kubectl top pod log-generator -n default --no-headers
2026-07-25 21:54:16,827 - asyncssh - INFO - [conn=0, chan=219] Received exit status 0
2026-07-25 21:54:16,828 - asyncssh - INFO - [conn=0, chan=219] Received channel close
2026-07-25 21:54:16,828 - asyncssh - INFO - [conn=0, chan=219] Channel closed
2026-07-25 21:54:16,828 - asyncssh - INFO - [conn=0, chan=218] Received exit status 0
2026-07-25 21:54:16,829 - asyncssh - INFO - [conn=0, chan=218] Received channel close
2026-07-25 21:54:16,829 - asyncssh - INFO - [conn=0, chan=220] Requesting new SSH session
2026-07-25 21:54:16,829 - asyncssh - INFO - [conn=0, chan=218] Channel closed
2026-07-25 21:54:16,829 - asyncssh - INFO - [conn=0, chan=221] Requesting new SSH session
2026-07-25 21:54:16,829 - asyncssh - INFO - [conn=0, chan=220]   Command: kubectl describe pod log-generator -n default | grep -A 5 'Limits:'
2026-07-25 21:54:16,830 - asyncssh - INFO - [conn=0, chan=221]   Command: kubectl describe pod my-pod -n default | grep -A 5 'Limits:'
2026-07-25 21:54:16,889 - asyncssh - INFO - [conn=0, chan=220] Received exit status 0
2026-07-25 21:54:16,889 - asyncssh - INFO - [conn=0, chan=220] Received channel close
2026-07-25 21:54:16,889 - asyncssh - INFO - [conn=0, chan=220] Channel closed
2026-07-25 21:54:16,890 - asyncssh - INFO - [conn=0, chan=221] Received exit status 1
2026-07-25 21:54:16,891 - asyncssh - INFO - [conn=0, chan=221] Received channel close
2026-07-25 21:54:16,891 - asyncssh - INFO - [conn=0, chan=221] Channel closed
2026-07-25 21:54:20,982 - asyncssh - INFO - [conn=0, chan=450] Requesting new SSH session
2026-07-25 21:54:20,983 - asyncssh - INFO - [conn=0, chan=450]   Command: kubectl logs log-generator -n default --tail=50
2026-07-25 21:54:20,995 - asyncssh - INFO - [conn=0, chan=451] Requesting new SSH session
2026-07-25 21:54:20,996 - asyncssh - INFO - [conn=0, chan=451]   Command: kubectl logs my-pod -n default --tail=50
2026-07-25 21:54:21,058 - asyncssh - INFO - [conn=0, chan=450] Received exit status 0
2026-07-25 21:54:21,059 - asyncssh - INFO - [conn=0, chan=450] Received channel close
2026-07-25 21:54:21,059 - asyncssh - INFO - [conn=0, chan=450] Channel closed
2026-07-25 21:54:21,060 - asyncssh - INFO - [conn=0, chan=452] Requesting new SSH session
2026-07-25 21:54:21,060 - asyncssh - INFO - [conn=0, chan=452]   Command: kubectl top pod log-generator -n default --no-headers
2026-07-25 21:54:21,073 - asyncssh - INFO - [conn=0, chan=451] Received exit status 0
2026-07-25 21:54:21,073 - asyncssh - INFO - [conn=0, chan=451] Received channel close
2026-07-25 21:54:21,073 - asyncssh - INFO - [conn=0, chan=451] Channel closed
2026-07-25 21:54:21,073 - asyncssh - INFO - [conn=0, chan=453] Requesting new SSH session
2026-07-25 21:54:21,074 - asyncssh - INFO - [conn=0, chan=453]   Command: kubectl top pod my-pod -n default --no-headers
2026-07-25 21:54:21,126 - asyncssh - INFO - [conn=0, chan=452] Received exit status 0
2026-07-25 21:54:21,126 - asyncssh - INFO - [conn=0, chan=452] Received channel close
2026-07-25 21:54:21,126 - asyncssh - INFO - [conn=0, chan=452] Channel closed
2026-07-25 21:54:21,127 - asyncssh - INFO - [conn=0, chan=454] Requesting new SSH session
2026-07-25 21:54:21,127 - asyncssh - INFO - [conn=0, chan=454]   Command: kubectl describe pod log-generator -n default | grep -A 5 'Limits:'
2026-07-25 21:54:21,139 - asyncssh - INFO - [conn=0, chan=453] Received exit status 0
2026-07-25 21:54:21,139 - asyncssh - INFO - [conn=0, chan=453] Received channel close
2026-07-25 21:54:21,140 - asyncssh - INFO - [conn=0, chan=453] Channel closed
2026-07-25 21:54:21,140 - asyncssh - INFO - [conn=0, chan=455] Requesting new SSH session
2026-07-25 21:54:21,140 - asyncssh - INFO - [conn=0, chan=455]   Command: kubectl describe pod my-pod -n default | grep -A 5 'Limits:'
2026-07-25 21:54:21,198 - asyncssh - INFO - [conn=0, chan=454] Received exit status 0
2026-07-25 21:54:21,198 - asyncssh - INFO - [conn=0, chan=454] Received channel close
2026-07-25 21:54:21,198 - asyncssh - INFO - [conn=0, chan=454] Channel closed
2026-07-25 21:54:21,208 - asyncssh - INFO - [conn=0, chan=455] Received exit status 1
2026-07-25 21:54:21,209 - asyncssh - INFO - [conn=0, chan=455] Received channel close
2026-07-25 21:54:21,209 - asyncssh - INFO - [conn=0, chan=455] Channel closed
2026-07-25 21:54:21,890 - asyncssh - INFO - [conn=0, chan=222] Requesting new SSH session
2026-07-25 21:54:21,892 - asyncssh - INFO - [conn=0, chan=223] Requesting new SSH session
2026-07-25 21:54:21,892 - asyncssh - INFO - [conn=0, chan=222]   Command: kubectl logs log-generator -n default --tail=50
2026-07-25 21:54:21,893 - asyncssh - INFO - [conn=0, chan=223]   Command: kubectl logs my-pod -n default --tail=50
2026-07-25 21:54:21,962 - asyncssh - INFO - [conn=0, chan=223] Received exit status 0
2026-07-25 21:54:21,963 - asyncssh - INFO - [conn=0, chan=223] Received channel close
2026-07-25 21:54:21,963 - asyncssh - INFO - [conn=0, chan=223] Channel closed
2026-07-25 21:54:21,964 - asyncssh - INFO - [conn=0, chan=224] Requesting new SSH session
2026-07-25 21:54:21,964 - asyncssh - INFO - [conn=0, chan=224]   Command: kubectl top pod my-pod -n default --no-headers
2026-07-25 21:54:21,968 - asyncssh - INFO - [conn=0, chan=222] Received exit status 0
2026-07-25 21:54:21,969 - asyncssh - INFO - [conn=0, chan=222] Received channel close
2026-07-25 21:54:21,969 - asyncssh - INFO - [conn=0, chan=222] Channel closed
2026-07-25 21:54:21,969 - asyncssh - INFO - [conn=0, chan=225] Requesting new SSH session
2026-07-25 21:54:21,970 - asyncssh - INFO - [conn=0, chan=225]   Command: kubectl top pod log-generator -n default --no-headers
2026-07-25 21:54:22,020 - asyncssh - INFO - [conn=0, chan=224] Received exit status 0
2026-07-25 21:54:22,020 - asyncssh - INFO - [conn=0, chan=224] Received channel close
2026-07-25 21:54:22,020 - asyncssh - INFO - [conn=0, chan=224] Channel closed
2026-07-25 21:54:22,020 - asyncssh - INFO - [conn=0, chan=226] Requesting new SSH session
2026-07-25 21:54:22,021 - asyncssh - INFO - [conn=0, chan=226]   Command: kubectl describe pod my-pod -n default | grep -A 5 'Limits:'
2026-07-25 21:54:22,024 - asyncssh - INFO - [conn=0, chan=225] Received exit status 0
2026-07-25 21:54:22,025 - asyncssh - INFO - [conn=0, chan=225] Received channel close
2026-07-25 21:54:22,025 - asyncssh - INFO - [conn=0, chan=225] Channel closed
2026-07-25 21:54:22,025 - asyncssh - INFO - [conn=0, chan=227] Requesting new SSH session
2026-07-25 21:54:22,026 - asyncssh - INFO - [conn=0, chan=227]   Command: kubectl describe pod log-generator -n default | grep -A 5 'Limits:'
2026-07-25 21:54:22,084 - asyncssh - INFO - [conn=0, chan=226] Received exit status 1
2026-07-25 21:54:22,084 - asyncssh - INFO - [conn=0, chan=226] Received channel close
2026-07-25 21:54:22,084 - asyncssh - INFO - [conn=0, chan=226] Channel closed
2026-07-25 21:54:22,085 - asyncssh - INFO - [conn=0, chan=227] Received exit status 0
2026-07-25 21:54:22,085 - asyncssh - INFO - [conn=0, chan=227] Received channel close
2026-07-25 21:54:22,086 - asyncssh - INFO - [conn=0, chan=227] Channel closed
2026-07-25 21:54:26,200 - asyncssh - INFO - [conn=0, chan=456] Requesting new SSH session
2026-07-25 21:54:26,201 - asyncssh - INFO - [conn=0, chan=456]   Command: kubectl logs log-generator -n default --tail=50
2026-07-25 21:54:26,210 - asyncssh - INFO - [conn=0, chan=457] Requesting new SSH session
2026-07-25 21:54:26,211 - asyncssh - INFO - [conn=0, chan=457]   Command: kubectl logs my-pod -n default --tail=50
2026-07-25 21:54:26,274 - asyncssh - INFO - [conn=0, chan=456] Received exit status 0
2026-07-25 21:54:26,274 - asyncssh - INFO - [conn=0, chan=456] Received channel close
2026-07-25 21:54:26,275 - asyncssh - INFO - [conn=0, chan=456] Channel closed
2026-07-25 21:54:26,276 - asyncssh - INFO - [conn=0, chan=458] Requesting new SSH session
2026-07-25 21:54:26,276 - asyncssh - INFO - [conn=0, chan=458]   Command: kubectl top pod log-generator -n default --no-headers
2026-07-25 21:54:26,282 - asyncssh - INFO - [conn=0, chan=457] Received exit status 0
2026-07-25 21:54:26,282 - asyncssh - INFO - [conn=0, chan=457] Received channel close
2026-07-25 21:54:26,282 - asyncssh - INFO - [conn=0, chan=457] Channel closed
2026-07-25 21:54:26,283 - asyncssh - INFO - [conn=0, chan=459] Requesting new SSH session
2026-07-25 21:54:26,283 - asyncssh - INFO - [conn=0, chan=459]   Command: kubectl top pod my-pod -n default --no-headers
2026-07-25 21:54:26,345 - asyncssh - INFO - [conn=0, chan=458] Received exit status 0
2026-07-25 21:54:26,345 - asyncssh - INFO - [conn=0, chan=458] Received channel close
2026-07-25 21:54:26,346 - asyncssh - INFO - [conn=0, chan=458] Channel closed
2026-07-25 21:54:26,347 - asyncssh - INFO - [conn=0, chan=459] Received exit status 0
2026-07-25 21:54:26,347 - asyncssh - INFO - [conn=0, chan=459] Received channel close
2026-07-25 21:54:26,347 - asyncssh - INFO - [conn=0, chan=460] Requesting new SSH session
2026-07-25 21:54:26,348 - asyncssh - INFO - [conn=0, chan=459] Channel closed
2026-07-25 21:54:26,348 - asyncssh - INFO - [conn=0, chan=461] Requesting new SSH session
2026-07-25 21:54:26,348 - asyncssh - INFO - [conn=0, chan=460]   Command: kubectl describe pod log-generator -n default | grep -A 5 'Limits:'
2026-07-25 21:54:26,349 - asyncssh - INFO - [conn=0, chan=461]   Command: kubectl describe pod my-pod -n default | grep -A 5 'Limits:'
2026-07-25 21:54:26,417 - asyncssh - INFO - [conn=0, chan=460] Received exit status 0
2026-07-25 21:54:26,417 - asyncssh - INFO - [conn=0, chan=461] Received exit status 1
2026-07-25 21:54:26,417 - asyncssh - INFO - [conn=0, chan=461] Received channel close
2026-07-25 21:54:26,418 - asyncssh - INFO - [conn=0, chan=461] Channel closed
2026-07-25 21:54:26,418 - asyncssh - INFO - [conn=0, chan=460] Received channel close
2026-07-25 21:54:26,418 - asyncssh - INFO - [conn=0, chan=460] Channel closed
2026-07-25 21:54:27,086 - asyncssh - INFO - [conn=0, chan=228] Requesting new SSH session
2026-07-25 21:54:27,087 - asyncssh - INFO - [conn=0, chan=229] Requesting new SSH session
2026-07-25 21:54:27,088 - asyncssh - INFO - [conn=0, chan=228]   Command: kubectl logs my-pod -n default --tail=50
2026-07-25 21:54:27,088 - asyncssh - INFO - [conn=0, chan=229]   Command: kubectl logs log-generator -n default --tail=50
2026-07-25 21:54:27,149 - asyncssh - INFO - [conn=0, chan=229] Received exit status 0
2026-07-25 21:54:27,149 - asyncssh - INFO - [conn=0, chan=229] Received channel close
2026-07-25 21:54:27,150 - asyncssh - INFO - [conn=0, chan=228] Received exit status 0
2026-07-25 21:54:27,150 - asyncssh - INFO - [conn=0, chan=229] Channel closed
2026-07-25 21:54:27,150 - asyncssh - INFO - [conn=0, chan=228] Received channel close
2026-07-25 21:54:27,151 - asyncssh - INFO - [conn=0, chan=230] Requesting new SSH session
2026-07-25 21:54:27,151 - asyncssh - INFO - [conn=0, chan=228] Channel closed
2026-07-25 21:54:27,151 - asyncssh - INFO - [conn=0, chan=231] Requesting new SSH session
2026-07-25 21:54:27,151 - asyncssh - INFO - [conn=0, chan=230]   Command: kubectl top pod log-generator -n default --no-headers
2026-07-25 21:54:27,152 - asyncssh - INFO - [conn=0, chan=231]   Command: kubectl top pod my-pod -n default --no-headers
2026-07-25 21:54:27,203 - asyncssh - INFO - [conn=0, chan=230] Received exit status 0
2026-07-25 21:54:27,204 - asyncssh - INFO - [conn=0, chan=230] Received channel close
2026-07-25 21:54:27,204 - asyncssh - INFO - [conn=0, chan=230] Channel closed
2026-07-25 21:54:27,204 - asyncssh - INFO - [conn=0, chan=232] Requesting new SSH session
2026-07-25 21:54:27,205 - asyncssh - INFO - [conn=0, chan=231] Received exit status 0
2026-07-25 21:54:27,205 - asyncssh - INFO - [conn=0, chan=231] Received channel close
2026-07-25 21:54:27,205 - asyncssh - INFO - [conn=0, chan=231] Channel closed
2026-07-25 21:54:27,205 - asyncssh - INFO - [conn=0, chan=233] Requesting new SSH session
2026-07-25 21:54:27,205 - asyncssh - INFO - [conn=0, chan=232]   Command: kubectl describe pod log-generator -n default | grep -A 5 'Limits:'
2026-07-25 21:54:27,206 - asyncssh - INFO - [conn=0, chan=233]   Command: kubectl describe pod my-pod -n default | grep -A 5 'Limits:'
2026-07-25 21:54:27,266 - asyncssh - INFO - [conn=0, chan=232] Received exit status 0
2026-07-25 21:54:27,267 - asyncssh - INFO - [conn=0, chan=232] Received channel close
2026-07-25 21:54:27,267 - asyncssh - INFO - [conn=0, chan=232] Channel closed
2026-07-25 21:54:27,268 - asyncssh - INFO - [conn=0, chan=233] Received exit status 1
2026-07-25 21:54:27,268 - asyncssh - INFO - [conn=0, chan=233] Received channel close
2026-07-25 21:54:27,268 - asyncssh - INFO - [conn=0, chan=233] Channel closed
2026-07-25 21:54:31,419 - asyncssh - INFO - [conn=0, chan=462] Requesting new SSH session
2026-07-25 21:54:31,420 - asyncssh - INFO - [conn=0, chan=463] Requesting new SSH session
2026-07-25 21:54:31,421 - asyncssh - INFO - [conn=0, chan=462]   Command: kubectl logs my-pod -n default --tail=50
2026-07-25 21:54:31,422 - asyncssh - INFO - [conn=0, chan=463]   Command: kubectl logs log-generator -n default --tail=50
2026-07-25 21:54:31,487 - asyncssh - INFO - [conn=0, chan=463] Received exit status 0
2026-07-25 21:54:31,487 - asyncssh - INFO - [conn=0, chan=463] Received channel close
2026-07-25 21:54:31,487 - asyncssh - INFO - [conn=0, chan=463] Channel closed
2026-07-25 21:54:31,488 - asyncssh - INFO - [conn=0, chan=464] Requesting new SSH session
2026-07-25 21:54:31,488 - asyncssh - INFO - [conn=0, chan=464]   Command: kubectl top pod log-generator -n default --no-headers
2026-07-25 21:54:31,491 - asyncssh - INFO - [conn=0, chan=462] Received exit status 0
2026-07-25 21:54:31,491 - asyncssh - INFO - [conn=0, chan=462] Received channel close
2026-07-25 21:54:31,492 - asyncssh - INFO - [conn=0, chan=462] Channel closed
2026-07-25 21:54:31,492 - asyncssh - INFO - [conn=0, chan=465] Requesting new SSH session
2026-07-25 21:54:31,493 - asyncssh - INFO - [conn=0, chan=465]   Command: kubectl top pod my-pod -n default --no-headers
2026-07-25 21:54:31,551 - asyncssh - INFO - [conn=0, chan=465] Received exit status 0
2026-07-25 21:54:31,551 - asyncssh - INFO - [conn=0, chan=465] Received channel close
2026-07-25 21:54:31,552 - asyncssh - INFO - [conn=0, chan=465] Channel closed
2026-07-25 21:54:31,552 - asyncssh - INFO - [conn=0, chan=464] Received exit status 0
2026-07-25 21:54:31,552 - asyncssh - INFO - [conn=0, chan=464] Received channel close
2026-07-25 21:54:31,552 - asyncssh - INFO - [conn=0, chan=466] Requesting new SSH session
2026-07-25 21:54:31,553 - asyncssh - INFO - [conn=0, chan=464] Channel closed
2026-07-25 21:54:31,553 - asyncssh - INFO - [conn=0, chan=467] Requesting new SSH session
2026-07-25 21:54:31,553 - asyncssh - INFO - [conn=0, chan=466]   Command: kubectl describe pod my-pod -n default | grep -A 5 'Limits:'
2026-07-25 21:54:31,554 - asyncssh - INFO - [conn=0, chan=467]   Command: kubectl describe pod log-generator -n default | grep -A 5 'Limits:'
2026-07-25 21:54:31,619 - asyncssh - INFO - [conn=0, chan=466] Received exit status 1
2026-07-25 21:54:31,619 - asyncssh - INFO - [conn=0, chan=466] Received channel close
2026-07-25 21:54:31,620 - asyncssh - INFO - [conn=0, chan=466] Channel closed
2026-07-25 21:54:31,620 - asyncssh - INFO - [conn=0, chan=467] Received exit status 0
2026-07-25 21:54:31,621 - asyncssh - INFO - [conn=0, chan=467] Received channel close
2026-07-25 21:54:31,621 - asyncssh - INFO - [conn=0, chan=467] Channel closed
2026-07-25 21:54:32,268 - asyncssh - INFO - [conn=0, chan=234] Requesting new SSH session
2026-07-25 21:54:32,269 - asyncssh - INFO - [conn=0, chan=234]   Command: kubectl logs log-generator -n default --tail=50
2026-07-25 21:54:32,269 - asyncssh - INFO - [conn=0, chan=235] Requesting new SSH session
2026-07-25 21:54:32,270 - asyncssh - INFO - [conn=0, chan=235]   Command: kubectl logs my-pod -n default --tail=50
2026-07-25 21:54:32,330 - asyncssh - INFO - [conn=0, chan=235] Received exit status 0
2026-07-25 21:54:32,330 - asyncssh - INFO - [conn=0, chan=235] Received channel close
2026-07-25 21:54:32,331 - asyncssh - INFO - [conn=0, chan=235] Channel closed
2026-07-25 21:54:32,331 - asyncssh - INFO - [conn=0, chan=234] Received exit status 0
2026-07-25 21:54:32,331 - asyncssh - INFO - [conn=0, chan=234] Received channel close
2026-07-25 21:54:32,332 - asyncssh - INFO - [conn=0, chan=236] Requesting new SSH session
2026-07-25 21:54:32,332 - asyncssh - INFO - [conn=0, chan=234] Channel closed
2026-07-25 21:54:32,333 - asyncssh - INFO - [conn=0, chan=237] Requesting new SSH session
2026-07-25 21:54:32,333 - asyncssh - INFO - [conn=0, chan=236]   Command: kubectl top pod my-pod -n default --no-headers
2026-07-25 21:54:32,334 - asyncssh - INFO - [conn=0, chan=237]   Command: kubectl top pod log-generator -n default --no-headers
2026-07-25 21:54:32,386 - asyncssh - INFO - [conn=0, chan=236] Received exit status 0
2026-07-25 21:54:32,386 - asyncssh - INFO - [conn=0, chan=236] Received channel close
2026-07-25 21:54:32,386 - asyncssh - INFO - [conn=0, chan=236] Channel closed
2026-07-25 21:54:32,386 - asyncssh - INFO - [conn=0, chan=238] Requesting new SSH session
2026-07-25 21:54:32,387 - asyncssh - INFO - [conn=0, chan=238]   Command: kubectl describe pod my-pod -n default | grep -A 5 'Limits:'
2026-07-25 21:54:32,390 - asyncssh - INFO - [conn=0, chan=237] Received exit status 0
2026-07-25 21:54:32,390 - asyncssh - INFO - [conn=0, chan=237] Received channel close
2026-07-25 21:54:32,391 - asyncssh - INFO - [conn=0, chan=237] Channel closed
2026-07-25 21:54:32,391 - asyncssh - INFO - [conn=0, chan=239] Requesting new SSH session
2026-07-25 21:54:32,391 - asyncssh - INFO - [conn=0, chan=239]   Command: kubectl describe pod log-generator -n default | grep -A 5 'Limits:'
2026-07-25 21:54:32,447 - asyncssh - INFO - [conn=0, chan=238] Received exit status 1
2026-07-25 21:54:32,447 - asyncssh - INFO - [conn=0, chan=238] Received channel close
2026-07-25 21:54:32,447 - asyncssh - INFO - [conn=0, chan=238] Channel closed
2026-07-25 21:54:32,452 - asyncssh - INFO - [conn=0, chan=239] Received exit status 0
2026-07-25 21:54:32,452 - asyncssh - INFO - [conn=0, chan=239] Received channel close
2026-07-25 21:54:32,452 - asyncssh - INFO - [conn=0, chan=239] Channel closed
2026-07-25 21:54:36,623 - asyncssh - INFO - [conn=0, chan=468] Requesting new SSH session
2026-07-25 21:54:36,624 - asyncssh - INFO - [conn=0, chan=469] Requesting new SSH session
2026-07-25 21:54:36,624 - asyncssh - INFO - [conn=0, chan=468]   Command: kubectl logs my-pod -n default --tail=50
2026-07-25 21:54:36,625 - asyncssh - INFO - [conn=0, chan=469]   Command: kubectl logs log-generator -n default --tail=50
2026-07-25 21:54:36,690 - asyncssh - INFO - [conn=0, chan=468] Received exit status 0
2026-07-25 21:54:36,691 - asyncssh - INFO - [conn=0, chan=468] Received channel close
2026-07-25 21:54:36,691 - asyncssh - INFO - [conn=0, chan=468] Channel closed
2026-07-25 21:54:36,692 - asyncssh - INFO - [conn=0, chan=470] Requesting new SSH session
2026-07-25 21:54:36,692 - asyncssh - INFO - [conn=0, chan=469] Received exit status 0
2026-07-25 21:54:36,693 - asyncssh - INFO - [conn=0, chan=469] Received channel close
2026-07-25 21:54:36,693 - asyncssh - INFO - [conn=0, chan=469] Channel closed
2026-07-25 21:54:36,694 - asyncssh - INFO - [conn=0, chan=471] Requesting new SSH session
2026-07-25 21:54:36,694 - asyncssh - INFO - [conn=0, chan=470]   Command: kubectl top pod my-pod -n default --no-headers
2026-07-25 21:54:36,694 - asyncssh - INFO - [conn=0, chan=471]   Command: kubectl top pod log-generator -n default --no-headers
2026-07-25 21:54:36,752 - asyncssh - INFO - [conn=0, chan=470] Received exit status 0
2026-07-25 21:54:36,752 - asyncssh - INFO - [conn=0, chan=470] Received channel close
2026-07-25 21:54:36,753 - asyncssh - INFO - [conn=0, chan=470] Channel closed
2026-07-25 21:54:36,753 - asyncssh - INFO - [conn=0, chan=472] Requesting new SSH session
2026-07-25 21:54:36,753 - asyncssh - INFO - [conn=0, chan=471] Received exit status 0
2026-07-25 21:54:36,754 - asyncssh - INFO - [conn=0, chan=471] Received channel close
2026-07-25 21:54:36,754 - asyncssh - INFO - [conn=0, chan=471] Channel closed
2026-07-25 21:54:36,754 - asyncssh - INFO - [conn=0, chan=472]   Command: kubectl describe pod my-pod -n default | grep -A 5 'Limits:'
2026-07-25 21:54:36,754 - asyncssh - INFO - [conn=0, chan=473] Requesting new SSH session
2026-07-25 21:54:36,755 - asyncssh - INFO - [conn=0, chan=473]   Command: kubectl describe pod log-generator -n default | grep -A 5 'Limits:'
2026-07-25 21:54:36,822 - asyncssh - INFO - [conn=0, chan=472] Received exit status 1
2026-07-25 21:54:36,822 - asyncssh - INFO - [conn=0, chan=472] Received channel close
2026-07-25 21:54:36,823 - asyncssh - INFO - [conn=0, chan=472] Channel closed
2026-07-25 21:54:36,824 - asyncssh - INFO - [conn=0, chan=473] Received exit status 0
2026-07-25 21:54:36,824 - asyncssh - INFO - [conn=0, chan=473] Received channel close
2026-07-25 21:54:36,825 - asyncssh - INFO - [conn=0, chan=473] Channel closed
2026-07-25 21:54:37,449 - asyncssh - INFO - [conn=0, chan=240] Requesting new SSH session
2026-07-25 21:54:37,450 - asyncssh - INFO - [conn=0, chan=240]   Command: kubectl logs my-pod -n default --tail=50
2026-07-25 21:54:37,454 - asyncssh - INFO - [conn=0, chan=241] Requesting new SSH session
2026-07-25 21:54:37,454 - asyncssh - INFO - [conn=0, chan=241]   Command: kubectl logs log-generator -n default --tail=50
2026-07-25 21:54:37,510 - asyncssh - INFO - [conn=0, chan=240] Received exit status 0
2026-07-25 21:54:37,510 - asyncssh - INFO - [conn=0, chan=240] Received channel close
2026-07-25 21:54:37,510 - asyncssh - INFO - [conn=0, chan=240] Channel closed
2026-07-25 21:54:37,511 - asyncssh - INFO - [conn=0, chan=242] Requesting new SSH session
2026-07-25 21:54:37,511 - asyncssh - INFO - [conn=0, chan=242]   Command: kubectl top pod my-pod -n default --no-headers
2026-07-25 21:54:37,515 - asyncssh - INFO - [conn=0, chan=241] Received exit status 0
2026-07-25 21:54:37,515 - asyncssh - INFO - [conn=0, chan=241] Received channel close
2026-07-25 21:54:37,515 - asyncssh - INFO - [conn=0, chan=241] Channel closed
2026-07-25 21:54:37,516 - asyncssh - INFO - [conn=0, chan=243] Requesting new SSH session
2026-07-25 21:54:37,516 - asyncssh - INFO - [conn=0, chan=243]   Command: kubectl top pod log-generator -n default --no-headers
2026-07-25 21:54:37,565 - asyncssh - INFO - [conn=0, chan=242] Received exit status 0
2026-07-25 21:54:37,565 - asyncssh - INFO - [conn=0, chan=242] Received channel close
2026-07-25 21:54:37,565 - asyncssh - INFO - [conn=0, chan=242] Channel closed
2026-07-25 21:54:37,565 - asyncssh - INFO - [conn=0, chan=244] Requesting new SSH session
2026-07-25 21:54:37,566 - asyncssh - INFO - [conn=0, chan=244]   Command: kubectl describe pod my-pod -n default | grep -A 5 'Limits:'
2026-07-25 21:54:37,569 - asyncssh - INFO - [conn=0, chan=243] Received exit status 0
2026-07-25 21:54:37,569 - asyncssh - INFO - [conn=0, chan=243] Received channel close
2026-07-25 21:54:37,570 - asyncssh - INFO - [conn=0, chan=243] Channel closed
2026-07-25 21:54:37,570 - asyncssh - INFO - [conn=0, chan=245] Requesting new SSH session
2026-07-25 21:54:37,570 - asyncssh - INFO - [conn=0, chan=245]   Command: kubectl describe pod log-generator -n default | grep -A 5 'Limits:'
2026-07-25 21:54:37,632 - asyncssh - INFO - [conn=0, chan=244] Received exit status 1
2026-07-25 21:54:37,633 - asyncssh - INFO - [conn=0, chan=244] Received channel close
2026-07-25 21:54:37,633 - asyncssh - INFO - [conn=0, chan=244] Channel closed
2026-07-25 21:54:37,634 - asyncssh - INFO - [conn=0, chan=245] Received exit status 0
2026-07-25 21:54:37,634 - asyncssh - INFO - [conn=0, chan=245] Received channel close
2026-07-25 21:54:37,635 - asyncssh - INFO - [conn=0, chan=245] Channel closed
2026-07-25 21:54:41,824 - asyncssh - INFO - [conn=0, chan=474] Requesting new SSH session
2026-07-25 21:54:41,825 - asyncssh - INFO - [conn=0, chan=474]   Command: kubectl logs my-pod -n default --tail=50
2026-07-25 21:54:41,825 - asyncssh - INFO - [conn=0, chan=475] Requesting new SSH session
2026-07-25 21:54:41,826 - asyncssh - INFO - [conn=0, chan=475]   Command: kubectl logs log-generator -n default --tail=50
2026-07-25 21:54:41,897 - asyncssh - INFO - [conn=0, chan=474] Received exit status 0
2026-07-25 21:54:41,897 - asyncssh - INFO - [conn=0, chan=475] Received exit status 0
2026-07-25 21:54:41,897 - asyncssh - INFO - [conn=0, chan=475] Received channel close
2026-07-25 21:54:41,898 - asyncssh - INFO - [conn=0, chan=474] Received channel close
2026-07-25 21:54:41,898 - asyncssh - INFO - [conn=0, chan=475] Channel closed
2026-07-25 21:54:41,898 - asyncssh - INFO - [conn=0, chan=474] Channel closed
2026-07-25 21:54:41,899 - asyncssh - INFO - [conn=0, chan=476] Requesting new SSH session
2026-07-25 21:54:41,899 - asyncssh - INFO - [conn=0, chan=477] Requesting new SSH session
2026-07-25 21:54:41,900 - asyncssh - INFO - [conn=0, chan=476]   Command: kubectl top pod log-generator -n default --no-headers
2026-07-25 21:54:41,900 - asyncssh - INFO - [conn=0, chan=477]   Command: kubectl top pod my-pod -n default --no-headers
2026-07-25 21:54:41,968 - asyncssh - INFO - [conn=0, chan=477] Received exit status 0
2026-07-25 21:54:41,968 - asyncssh - INFO - [conn=0, chan=477] Received channel close
2026-07-25 21:54:41,969 - asyncssh - INFO - [conn=0, chan=477] Channel closed
2026-07-25 21:54:41,969 - asyncssh - INFO - [conn=0, chan=476] Received exit status 0
2026-07-25 21:54:41,969 - asyncssh - INFO - [conn=0, chan=476] Received channel close
2026-07-25 21:54:41,970 - asyncssh - INFO - [conn=0, chan=478] Requesting new SSH session
2026-07-25 21:54:41,970 - asyncssh - INFO - [conn=0, chan=476] Channel closed
2026-07-25 21:54:41,970 - asyncssh - INFO - [conn=0, chan=479] Requesting new SSH session
2026-07-25 21:54:41,970 - asyncssh - INFO - [conn=0, chan=478]   Command: kubectl describe pod my-pod -n default | grep -A 5 'Limits:'
2026-07-25 21:54:41,970 - asyncssh - INFO - [conn=0, chan=479]   Command: kubectl describe pod log-generator -n default | grep -A 5 'Limits:'
2026-07-25 21:54:42,040 - asyncssh - INFO - [conn=0, chan=479] Received exit status 0
2026-07-25 21:54:42,040 - asyncssh - INFO - [conn=0, chan=479] Received channel close
2026-07-25 21:54:42,040 - asyncssh - INFO - [conn=0, chan=479] Channel closed
2026-07-25 21:54:42,042 - asyncssh - INFO - [conn=0, chan=478] Received exit status 1
2026-07-25 21:54:42,042 - asyncssh - INFO - [conn=0, chan=478] Received channel close
2026-07-25 21:54:42,042 - asyncssh - INFO - [conn=0, chan=478] Channel closed
2026-07-25 21:54:42,635 - asyncssh - INFO - [conn=0, chan=246] Requesting new SSH session
2026-07-25 21:54:42,635 - asyncssh - INFO - [conn=0, chan=247] Requesting new SSH session
2026-07-25 21:54:42,636 - asyncssh - INFO - [conn=0, chan=246]   Command: kubectl logs my-pod -n default --tail=50
2026-07-25 21:54:42,636 - asyncssh - INFO - [conn=0, chan=247]   Command: kubectl logs log-generator -n default --tail=50
2026-07-25 21:54:42,696 - asyncssh - INFO - [conn=0, chan=246] Received exit status 0
2026-07-25 21:54:42,696 - asyncssh - INFO - [conn=0, chan=246] Received channel close
2026-07-25 21:54:42,696 - asyncssh - INFO - [conn=0, chan=246] Channel closed
2026-07-25 21:54:42,697 - asyncssh - INFO - [conn=0, chan=248] Requesting new SSH session
2026-07-25 21:54:42,697 - asyncssh - INFO - [conn=0, chan=248]   Command: kubectl top pod my-pod -n default --no-headers
2026-07-25 21:54:42,699 - asyncssh - INFO - [conn=0, chan=247] Received exit status 0
2026-07-25 21:54:42,699 - asyncssh - INFO - [conn=0, chan=247] Received channel close
2026-07-25 21:54:42,700 - asyncssh - INFO - [conn=0, chan=247] Channel closed
2026-07-25 21:54:42,700 - asyncssh - INFO - [conn=0, chan=249] Requesting new SSH session
2026-07-25 21:54:42,701 - asyncssh - INFO - [conn=0, chan=249]   Command: kubectl top pod log-generator -n default --no-headers
2026-07-25 21:54:42,750 - asyncssh - INFO - [conn=0, chan=248] Received exit status 0
2026-07-25 21:54:42,750 - asyncssh - INFO - [conn=0, chan=248] Received channel close
2026-07-25 21:54:42,751 - asyncssh - INFO - [conn=0, chan=248] Channel closed
2026-07-25 21:54:42,751 - asyncssh - INFO - [conn=0, chan=250] Requesting new SSH session
2026-07-25 21:54:42,751 - asyncssh - INFO - [conn=0, chan=249] Received exit status 0
2026-07-25 21:54:42,751 - asyncssh - INFO - [conn=0, chan=249] Received channel close
2026-07-25 21:54:42,752 - asyncssh - INFO - [conn=0, chan=249] Channel closed
2026-07-25 21:54:42,752 - asyncssh - INFO - [conn=0, chan=251] Requesting new SSH session
2026-07-25 21:54:42,752 - asyncssh - INFO - [conn=0, chan=250]   Command: kubectl describe pod my-pod -n default | grep -A 5 'Limits:'
2026-07-25 21:54:42,753 - asyncssh - INFO - [conn=0, chan=251]   Command: kubectl describe pod log-generator -n default | grep -A 5 'Limits:'
2026-07-25 21:54:42,815 - asyncssh - INFO - [conn=0, chan=250] Received exit status 1
2026-07-25 21:54:42,815 - asyncssh - INFO - [conn=0, chan=250] Received channel close
2026-07-25 21:54:42,815 - asyncssh - INFO - [conn=0, chan=250] Channel closed
2026-07-25 21:54:42,815 - asyncssh - INFO - [conn=0, chan=251] Received exit status 0
2026-07-25 21:54:42,816 - asyncssh - INFO - [conn=0, chan=251] Received channel close
2026-07-25 21:54:42,816 - asyncssh - INFO - [conn=0, chan=251] Channel closed
2026-07-25 21:54:47,042 - asyncssh - INFO - [conn=0, chan=480] Requesting new SSH session
2026-07-25 21:54:47,043 - asyncssh - INFO - [conn=0, chan=480]   Command: kubectl logs log-generator -n default --tail=50
2026-07-25 21:54:47,043 - asyncssh - INFO - [conn=0, chan=481] Requesting new SSH session
2026-07-25 21:54:47,044 - asyncssh - INFO - [conn=0, chan=481]   Command: kubectl logs my-pod -n default --tail=50
2026-07-25 21:54:47,112 - asyncssh - INFO - [conn=0, chan=480] Received exit status 0
2026-07-25 21:54:47,113 - asyncssh - INFO - [conn=0, chan=480] Received channel close
2026-07-25 21:54:47,113 - asyncssh - INFO - [conn=0, chan=480] Channel closed
2026-07-25 21:54:47,114 - asyncssh - INFO - [conn=0, chan=482] Requesting new SSH session
2026-07-25 21:54:47,114 - asyncssh - INFO - [conn=0, chan=481] Received exit status 0
2026-07-25 21:54:47,114 - asyncssh - INFO - [conn=0, chan=481] Received channel close
2026-07-25 21:54:47,115 - asyncssh - INFO - [conn=0, chan=481] Channel closed
2026-07-25 21:54:47,115 - asyncssh - INFO - [conn=0, chan=483] Requesting new SSH session
2026-07-25 21:54:47,115 - asyncssh - INFO - [conn=0, chan=482]   Command: kubectl top pod log-generator -n default --no-headers
2026-07-25 21:54:47,116 - asyncssh - INFO - [conn=0, chan=483]   Command: kubectl top pod my-pod -n default --no-headers
2026-07-25 21:54:47,175 - asyncssh - INFO - [conn=0, chan=482] Received exit status 0
2026-07-25 21:54:47,175 - asyncssh - INFO - [conn=0, chan=482] Received channel close
2026-07-25 21:54:47,175 - asyncssh - INFO - [conn=0, chan=482] Channel closed
2026-07-25 21:54:47,175 - asyncssh - INFO - [conn=0, chan=484] Requesting new SSH session
2026-07-25 21:54:47,176 - asyncssh - INFO - [conn=0, chan=484]   Command: kubectl describe pod log-generator -n default | grep -A 5 'Limits:'
2026-07-25 21:54:47,179 - asyncssh - INFO - [conn=0, chan=483] Received exit status 0
2026-07-25 21:54:47,179 - asyncssh - INFO - [conn=0, chan=483] Received channel close
2026-07-25 21:54:47,180 - asyncssh - INFO - [conn=0, chan=483] Channel closed
2026-07-25 21:54:47,180 - asyncssh - INFO - [conn=0, chan=485] Requesting new SSH session
2026-07-25 21:54:47,180 - asyncssh - INFO - [conn=0, chan=485]   Command: kubectl describe pod my-pod -n default | grep -A 5 'Limits:'
2026-07-25 21:54:47,244 - asyncssh - INFO - [conn=0, chan=484] Received exit status 0
2026-07-25 21:54:47,244 - asyncssh - INFO - [conn=0, chan=484] Received channel close
2026-07-25 21:54:47,244 - asyncssh - INFO - [conn=0, chan=484] Channel closed
2026-07-25 21:54:47,247 - asyncssh - INFO - [conn=0, chan=485] Received exit status 1
2026-07-25 21:54:47,247 - asyncssh - INFO - [conn=0, chan=485] Received channel close
2026-07-25 21:54:47,247 - asyncssh - INFO - [conn=0, chan=485] Channel closed
2026-07-25 21:54:47,817 - asyncssh - INFO - [conn=0, chan=252] Requesting new SSH session
2026-07-25 21:54:47,818 - asyncssh - INFO - [conn=0, chan=253] Requesting new SSH session
2026-07-25 21:54:47,818 - asyncssh - INFO - [conn=0, chan=252]   Command: kubectl logs my-pod -n default --tail=50
2026-07-25 21:54:47,818 - asyncssh - INFO - [conn=0, chan=253]   Command: kubectl logs log-generator -n default --tail=50
2026-07-25 21:54:47,881 - asyncssh - INFO - [conn=0, chan=253] Received exit status 0
2026-07-25 21:54:47,881 - asyncssh - INFO - [conn=0, chan=253] Received channel close
2026-07-25 21:54:47,882 - asyncssh - INFO - [conn=0, chan=253] Channel closed
2026-07-25 21:54:47,882 - asyncssh - INFO - [conn=0, chan=254] Requesting new SSH session
2026-07-25 21:54:47,882 - asyncssh - INFO - [conn=0, chan=252] Received exit status 0
2026-07-25 21:54:47,883 - asyncssh - INFO - [conn=0, chan=252] Received channel close
2026-07-25 21:54:47,883 - asyncssh - INFO - [conn=0, chan=252] Channel closed
2026-07-25 21:54:47,883 - asyncssh - INFO - [conn=0, chan=255] Requesting new SSH session
2026-07-25 21:54:47,883 - asyncssh - INFO - [conn=0, chan=254]   Command: kubectl top pod log-generator -n default --no-headers
2026-07-25 21:54:47,884 - asyncssh - INFO - [conn=0, chan=255]   Command: kubectl top pod my-pod -n default --no-headers
2026-07-25 21:54:47,945 - asyncssh - INFO - [conn=0, chan=255] Received exit status 0
2026-07-25 21:54:47,946 - asyncssh - INFO - [conn=0, chan=255] Received channel close
2026-07-25 21:54:47,947 - asyncssh - INFO - [conn=0, chan=255] Channel closed
2026-07-25 21:54:47,947 - asyncssh - INFO - [conn=0, chan=256] Requesting new SSH session
2026-07-25 21:54:47,948 - asyncssh - INFO - [conn=0, chan=254] Received exit status 0
2026-07-25 21:54:47,948 - asyncssh - INFO - [conn=0, chan=254] Received channel close
2026-07-25 21:54:47,948 - asyncssh - INFO - [conn=0, chan=254] Channel closed
2026-07-25 21:54:47,948 - asyncssh - INFO - [conn=0, chan=257] Requesting new SSH session
2026-07-25 21:54:47,948 - asyncssh - INFO - [conn=0, chan=256]   Command: kubectl describe pod my-pod -n default | grep -A 5 'Limits:'
2026-07-25 21:54:47,949 - asyncssh - INFO - [conn=0, chan=257]   Command: kubectl describe pod log-generator -n default | grep -A 5 'Limits:'
2026-07-25 21:54:48,013 - asyncssh - INFO - [conn=0, chan=257] Received exit status 0
2026-07-25 21:54:48,013 - asyncssh - INFO - [conn=0, chan=257] Received channel close
2026-07-25 21:54:48,013 - asyncssh - INFO - [conn=0, chan=257] Channel closed
2026-07-25 21:54:48,014 - asyncssh - INFO - [conn=0, chan=256] Received exit status 1
2026-07-25 21:54:48,014 - asyncssh - INFO - [conn=0, chan=256] Received channel close
2026-07-25 21:54:48,014 - asyncssh - INFO - [conn=0, chan=256] Channel closed
2026-07-25 21:54:52,246 - asyncssh - INFO - [conn=0, chan=486] Requesting new SSH session
2026-07-25 21:54:52,247 - asyncssh - INFO - [conn=0, chan=486]   Command: kubectl logs log-generator -n default --tail=50
2026-07-25 21:54:52,248 - asyncssh - INFO - [conn=0, chan=487] Requesting new SSH session
2026-07-25 21:54:52,249 - asyncssh - INFO - [conn=0, chan=487]   Command: kubectl logs my-pod -n default --tail=50
2026-07-25 21:54:52,315 - asyncssh - INFO - [conn=0, chan=486] Received exit status 0
2026-07-25 21:54:52,315 - asyncssh - INFO - [conn=0, chan=486] Received channel close
2026-07-25 21:54:52,316 - asyncssh - INFO - [conn=0, chan=486] Channel closed
2026-07-25 21:54:52,316 - asyncssh - INFO - [conn=0, chan=488] Requesting new SSH session
2026-07-25 21:54:52,317 - asyncssh - INFO - [conn=0, chan=488]   Command: kubectl top pod log-generator -n default --no-headers
2026-07-25 21:54:52,320 - asyncssh - INFO - [conn=0, chan=487] Received exit status 0
2026-07-25 21:54:52,320 - asyncssh - INFO - [conn=0, chan=487] Received channel close
2026-07-25 21:54:52,321 - asyncssh - INFO - [conn=0, chan=487] Channel closed
2026-07-25 21:54:52,321 - asyncssh - INFO - [conn=0, chan=489] Requesting new SSH session
2026-07-25 21:54:52,322 - asyncssh - INFO - [conn=0, chan=489]   Command: kubectl top pod my-pod -n default --no-headers
2026-07-25 21:54:52,381 - asyncssh - INFO - [conn=0, chan=488] Received exit status 0
2026-07-25 21:54:52,382 - asyncssh - INFO - [conn=0, chan=488] Received channel close
2026-07-25 21:54:52,382 - asyncssh - INFO - [conn=0, chan=488] Channel closed
2026-07-25 21:54:52,383 - asyncssh - INFO - [conn=0, chan=489] Received exit status 0
2026-07-25 21:54:52,383 - asyncssh - INFO - [conn=0, chan=489] Received channel close
2026-07-25 21:54:52,383 - asyncssh - INFO - [conn=0, chan=490] Requesting new SSH session
2026-07-25 21:54:52,383 - asyncssh - INFO - [conn=0, chan=489] Channel closed
2026-07-25 21:54:52,384 - asyncssh - INFO - [conn=0, chan=491] Requesting new SSH session
2026-07-25 21:54:52,384 - asyncssh - INFO - [conn=0, chan=490]   Command: kubectl describe pod log-generator -n default | grep -A 5 'Limits:'
2026-07-25 21:54:52,384 - asyncssh - INFO - [conn=0, chan=491]   Command: kubectl describe pod my-pod -n default | grep -A 5 'Limits:'
2026-07-25 21:54:52,451 - asyncssh - INFO - [conn=0, chan=490] Received exit status 0
2026-07-25 21:54:52,451 - asyncssh - INFO - [conn=0, chan=490] Received channel close
2026-07-25 21:54:52,451 - asyncssh - INFO - [conn=0, chan=490] Channel closed
2026-07-25 21:54:52,452 - asyncssh - INFO - [conn=0, chan=491] Received exit status 1
2026-07-25 21:54:52,452 - asyncssh - INFO - [conn=0, chan=491] Received channel close
2026-07-25 21:54:52,452 - asyncssh - INFO - [conn=0, chan=491] Channel closed
2026-07-25 21:54:53,015 - asyncssh - INFO - [conn=0, chan=258] Requesting new SSH session
2026-07-25 21:54:53,016 - asyncssh - INFO - [conn=0, chan=259] Requesting new SSH session
2026-07-25 21:54:53,017 - asyncssh - INFO - [conn=0, chan=258]   Command: kubectl logs log-generator -n default --tail=50
2026-07-25 21:54:53,017 - asyncssh - INFO - [conn=0, chan=259]   Command: kubectl logs my-pod -n default --tail=50
2026-07-25 21:54:53,078 - asyncssh - INFO - [conn=0, chan=258] Received exit status 0
2026-07-25 21:54:53,078 - asyncssh - INFO - [conn=0, chan=258] Received channel close
2026-07-25 21:54:53,078 - asyncssh - INFO - [conn=0, chan=258] Channel closed
2026-07-25 21:54:53,079 - asyncssh - INFO - [conn=0, chan=260] Requesting new SSH session
2026-07-25 21:54:53,079 - asyncssh - INFO - [conn=0, chan=260]   Command: kubectl top pod log-generator -n default --no-headers
2026-07-25 21:54:53,079 - asyncssh - INFO - [conn=0, chan=259] Received exit status 0
2026-07-25 21:54:53,080 - asyncssh - INFO - [conn=0, chan=259] Received channel close
2026-07-25 21:54:53,080 - asyncssh - INFO - [conn=0, chan=259] Channel closed
2026-07-25 21:54:53,080 - asyncssh - INFO - [conn=0, chan=261] Requesting new SSH session
2026-07-25 21:54:53,081 - asyncssh - INFO - [conn=0, chan=261]   Command: kubectl top pod my-pod -n default --no-headers
2026-07-25 21:54:53,133 - asyncssh - INFO - [conn=0, chan=260] Received exit status 0
2026-07-25 21:54:53,133 - asyncssh - INFO - [conn=0, chan=261] Received exit status 0
2026-07-25 21:54:53,133 - asyncssh - INFO - [conn=0, chan=260] Received channel close
2026-07-25 21:54:53,133 - asyncssh - INFO - [conn=0, chan=261] Received channel close
2026-07-25 21:54:53,133 - asyncssh - INFO - [conn=0, chan=260] Channel closed
2026-07-25 21:54:53,134 - asyncssh - INFO - [conn=0, chan=261] Channel closed
2026-07-25 21:54:53,134 - asyncssh - INFO - [conn=0, chan=262] Requesting new SSH session
2026-07-25 21:54:53,134 - asyncssh - INFO - [conn=0, chan=263] Requesting new SSH session
2026-07-25 21:54:53,134 - asyncssh - INFO - [conn=0, chan=262]   Command: kubectl describe pod log-generator -n default | grep -A 5 'Limits:'
2026-07-25 21:54:53,134 - asyncssh - INFO - [conn=0, chan=263]   Command: kubectl describe pod my-pod -n default | grep -A 5 'Limits:'
2026-07-25 21:54:53,194 - asyncssh - INFO - [conn=0, chan=262] Received exit status 0
2026-07-25 21:54:53,195 - asyncssh - INFO - [conn=0, chan=262] Received channel close
2026-07-25 21:54:53,195 - asyncssh - INFO - [conn=0, chan=262] Channel closed
2026-07-25 21:54:53,196 - asyncssh - INFO - [conn=0, chan=263] Received exit status 1
2026-07-25 21:54:53,196 - asyncssh - INFO - [conn=0, chan=263] Received channel close
2026-07-25 21:54:53,196 - asyncssh - INFO - [conn=0, chan=263] Channel closed
2026-07-25 21:54:57,453 - asyncssh - INFO - [conn=0, chan=492] Requesting new SSH session
2026-07-25 21:54:57,454 - asyncssh - INFO - [conn=0, chan=493] Requesting new SSH session
2026-07-25 21:54:57,454 - asyncssh - INFO - [conn=0, chan=492]   Command: kubectl logs log-generator -n default --tail=50
2026-07-25 21:54:57,454 - asyncssh - INFO - [conn=0, chan=493]   Command: kubectl logs my-pod -n default --tail=50
2026-07-25 21:54:57,524 - asyncssh - INFO - [conn=0, chan=493] Received exit status 0
2026-07-25 21:54:57,524 - asyncssh - INFO - [conn=0, chan=493] Received channel close
2026-07-25 21:54:57,525 - asyncssh - INFO - [conn=0, chan=493] Channel closed
2026-07-25 21:54:57,525 - asyncssh - INFO - [conn=0, chan=494] Requesting new SSH session
2026-07-25 21:54:57,526 - asyncssh - INFO - [conn=0, chan=494]   Command: kubectl top pod my-pod -n default --no-headers
2026-07-25 21:54:57,527 - asyncssh - INFO - [conn=0, chan=492] Received exit status 0
2026-07-25 21:54:57,527 - asyncssh - INFO - [conn=0, chan=492] Received channel close
2026-07-25 21:54:57,528 - asyncssh - INFO - [conn=0, chan=492] Channel closed
2026-07-25 21:54:57,529 - asyncssh - INFO - [conn=0, chan=495] Requesting new SSH session
2026-07-25 21:54:57,529 - asyncssh - INFO - [conn=0, chan=495]   Command: kubectl top pod log-generator -n default --no-headers
2026-07-25 21:54:57,585 - asyncssh - INFO - [conn=0, chan=494] Received exit status 0
2026-07-25 21:54:57,585 - asyncssh - INFO - [conn=0, chan=494] Received channel close
2026-07-25 21:54:57,586 - asyncssh - INFO - [conn=0, chan=494] Channel closed
2026-07-25 21:54:57,586 - asyncssh - INFO - [conn=0, chan=496] Requesting new SSH session
2026-07-25 21:54:57,587 - asyncssh - INFO - [conn=0, chan=496]   Command: kubectl describe pod my-pod -n default | grep -A 5 'Limits:'
2026-07-25 21:54:57,596 - asyncssh - INFO - [conn=0, chan=495] Received exit status 0
2026-07-25 21:54:57,597 - asyncssh - INFO - [conn=0, chan=495] Received channel close
2026-07-25 21:54:57,599 - asyncssh - INFO - [conn=0, chan=495] Channel closed
2026-07-25 21:54:57,599 - asyncssh - INFO - [conn=0, chan=497] Requesting new SSH session
2026-07-25 21:54:57,600 - asyncssh - INFO - [conn=0, chan=497]   Command: kubectl describe pod log-generator -n default | grep -A 5 'Limits:'
2026-07-25 21:54:57,660 - asyncssh - INFO - [conn=0, chan=496] Received exit status 1
2026-07-25 21:54:57,660 - asyncssh - INFO - [conn=0, chan=496] Received channel close
2026-07-25 21:54:57,660 - asyncssh - INFO - [conn=0, chan=496] Channel closed
2026-07-25 21:54:57,677 - asyncssh - INFO - [conn=0, chan=497] Received exit status 0
2026-07-25 21:54:57,678 - asyncssh - INFO - [conn=0, chan=497] Received channel close
2026-07-25 21:54:57,678 - asyncssh - INFO - [conn=0, chan=497] Channel closed
2026-07-25 21:54:58,196 - asyncssh - INFO - [conn=0, chan=264] Requesting new SSH session
2026-07-25 21:54:58,197 - asyncssh - INFO - [conn=0, chan=265] Requesting new SSH session
2026-07-25 21:54:58,197 - asyncssh - INFO - [conn=0, chan=264]   Command: kubectl logs log-generator -n default --tail=50
2026-07-25 21:54:58,198 - asyncssh - INFO - [conn=0, chan=265]   Command: kubectl logs my-pod -n default --tail=50
2026-07-25 21:54:58,262 - asyncssh - INFO - [conn=0, chan=264] Received exit status 0
2026-07-25 21:54:58,262 - asyncssh - INFO - [conn=0, chan=265] Received exit status 0
2026-07-25 21:54:58,262 - asyncssh - INFO - [conn=0, chan=264] Received channel close
2026-07-25 21:54:58,262 - asyncssh - INFO - [conn=0, chan=265] Received channel close
2026-07-25 21:54:58,262 - asyncssh - INFO - [conn=0, chan=264] Channel closed
2026-07-25 21:54:58,263 - asyncssh - INFO - [conn=0, chan=265] Channel closed
2026-07-25 21:54:58,263 - asyncssh - INFO - [conn=0, chan=266] Requesting new SSH session
2026-07-25 21:54:58,263 - asyncssh - INFO - [conn=0, chan=267] Requesting new SSH session
2026-07-25 21:54:58,264 - asyncssh - INFO - [conn=0, chan=266]   Command: kubectl top pod log-generator -n default --no-headers
2026-07-25 21:54:58,264 - asyncssh - INFO - [conn=0, chan=267]   Command: kubectl top pod my-pod -n default --no-headers
2026-07-25 21:54:58,316 - asyncssh - INFO - [conn=0, chan=266] Received exit status 0
2026-07-25 21:54:58,316 - asyncssh - INFO - [conn=0, chan=266] Received channel close
2026-07-25 21:54:58,316 - asyncssh - INFO - [conn=0, chan=266] Channel closed
2026-07-25 21:54:58,316 - asyncssh - INFO - [conn=0, chan=267] Received exit status 0
2026-07-25 21:54:58,317 - asyncssh - INFO - [conn=0, chan=267] Received channel close
2026-07-25 21:54:58,317 - asyncssh - INFO - [conn=0, chan=268] Requesting new SSH session
2026-07-25 21:54:58,317 - asyncssh - INFO - [conn=0, chan=267] Channel closed
2026-07-25 21:54:58,317 - asyncssh - INFO - [conn=0, chan=269] Requesting new SSH session
2026-07-25 21:54:58,318 - asyncssh - INFO - [conn=0, chan=268]   Command: kubectl describe pod log-generator -n default | grep -A 5 'Limits:'
2026-07-25 21:54:58,318 - asyncssh - INFO - [conn=0, chan=269]   Command: kubectl describe pod my-pod -n default | grep -A 5 'Limits:'
2026-07-25 21:54:58,385 - asyncssh - INFO - [conn=0, chan=269] Received exit status 1
2026-07-25 21:54:58,385 - asyncssh - INFO - [conn=0, chan=269] Received channel close
2026-07-25 21:54:58,385 - asyncssh - INFO - [conn=0, chan=269] Channel closed
2026-07-25 21:54:58,385 - asyncssh - INFO - [conn=0, chan=268] Received exit status 0
2026-07-25 21:54:58,386 - asyncssh - INFO - [conn=0, chan=268] Received channel close
2026-07-25 21:54:58,386 - asyncssh - INFO - [conn=0, chan=268] Channel closed
2026-07-25 21:55:02,662 - asyncssh - INFO - [conn=0, chan=498] Requesting new SSH session
2026-07-25 21:55:02,663 - asyncssh - INFO - [conn=0, chan=498]   Command: kubectl logs my-pod -n default --tail=50
2026-07-25 21:55:02,680 - asyncssh - INFO - [conn=0, chan=499] Requesting new SSH session
2026-07-25 21:55:02,681 - asyncssh - INFO - [conn=0, chan=499]   Command: kubectl logs log-generator -n default --tail=50
2026-07-25 21:55:02,734 - asyncssh - INFO - [conn=0, chan=498] Received exit status 0
2026-07-25 21:55:02,734 - asyncssh - INFO - [conn=0, chan=498] Received channel close
2026-07-25 21:55:02,735 - asyncssh - INFO - [conn=0, chan=498] Channel closed
2026-07-25 21:55:02,735 - asyncssh - INFO - [conn=0, chan=500] Requesting new SSH session
2026-07-25 21:55:02,736 - asyncssh - INFO - [conn=0, chan=500]   Command: kubectl top pod my-pod -n default --no-headers
2026-07-25 21:55:02,754 - asyncssh - INFO - [conn=0, chan=499] Received exit status 0
2026-07-25 21:55:02,754 - asyncssh - INFO - [conn=0, chan=499] Received channel close
2026-07-25 21:55:02,755 - asyncssh - INFO - [conn=0, chan=499] Channel closed
2026-07-25 21:55:02,755 - asyncssh - INFO - [conn=0, chan=501] Requesting new SSH session
2026-07-25 21:55:02,756 - asyncssh - INFO - [conn=0, chan=501]   Command: kubectl top pod log-generator -n default --no-headers
2026-07-25 21:55:02,799 - asyncssh - INFO - [conn=0, chan=500] Received exit status 0
2026-07-25 21:55:02,799 - asyncssh - INFO - [conn=0, chan=500] Received channel close
2026-07-25 21:55:02,800 - asyncssh - INFO - [conn=0, chan=500] Channel closed
2026-07-25 21:55:02,800 - asyncssh - INFO - [conn=0, chan=502] Requesting new SSH session
2026-07-25 21:55:02,801 - asyncssh - INFO - [conn=0, chan=502]   Command: kubectl describe pod my-pod -n default | grep -A 5 'Limits:'
2026-07-25 21:55:02,821 - asyncssh - INFO - [conn=0, chan=501] Received exit status 0
2026-07-25 21:55:02,821 - asyncssh - INFO - [conn=0, chan=501] Received channel close
2026-07-25 21:55:02,821 - asyncssh - INFO - [conn=0, chan=501] Channel closed
2026-07-25 21:55:02,822 - asyncssh - INFO - [conn=0, chan=503] Requesting new SSH session
2026-07-25 21:55:02,823 - asyncssh - INFO - [conn=0, chan=503]   Command: kubectl describe pod log-generator -n default | grep -A 5 'Limits:'
2026-07-25 21:55:02,878 - asyncssh - INFO - [conn=0, chan=502] Received exit status 1
2026-07-25 21:55:02,878 - asyncssh - INFO - [conn=0, chan=502] Received channel close
2026-07-25 21:55:02,879 - asyncssh - INFO - [conn=0, chan=502] Channel closed
2026-07-25 21:55:02,899 - asyncssh - INFO - [conn=0, chan=503] Received exit status 0
2026-07-25 21:55:02,899 - asyncssh - INFO - [conn=0, chan=503] Received channel close
2026-07-25 21:55:02,900 - asyncssh - INFO - [conn=0, chan=503] Channel closed
2026-07-25 21:55:03,387 - asyncssh - INFO - [conn=0, chan=270] Requesting new SSH session
2026-07-25 21:55:03,388 - asyncssh - INFO - [conn=0, chan=271] Requesting new SSH session
2026-07-25 21:55:03,388 - asyncssh - INFO - [conn=0, chan=270]   Command: kubectl logs my-pod -n default --tail=50
2026-07-25 21:55:03,389 - asyncssh - INFO - [conn=0, chan=271]   Command: kubectl logs log-generator -n default --tail=50
2026-07-25 21:55:03,449 - asyncssh - INFO - [conn=0, chan=270] Received exit status 0
2026-07-25 21:55:03,449 - asyncssh - INFO - [conn=0, chan=270] Received channel close
2026-07-25 21:55:03,450 - asyncssh - INFO - [conn=0, chan=270] Channel closed
2026-07-25 21:55:03,450 - asyncssh - INFO - [conn=0, chan=271] Received exit status 0
2026-07-25 21:55:03,450 - asyncssh - INFO - [conn=0, chan=271] Received channel close
2026-07-25 21:55:03,451 - asyncssh - INFO - [conn=0, chan=272] Requesting new SSH session
2026-07-25 21:55:03,451 - asyncssh - INFO - [conn=0, chan=271] Channel closed
2026-07-25 21:55:03,451 - asyncssh - INFO - [conn=0, chan=273] Requesting new SSH session
2026-07-25 21:55:03,452 - asyncssh - INFO - [conn=0, chan=272]   Command: kubectl top pod my-pod -n default --no-headers
2026-07-25 21:55:03,452 - asyncssh - INFO - [conn=0, chan=273]   Command: kubectl top pod log-generator -n default --no-headers
2026-07-25 21:55:03,505 - asyncssh - INFO - [conn=0, chan=272] Received exit status 0
2026-07-25 21:55:03,505 - asyncssh - INFO - [conn=0, chan=272] Received channel close
2026-07-25 21:55:03,506 - asyncssh - INFO - [conn=0, chan=272] Channel closed
2026-07-25 21:55:03,506 - asyncssh - INFO - [conn=0, chan=274] Requesting new SSH session
2026-07-25 21:55:03,507 - asyncssh - INFO - [conn=0, chan=274]   Command: kubectl describe pod my-pod -n default | grep -A 5 'Limits:'
2026-07-25 21:55:03,510 - asyncssh - INFO - [conn=0, chan=273] Received exit status 0
2026-07-25 21:55:03,510 - asyncssh - INFO - [conn=0, chan=273] Received channel close
2026-07-25 21:55:03,511 - asyncssh - INFO - [conn=0, chan=273] Channel closed
2026-07-25 21:55:03,511 - asyncssh - INFO - [conn=0, chan=275] Requesting new SSH session
2026-07-25 21:55:03,511 - asyncssh - INFO - [conn=0, chan=275]   Command: kubectl describe pod log-generator -n default | grep -A 5 'Limits:'
2026-07-25 21:55:03,570 - asyncssh - INFO - [conn=0, chan=274] Received exit status 1
2026-07-25 21:55:03,570 - asyncssh - INFO - [conn=0, chan=274] Received channel close
2026-07-25 21:55:03,571 - asyncssh - INFO - [conn=0, chan=274] Channel closed
2026-07-25 21:55:03,573 - asyncssh - INFO - [conn=0, chan=275] Received exit status 0
2026-07-25 21:55:03,573 - asyncssh - INFO - [conn=0, chan=275] Received channel close
2026-07-25 21:55:03,574 - asyncssh - INFO - [conn=0, chan=275] Channel closed
2026-07-25 21:55:07,880 - asyncssh - INFO - [conn=0, chan=504] Requesting new SSH session
2026-07-25 21:55:07,881 - asyncssh - INFO - [conn=0, chan=504]   Command: kubectl logs my-pod -n default --tail=50
2026-07-25 21:55:07,902 - asyncssh - INFO - [conn=0, chan=505] Requesting new SSH session
2026-07-25 21:55:07,909 - asyncssh - INFO - [conn=0, chan=505]   Command: kubectl logs log-generator -n default --tail=50
2026-07-25 21:55:07,948 - asyncssh - INFO - [conn=0, chan=504] Received exit status 0
2026-07-25 21:55:07,948 - asyncssh - INFO - [conn=0, chan=504] Received channel close
2026-07-25 21:55:07,948 - asyncssh - INFO - [conn=0, chan=504] Channel closed
2026-07-25 21:55:07,949 - asyncssh - INFO - [conn=0, chan=506] Requesting new SSH session
2026-07-25 21:55:07,950 - asyncssh - INFO - [conn=0, chan=506]   Command: kubectl top pod my-pod -n default --no-headers
2026-07-25 21:55:07,984 - asyncssh - INFO - [conn=0, chan=505] Received exit status 0
2026-07-25 21:55:07,985 - asyncssh - INFO - [conn=0, chan=505] Received channel close
2026-07-25 21:55:07,985 - asyncssh - INFO - [conn=0, chan=505] Channel closed
2026-07-25 21:55:07,986 - asyncssh - INFO - [conn=0, chan=507] Requesting new SSH session
2026-07-25 21:55:07,987 - asyncssh - INFO - [conn=0, chan=507]   Command: kubectl top pod log-generator -n default --no-headers
2026-07-25 21:55:08,020 - asyncssh - INFO - [conn=0, chan=506] Received exit status 0
2026-07-25 21:55:08,020 - asyncssh - INFO - [conn=0, chan=506] Received channel close
2026-07-25 21:55:08,020 - asyncssh - INFO - [conn=0, chan=506] Channel closed
2026-07-25 21:55:08,021 - asyncssh - INFO - [conn=0, chan=508] Requesting new SSH session
2026-07-25 21:55:08,021 - asyncssh - INFO - [conn=0, chan=508]   Command: kubectl describe pod my-pod -n default | grep -A 5 'Limits:'
2026-07-25 21:55:08,056 - asyncssh - INFO - [conn=0, chan=507] Received exit status 0
2026-07-25 21:55:08,057 - asyncssh - INFO - [conn=0, chan=507] Received channel close
2026-07-25 21:55:08,057 - asyncssh - INFO - [conn=0, chan=507] Channel closed
2026-07-25 21:55:08,057 - asyncssh - INFO - [conn=0, chan=509] Requesting new SSH session
2026-07-25 21:55:08,058 - asyncssh - INFO - [conn=0, chan=509]   Command: kubectl describe pod log-generator -n default | grep -A 5 'Limits:'
2026-07-25 21:55:08,089 - asyncssh - INFO - [conn=0, chan=508] Received exit status 1
2026-07-25 21:55:08,089 - asyncssh - INFO - [conn=0, chan=508] Received channel close
2026-07-25 21:55:08,089 - asyncssh - INFO - [conn=0, chan=508] Channel closed
2026-07-25 21:55:08,126 - asyncssh - INFO - [conn=0, chan=509] Received exit status 0
2026-07-25 21:55:08,126 - asyncssh - INFO - [conn=0, chan=509] Received channel close
2026-07-25 21:55:08,126 - asyncssh - INFO - [conn=0, chan=509] Channel closed
2026-07-25 21:55:08,572 - asyncssh - INFO - [conn=0, chan=276] Requesting new SSH session
2026-07-25 21:55:08,572 - asyncssh - INFO - [conn=0, chan=276]   Command: kubectl logs my-pod -n default --tail=50
2026-07-25 21:55:08,575 - asyncssh - INFO - [conn=0, chan=277] Requesting new SSH session
2026-07-25 21:55:08,575 - asyncssh - INFO - [conn=0, chan=277]   Command: kubectl logs log-generator -n default --tail=50
2026-07-25 21:55:08,632 - asyncssh - INFO - [conn=0, chan=276] Received exit status 0
2026-07-25 21:55:08,632 - asyncssh - INFO - [conn=0, chan=276] Received channel close
2026-07-25 21:55:08,633 - asyncssh - INFO - [conn=0, chan=276] Channel closed
2026-07-25 21:55:08,633 - asyncssh - INFO - [conn=0, chan=278] Requesting new SSH session
2026-07-25 21:55:08,634 - asyncssh - INFO - [conn=0, chan=278]   Command: kubectl top pod my-pod -n default --no-headers
2026-07-25 21:55:08,638 - asyncssh - INFO - [conn=0, chan=277] Received exit status 0
2026-07-25 21:55:08,638 - asyncssh - INFO - [conn=0, chan=277] Received channel close
2026-07-25 21:55:08,638 - asyncssh - INFO - [conn=0, chan=277] Channel closed
2026-07-25 21:55:08,639 - asyncssh - INFO - [conn=0, chan=279] Requesting new SSH session
2026-07-25 21:55:08,639 - asyncssh - INFO - [conn=0, chan=279]   Command: kubectl top pod log-generator -n default --no-headers
2026-07-25 21:55:08,689 - asyncssh - INFO - [conn=0, chan=278] Received exit status 0
2026-07-25 21:55:08,689 - asyncssh - INFO - [conn=0, chan=278] Received channel close
2026-07-25 21:55:08,689 - asyncssh - INFO - [conn=0, chan=278] Channel closed
2026-07-25 21:55:08,689 - asyncssh - INFO - [conn=0, chan=280] Requesting new SSH session
2026-07-25 21:55:08,690 - asyncssh - INFO - [conn=0, chan=280]   Command: kubectl describe pod my-pod -n default | grep -A 5 'Limits:'
2026-07-25 21:55:08,693 - asyncssh - INFO - [conn=0, chan=279] Received exit status 0
2026-07-25 21:55:08,693 - asyncssh - INFO - [conn=0, chan=279] Received channel close
2026-07-25 21:55:08,694 - asyncssh - INFO - [conn=0, chan=279] Channel closed
2026-07-25 21:55:08,694 - asyncssh - INFO - [conn=0, chan=281] Requesting new SSH session
2026-07-25 21:55:08,694 - asyncssh - INFO - [conn=0, chan=281]   Command: kubectl describe pod log-generator -n default | grep -A 5 'Limits:'
2026-07-25 21:55:08,750 - asyncssh - INFO - [conn=0, chan=280] Received exit status 1
2026-07-25 21:55:08,751 - asyncssh - INFO - [conn=0, chan=280] Received channel close
2026-07-25 21:55:08,751 - asyncssh - INFO - [conn=0, chan=280] Channel closed
2026-07-25 21:55:08,751 - asyncssh - INFO - [conn=0, chan=281] Received exit status 0
2026-07-25 21:55:08,751 - asyncssh - INFO - [conn=0, chan=281] Received channel close
2026-07-25 21:55:08,752 - asyncssh - INFO - [conn=0, chan=281] Channel closed
2026-07-25 21:55:13,091 - asyncssh - INFO - [conn=0, chan=510] Requesting new SSH session
2026-07-25 21:55:13,092 - asyncssh - INFO - [conn=0, chan=510]   Command: kubectl logs my-pod -n default --tail=50
2026-07-25 21:55:13,128 - asyncssh - INFO - [conn=0, chan=511] Requesting new SSH session
2026-07-25 21:55:13,129 - asyncssh - INFO - [conn=0, chan=511]   Command: kubectl logs log-generator -n default --tail=50
2026-07-25 21:55:13,158 - asyncssh - INFO - [conn=0, chan=510] Received exit status 0
2026-07-25 21:55:13,158 - asyncssh - INFO - [conn=0, chan=510] Received channel close
2026-07-25 21:55:13,158 - asyncssh - INFO - [conn=0, chan=510] Channel closed
2026-07-25 21:55:13,159 - asyncssh - INFO - [conn=0, chan=512] Requesting new SSH session
2026-07-25 21:55:13,159 - asyncssh - INFO - [conn=0, chan=512]   Command: kubectl top pod my-pod -n default --no-headers
2026-07-25 21:55:13,206 - asyncssh - INFO - [conn=0, chan=511] Received exit status 0
2026-07-25 21:55:13,206 - asyncssh - INFO - [conn=0, chan=511] Received channel close
2026-07-25 21:55:13,207 - asyncssh - INFO - [conn=0, chan=511] Channel closed
2026-07-25 21:55:13,208 - asyncssh - INFO - [conn=0, chan=513] Requesting new SSH session
2026-07-25 21:55:13,209 - asyncssh - INFO - [conn=0, chan=513]   Command: kubectl top pod log-generator -n default --no-headers
2026-07-25 21:55:13,223 - asyncssh - INFO - [conn=0, chan=512] Received exit status 0
2026-07-25 21:55:13,224 - asyncssh - INFO - [conn=0, chan=512] Received channel close
2026-07-25 21:55:13,224 - asyncssh - INFO - [conn=0, chan=512] Channel closed
2026-07-25 21:55:13,224 - asyncssh - INFO - [conn=0, chan=514] Requesting new SSH session
2026-07-25 21:55:13,225 - asyncssh - INFO - [conn=0, chan=514]   Command: kubectl describe pod my-pod -n default | grep -A 5 'Limits:'
2026-07-25 21:55:13,274 - asyncssh - INFO - [conn=0, chan=513] Received exit status 0
2026-07-25 21:55:13,274 - asyncssh - INFO - [conn=0, chan=513] Received channel close
2026-07-25 21:55:13,274 - asyncssh - INFO - [conn=0, chan=513] Channel closed
2026-07-25 21:55:13,275 - asyncssh - INFO - [conn=0, chan=515] Requesting new SSH session
2026-07-25 21:55:13,275 - asyncssh - INFO - [conn=0, chan=515]   Command: kubectl describe pod log-generator -n default | grep -A 5 'Limits:'
2026-07-25 21:55:13,293 - asyncssh - INFO - [conn=0, chan=514] Received exit status 1
2026-07-25 21:55:13,294 - asyncssh - INFO - [conn=0, chan=514] Received channel close
2026-07-25 21:55:13,294 - asyncssh - INFO - [conn=0, chan=514] Channel closed
2026-07-25 21:55:13,347 - asyncssh - INFO - [conn=0, chan=515] Received exit status 0
2026-07-25 21:55:13,347 - asyncssh - INFO - [conn=0, chan=515] Received channel close
2026-07-25 21:55:13,348 - asyncssh - INFO - [conn=0, chan=515] Channel closed
2026-07-25 21:55:13,752 - asyncssh - INFO - [conn=0, chan=282] Requesting new SSH session
2026-07-25 21:55:13,753 - asyncssh - INFO - [conn=0, chan=283] Requesting new SSH session
2026-07-25 21:55:13,753 - asyncssh - INFO - [conn=0, chan=282]   Command: kubectl logs my-pod -n default --tail=50
2026-07-25 21:55:13,753 - asyncssh - INFO - [conn=0, chan=283]   Command: kubectl logs log-generator -n default --tail=50
2026-07-25 21:55:13,820 - asyncssh - INFO - [conn=0, chan=283] Received exit status 0
2026-07-25 21:55:13,820 - asyncssh - INFO - [conn=0, chan=283] Received channel close
2026-07-25 21:55:13,820 - asyncssh - INFO - [conn=0, chan=283] Channel closed
2026-07-25 21:55:13,821 - asyncssh - INFO - [conn=0, chan=284] Requesting new SSH session
2026-07-25 21:55:13,821 - asyncssh - INFO - [conn=0, chan=284]   Command: kubectl top pod log-generator -n default --no-headers
2026-07-25 21:55:13,823 - asyncssh - INFO - [conn=0, chan=282] Received exit status 0
2026-07-25 21:55:13,823 - asyncssh - INFO - [conn=0, chan=282] Received channel close
2026-07-25 21:55:13,823 - asyncssh - INFO - [conn=0, chan=282] Channel closed
2026-07-25 21:55:13,824 - asyncssh - INFO - [conn=0, chan=285] Requesting new SSH session
2026-07-25 21:55:13,824 - asyncssh - INFO - [conn=0, chan=285]   Command: kubectl top pod my-pod -n default --no-headers
2026-07-25 21:55:13,876 - asyncssh - INFO - [conn=0, chan=284] Received exit status 0
2026-07-25 21:55:13,876 - asyncssh - INFO - [conn=0, chan=284] Received channel close
2026-07-25 21:55:13,876 - asyncssh - INFO - [conn=0, chan=284] Channel closed
2026-07-25 21:55:13,877 - asyncssh - INFO - [conn=0, chan=285] Received exit status 0
2026-07-25 21:55:13,877 - asyncssh - INFO - [conn=0, chan=285] Received channel close
2026-07-25 21:55:13,877 - asyncssh - INFO - [conn=0, chan=286] Requesting new SSH session
2026-07-25 21:55:13,877 - asyncssh - INFO - [conn=0, chan=285] Channel closed
2026-07-25 21:55:13,877 - asyncssh - INFO - [conn=0, chan=287] Requesting new SSH session
2026-07-25 21:55:13,878 - asyncssh - INFO - [conn=0, chan=286]   Command: kubectl describe pod log-generator -n default | grep -A 5 'Limits:'
2026-07-25 21:55:13,878 - asyncssh - INFO - [conn=0, chan=287]   Command: kubectl describe pod my-pod -n default | grep -A 5 'Limits:'
2026-07-25 21:55:13,959 - asyncssh - INFO - [conn=0, chan=287] Received exit status 1
2026-07-25 21:55:13,959 - asyncssh - INFO - [conn=0, chan=287] Received channel close
2026-07-25 21:55:13,959 - asyncssh - INFO - [conn=0, chan=287] Channel closed
2026-07-25 21:55:13,960 - asyncssh - INFO - [conn=0, chan=286] Received exit status 0
2026-07-25 21:55:13,960 - asyncssh - INFO - [conn=0, chan=286] Received channel close
2026-07-25 21:55:13,960 - asyncssh - INFO - [conn=0, chan=286] Channel closed
2026-07-25 21:55:18,295 - asyncssh - INFO - [conn=0, chan=516] Requesting new SSH session
2026-07-25 21:55:18,296 - asyncssh - INFO - [conn=0, chan=516]   Command: kubectl logs my-pod -n default --tail=50
2026-07-25 21:55:18,349 - asyncssh - INFO - [conn=0, chan=517] Requesting new SSH session
2026-07-25 21:55:18,350 - asyncssh - INFO - [conn=0, chan=517]   Command: kubectl logs log-generator -n default --tail=50
2026-07-25 21:55:18,363 - asyncssh - INFO - [conn=0, chan=516] Received exit status 0
2026-07-25 21:55:18,364 - asyncssh - INFO - [conn=0, chan=516] Received channel close
2026-07-25 21:55:18,365 - asyncssh - INFO - [conn=0, chan=516] Channel closed
2026-07-25 21:55:18,365 - asyncssh - INFO - [conn=0, chan=518] Requesting new SSH session
2026-07-25 21:55:18,366 - asyncssh - INFO - [conn=0, chan=518]   Command: kubectl top pod my-pod -n default --no-headers
2026-07-25 21:55:18,421 - asyncssh - INFO - [conn=0, chan=517] Received exit status 0
2026-07-25 21:55:18,422 - asyncssh - INFO - [conn=0, chan=517] Received channel close
2026-07-25 21:55:18,422 - asyncssh - INFO - [conn=0, chan=517] Channel closed
2026-07-25 21:55:18,423 - asyncssh - INFO - [conn=0, chan=519] Requesting new SSH session
2026-07-25 21:55:18,423 - asyncssh - INFO - [conn=0, chan=519]   Command: kubectl top pod log-generator -n default --no-headers
2026-07-25 21:55:18,434 - asyncssh - INFO - [conn=0, chan=518] Received exit status 0
2026-07-25 21:55:18,435 - asyncssh - INFO - [conn=0, chan=518] Received channel close
2026-07-25 21:55:18,435 - asyncssh - INFO - [conn=0, chan=518] Channel closed
2026-07-25 21:55:18,435 - asyncssh - INFO - [conn=0, chan=520] Requesting new SSH session
2026-07-25 21:55:18,436 - asyncssh - INFO - [conn=0, chan=520]   Command: kubectl describe pod my-pod -n default | grep -A 5 'Limits:'
2026-07-25 21:55:18,491 - asyncssh - INFO - [conn=0, chan=519] Received exit status 0
2026-07-25 21:55:18,491 - asyncssh - INFO - [conn=0, chan=519] Received channel close
2026-07-25 21:55:18,491 - asyncssh - INFO - [conn=0, chan=519] Channel closed
2026-07-25 21:55:18,492 - asyncssh - INFO - [conn=0, chan=521] Requesting new SSH session
2026-07-25 21:55:18,492 - asyncssh - INFO - [conn=0, chan=521]   Command: kubectl describe pod log-generator -n default | grep -A 5 'Limits:'
2026-07-25 21:55:18,509 - asyncssh - INFO - [conn=0, chan=520] Received exit status 1
2026-07-25 21:55:18,509 - asyncssh - INFO - [conn=0, chan=520] Received channel close
2026-07-25 21:55:18,510 - asyncssh - INFO - [conn=0, chan=520] Channel closed
2026-07-25 21:55:18,562 - asyncssh - INFO - [conn=0, chan=521] Received exit status 0
2026-07-25 21:55:18,562 - asyncssh - INFO - [conn=0, chan=521] Received channel close
2026-07-25 21:55:18,563 - asyncssh - INFO - [conn=0, chan=521] Channel closed
2026-07-25 21:55:18,960 - asyncssh - INFO - [conn=0, chan=288] Requesting new SSH session
2026-07-25 21:55:18,961 - asyncssh - INFO - [conn=0, chan=289] Requesting new SSH session
2026-07-25 21:55:18,962 - asyncssh - INFO - [conn=0, chan=288]   Command: kubectl logs my-pod -n default --tail=50
2026-07-25 21:55:18,962 - asyncssh - INFO - [conn=0, chan=289]   Command: kubectl logs log-generator -n default --tail=50
2026-07-25 21:55:19,022 - asyncssh - INFO - [conn=0, chan=288] Received exit status 0
2026-07-25 21:55:19,022 - asyncssh - INFO - [conn=0, chan=288] Received channel close
2026-07-25 21:55:19,022 - asyncssh - INFO - [conn=0, chan=288] Channel closed
2026-07-25 21:55:19,023 - asyncssh - INFO - [conn=0, chan=290] Requesting new SSH session
2026-07-25 21:55:19,023 - asyncssh - INFO - [conn=0, chan=290]   Command: kubectl top pod my-pod -n default --no-headers
2026-07-25 21:55:19,025 - asyncssh - INFO - [conn=0, chan=289] Received exit status 0
2026-07-25 21:55:19,025 - asyncssh - INFO - [conn=0, chan=289] Received channel close
2026-07-25 21:55:19,025 - asyncssh - INFO - [conn=0, chan=289] Channel closed
2026-07-25 21:55:19,026 - asyncssh - INFO - [conn=0, chan=291] Requesting new SSH session
2026-07-25 21:55:19,026 - asyncssh - INFO - [conn=0, chan=291]   Command: kubectl top pod log-generator -n default --no-headers
2026-07-25 21:55:19,076 - asyncssh - INFO - [conn=0, chan=290] Received exit status 0
2026-07-25 21:55:19,077 - asyncssh - INFO - [conn=0, chan=290] Received channel close
2026-07-25 21:55:19,077 - asyncssh - INFO - [conn=0, chan=290] Channel closed
2026-07-25 21:55:19,077 - asyncssh - INFO - [conn=0, chan=292] Requesting new SSH session
2026-07-25 21:55:19,078 - asyncssh - INFO - [conn=0, chan=291] Received exit status 0
2026-07-25 21:55:19,078 - asyncssh - INFO - [conn=0, chan=291] Received channel close
2026-07-25 21:55:19,078 - asyncssh - INFO - [conn=0, chan=291] Channel closed
2026-07-25 21:55:19,078 - asyncssh - INFO - [conn=0, chan=293] Requesting new SSH session
2026-07-25 21:55:19,079 - asyncssh - INFO - [conn=0, chan=292]   Command: kubectl describe pod my-pod -n default | grep -A 5 'Limits:'
2026-07-25 21:55:19,079 - asyncssh - INFO - [conn=0, chan=293]   Command: kubectl describe pod log-generator -n default | grep -A 5 'Limits:'
2026-07-25 21:55:19,142 - asyncssh - INFO - [conn=0, chan=293] Received exit status 0
2026-07-25 21:55:19,142 - asyncssh - INFO - [conn=0, chan=293] Received channel close
2026-07-25 21:55:19,142 - asyncssh - INFO - [conn=0, chan=293] Channel closed
2026-07-25 21:55:19,143 - asyncssh - INFO - [conn=0, chan=292] Received exit status 1
2026-07-25 21:55:19,143 - asyncssh - INFO - [conn=0, chan=292] Received channel close
2026-07-25 21:55:19,143 - asyncssh - INFO - [conn=0, chan=292] Channel closed
2026-07-25 21:55:23,512 - asyncssh - INFO - [conn=0, chan=522] Requesting new SSH session
2026-07-25 21:55:23,513 - asyncssh - INFO - [conn=0, chan=522]   Command: kubectl logs my-pod -n default --tail=50
2026-07-25 21:55:23,564 - asyncssh - INFO - [conn=0, chan=523] Requesting new SSH session
2026-07-25 21:55:23,565 - asyncssh - INFO - [conn=0, chan=523]   Command: kubectl logs log-generator -n default --tail=50
2026-07-25 21:55:23,585 - asyncssh - INFO - [conn=0, chan=522] Received exit status 0
2026-07-25 21:55:23,585 - asyncssh - INFO - [conn=0, chan=522] Received channel close
2026-07-25 21:55:23,585 - asyncssh - INFO - [conn=0, chan=522] Channel closed
2026-07-25 21:55:23,586 - asyncssh - INFO - [conn=0, chan=524] Requesting new SSH session
2026-07-25 21:55:23,587 - asyncssh - INFO - [conn=0, chan=524]   Command: kubectl top pod my-pod -n default --no-headers
2026-07-25 21:55:23,646 - asyncssh - INFO - [conn=0, chan=523] Received exit status 0
2026-07-25 21:55:23,646 - asyncssh - INFO - [conn=0, chan=523] Received channel close
2026-07-25 21:55:23,647 - asyncssh - INFO - [conn=0, chan=523] Channel closed
2026-07-25 21:55:23,647 - asyncssh - INFO - [conn=0, chan=525] Requesting new SSH session
2026-07-25 21:55:23,648 - asyncssh - INFO - [conn=0, chan=525]   Command: kubectl top pod log-generator -n default --no-headers
2026-07-25 21:55:23,665 - asyncssh - INFO - [conn=0, chan=524] Received exit status 0
2026-07-25 21:55:23,665 - asyncssh - INFO - [conn=0, chan=524] Received channel close
2026-07-25 21:55:23,666 - asyncssh - INFO - [conn=0, chan=524] Channel closed
2026-07-25 21:55:23,666 - asyncssh - INFO - [conn=0, chan=526] Requesting new SSH session
2026-07-25 21:55:23,667 - asyncssh - INFO - [conn=0, chan=526]   Command: kubectl describe pod my-pod -n default | grep -A 5 'Limits:'
2026-07-25 21:55:23,716 - asyncssh - INFO - [conn=0, chan=525] Received exit status 0
2026-07-25 21:55:23,716 - asyncssh - INFO - [conn=0, chan=525] Received channel close
2026-07-25 21:55:23,716 - asyncssh - INFO - [conn=0, chan=525] Channel closed
2026-07-25 21:55:23,716 - asyncssh - INFO - [conn=0, chan=527] Requesting new SSH session
2026-07-25 21:55:23,717 - asyncssh - INFO - [conn=0, chan=527]   Command: kubectl describe pod log-generator -n default | grep -A 5 'Limits:'
2026-07-25 21:55:23,741 - asyncssh - INFO - [conn=0, chan=526] Received exit status 1
2026-07-25 21:55:23,741 - asyncssh - INFO - [conn=0, chan=526] Received channel close
2026-07-25 21:55:23,742 - asyncssh - INFO - [conn=0, chan=526] Channel closed
2026-07-25 21:55:23,790 - asyncssh - INFO - [conn=0, chan=527] Received exit status 0
2026-07-25 21:55:23,790 - asyncssh - INFO - [conn=0, chan=527] Received channel close
2026-07-25 21:55:23,791 - asyncssh - INFO - [conn=0, chan=527] Channel closed
2026-07-25 21:55:24,143 - asyncssh - INFO - [conn=0, chan=294] Requesting new SSH session
2026-07-25 21:55:24,144 - asyncssh - INFO - [conn=0, chan=295] Requesting new SSH session
2026-07-25 21:55:24,144 - asyncssh - INFO - [conn=0, chan=294]   Command: kubectl logs log-generator -n default --tail=50
2026-07-25 21:55:24,145 - asyncssh - INFO - [conn=0, chan=295]   Command: kubectl logs my-pod -n default --tail=50
2026-07-25 21:55:24,206 - asyncssh - INFO - [conn=0, chan=294] Received exit status 0
2026-07-25 21:55:24,207 - asyncssh - INFO - [conn=0, chan=295] Received exit status 0
2026-07-25 21:55:24,207 - asyncssh - INFO - [conn=0, chan=295] Received channel close
2026-07-25 21:55:24,207 - asyncssh - INFO - [conn=0, chan=294] Received channel close
2026-07-25 21:55:24,207 - asyncssh - INFO - [conn=0, chan=295] Channel closed
2026-07-25 21:55:24,207 - asyncssh - INFO - [conn=0, chan=294] Channel closed
2026-07-25 21:55:24,208 - asyncssh - INFO - [conn=0, chan=296] Requesting new SSH session
2026-07-25 21:55:24,208 - asyncssh - INFO - [conn=0, chan=297] Requesting new SSH session
2026-07-25 21:55:24,209 - asyncssh - INFO - [conn=0, chan=296]   Command: kubectl top pod my-pod -n default --no-headers
2026-07-25 21:55:24,209 - asyncssh - INFO - [conn=0, chan=297]   Command: kubectl top pod log-generator -n default --no-headers
2026-07-25 21:55:24,263 - asyncssh - INFO - [conn=0, chan=296] Received exit status 0
2026-07-25 21:55:24,263 - asyncssh - INFO - [conn=0, chan=296] Received channel close
2026-07-25 21:55:24,263 - asyncssh - INFO - [conn=0, chan=296] Channel closed
2026-07-25 21:55:24,263 - asyncssh - INFO - [conn=0, chan=297] Received exit status 0
2026-07-25 21:55:24,264 - asyncssh - INFO - [conn=0, chan=297] Received channel close
2026-07-25 21:55:24,264 - asyncssh - INFO - [conn=0, chan=298] Requesting new SSH session
2026-07-25 21:55:24,264 - asyncssh - INFO - [conn=0, chan=297] Channel closed
2026-07-25 21:55:24,264 - asyncssh - INFO - [conn=0, chan=299] Requesting new SSH session
2026-07-25 21:55:24,264 - asyncssh - INFO - [conn=0, chan=298]   Command: kubectl describe pod my-pod -n default | grep -A 5 'Limits:'
2026-07-25 21:55:24,265 - asyncssh - INFO - [conn=0, chan=299]   Command: kubectl describe pod log-generator -n default | grep -A 5 'Limits:'
2026-07-25 21:55:24,323 - asyncssh - INFO - [conn=0, chan=298] Received exit status 1
2026-07-25 21:55:24,323 - asyncssh - INFO - [conn=0, chan=298] Received channel close
2026-07-25 21:55:24,323 - asyncssh - INFO - [conn=0, chan=298] Channel closed
2026-07-25 21:55:24,324 - asyncssh - INFO - [conn=0, chan=299] Received exit status 0
2026-07-25 21:55:24,324 - asyncssh - INFO - [conn=0, chan=299] Received channel close
2026-07-25 21:55:24,324 - asyncssh - INFO - [conn=0, chan=299] Channel closed
2026-07-25 21:55:28,743 - asyncssh - INFO - [conn=0, chan=528] Requesting new SSH session
2026-07-25 21:55:28,745 - asyncssh - INFO - [conn=0, chan=528]   Command: kubectl logs my-pod -n default --tail=50
2026-07-25 21:55:28,792 - asyncssh - INFO - [conn=0, chan=529] Requesting new SSH session
2026-07-25 21:55:28,793 - asyncssh - INFO - [conn=0, chan=529]   Command: kubectl logs log-generator -n default --tail=50
2026-07-25 21:55:28,816 - asyncssh - INFO - [conn=0, chan=528] Received exit status 0
2026-07-25 21:55:28,817 - asyncssh - INFO - [conn=0, chan=528] Received channel close
2026-07-25 21:55:28,818 - asyncssh - INFO - [conn=0, chan=528] Channel closed
2026-07-25 21:55:28,818 - asyncssh - INFO - [conn=0, chan=530] Requesting new SSH session
2026-07-25 21:55:28,819 - asyncssh - INFO - [conn=0, chan=530]   Command: kubectl top pod my-pod -n default --no-headers
2026-07-25 21:55:28,873 - asyncssh - INFO - [conn=0, chan=529] Received exit status 0
2026-07-25 21:55:28,874 - asyncssh - INFO - [conn=0, chan=529] Received channel close
2026-07-25 21:55:28,874 - asyncssh - INFO - [conn=0, chan=529] Channel closed
2026-07-25 21:55:28,875 - asyncssh - INFO - [conn=0, chan=531] Requesting new SSH session
2026-07-25 21:55:28,876 - asyncssh - INFO - [conn=0, chan=531]   Command: kubectl top pod log-generator -n default --no-headers
2026-07-25 21:55:28,883 - asyncssh - INFO - [conn=0, chan=530] Received exit status 0
2026-07-25 21:55:28,883 - asyncssh - INFO - [conn=0, chan=530] Received channel close
2026-07-25 21:55:28,883 - asyncssh - INFO - [conn=0, chan=530] Channel closed
2026-07-25 21:55:28,884 - asyncssh - INFO - [conn=0, chan=532] Requesting new SSH session
2026-07-25 21:55:28,884 - asyncssh - INFO - [conn=0, chan=532]   Command: kubectl describe pod my-pod -n default | grep -A 5 'Limits:'
2026-07-25 21:55:28,941 - asyncssh - INFO - [conn=0, chan=531] Received exit status 0
2026-07-25 21:55:28,941 - asyncssh - INFO - [conn=0, chan=531] Received channel close
2026-07-25 21:55:28,942 - asyncssh - INFO - [conn=0, chan=531] Channel closed
2026-07-25 21:55:28,942 - asyncssh - INFO - [conn=0, chan=533] Requesting new SSH session
2026-07-25 21:55:28,943 - asyncssh - INFO - [conn=0, chan=533]   Command: kubectl describe pod log-generator -n default | grep -A 5 'Limits:'
2026-07-25 21:55:28,952 - asyncssh - INFO - [conn=0, chan=532] Received exit status 1
2026-07-25 21:55:28,952 - asyncssh - INFO - [conn=0, chan=532] Received channel close
2026-07-25 21:55:28,952 - asyncssh - INFO - [conn=0, chan=532] Channel closed
2026-07-25 21:55:29,010 - asyncssh - INFO - [conn=0, chan=533] Received exit status 0
2026-07-25 21:55:29,010 - asyncssh - INFO - [conn=0, chan=533] Received channel close
2026-07-25 21:55:29,010 - asyncssh - INFO - [conn=0, chan=533] Channel closed
2026-07-25 21:55:29,325 - asyncssh - INFO - [conn=0, chan=300] Requesting new SSH session
2026-07-25 21:55:29,325 - asyncssh - INFO - [conn=0, chan=301] Requesting new SSH session
2026-07-25 21:55:29,326 - asyncssh - INFO - [conn=0, chan=300]   Command: kubectl logs my-pod -n default --tail=50
2026-07-25 21:55:29,326 - asyncssh - INFO - [conn=0, chan=301]   Command: kubectl logs log-generator -n default --tail=50
2026-07-25 21:55:29,386 - asyncssh - INFO - [conn=0, chan=301] Received exit status 0
2026-07-25 21:55:29,386 - asyncssh - INFO - [conn=0, chan=301] Received channel close
2026-07-25 21:55:29,387 - asyncssh - INFO - [conn=0, chan=301] Channel closed
2026-07-25 21:55:29,387 - asyncssh - INFO - [conn=0, chan=302] Requesting new SSH session
2026-07-25 21:55:29,388 - asyncssh - INFO - [conn=0, chan=300] Received exit status 0
2026-07-25 21:55:29,388 - asyncssh - INFO - [conn=0, chan=300] Received channel close
2026-07-25 21:55:29,388 - asyncssh - INFO - [conn=0, chan=300] Channel closed
2026-07-25 21:55:29,389 - asyncssh - INFO - [conn=0, chan=303] Requesting new SSH session
2026-07-25 21:55:29,389 - asyncssh - INFO - [conn=0, chan=302]   Command: kubectl top pod log-generator -n default --no-headers
2026-07-25 21:55:29,389 - asyncssh - INFO - [conn=0, chan=303]   Command: kubectl top pod my-pod -n default --no-headers
2026-07-25 21:55:29,442 - asyncssh - INFO - [conn=0, chan=302] Received exit status 0
2026-07-25 21:55:29,442 - asyncssh - INFO - [conn=0, chan=302] Received channel close
2026-07-25 21:55:29,442 - asyncssh - INFO - [conn=0, chan=302] Channel closed
2026-07-25 21:55:29,443 - asyncssh - INFO - [conn=0, chan=304] Requesting new SSH session
2026-07-25 21:55:29,443 - asyncssh - INFO - [conn=0, chan=303] Received exit status 0
2026-07-25 21:55:29,443 - asyncssh - INFO - [conn=0, chan=303] Received channel close
2026-07-25 21:55:29,443 - asyncssh - INFO - [conn=0, chan=303] Channel closed
2026-07-25 21:55:29,444 - asyncssh - INFO - [conn=0, chan=305] Requesting new SSH session
2026-07-25 21:55:29,444 - asyncssh - INFO - [conn=0, chan=304]   Command: kubectl describe pod log-generator -n default | grep -A 5 'Limits:'
2026-07-25 21:55:29,444 - asyncssh - INFO - [conn=0, chan=305]   Command: kubectl describe pod my-pod -n default | grep -A 5 'Limits:'
2026-07-25 21:55:29,506 - asyncssh - INFO - [conn=0, chan=304] Received exit status 0
2026-07-25 21:55:29,507 - asyncssh - INFO - [conn=0, chan=304] Received channel close
2026-07-25 21:55:29,507 - asyncssh - INFO - [conn=0, chan=304] Channel closed
2026-07-25 21:55:29,510 - asyncssh - INFO - [conn=0, chan=305] Received exit status 1
2026-07-25 21:55:29,510 - asyncssh - INFO - [conn=0, chan=305] Received channel close
2026-07-25 21:55:29,511 - asyncssh - INFO - [conn=0, chan=305] Channel closed
2026-07-25 21:55:33,954 - asyncssh - INFO - [conn=0, chan=534] Requesting new SSH session
2026-07-25 21:55:33,955 - asyncssh - INFO - [conn=0, chan=534]   Command: kubectl logs my-pod -n default --tail=50
2026-07-25 21:55:34,011 - asyncssh - INFO - [conn=0, chan=535] Requesting new SSH session
2026-07-25 21:55:34,012 - asyncssh - INFO - [conn=0, chan=535]   Command: kubectl logs log-generator -n default --tail=50
2026-07-25 21:55:34,022 - asyncssh - INFO - [conn=0, chan=534] Received exit status 0
2026-07-25 21:55:34,022 - asyncssh - INFO - [conn=0, chan=534] Received channel close
2026-07-25 21:55:34,022 - asyncssh - INFO - [conn=0, chan=534] Channel closed
2026-07-25 21:55:34,022 - asyncssh - INFO - [conn=0, chan=536] Requesting new SSH session
2026-07-25 21:55:34,023 - asyncssh - INFO - [conn=0, chan=536]   Command: kubectl top pod my-pod -n default --no-headers
2026-07-25 21:55:34,083 - asyncssh - INFO - [conn=0, chan=535] Received exit status 0
2026-07-25 21:55:34,083 - asyncssh - INFO - [conn=0, chan=535] Received channel close
2026-07-25 21:55:34,084 - asyncssh - INFO - [conn=0, chan=535] Channel closed
2026-07-25 21:55:34,085 - asyncssh - INFO - [conn=0, chan=537] Requesting new SSH session
2026-07-25 21:55:34,085 - asyncssh - INFO - [conn=0, chan=536] Received exit status 0
2026-07-25 21:55:34,085 - asyncssh - INFO - [conn=0, chan=536] Received channel close
2026-07-25 21:55:34,085 - asyncssh - INFO - [conn=0, chan=536] Channel closed
2026-07-25 21:55:34,086 - asyncssh - INFO - [conn=0, chan=538] Requesting new SSH session
2026-07-25 21:55:34,086 - asyncssh - INFO - [conn=0, chan=537]   Command: kubectl top pod log-generator -n default --no-headers
2026-07-25 21:55:34,086 - asyncssh - INFO - [conn=0, chan=538]   Command: kubectl describe pod my-pod -n default | grep -A 5 'Limits:'
2026-07-25 21:55:34,142 - asyncssh - INFO - [conn=0, chan=537] Received exit status 0
2026-07-25 21:55:34,142 - asyncssh - INFO - [conn=0, chan=537] Received channel close
2026-07-25 21:55:34,143 - asyncssh - INFO - [conn=0, chan=537] Channel closed
2026-07-25 21:55:34,143 - asyncssh - INFO - [conn=0, chan=539] Requesting new SSH session
2026-07-25 21:55:34,144 - asyncssh - INFO - [conn=0, chan=539]   Command: kubectl describe pod log-generator -n default | grep -A 5 'Limits:'
2026-07-25 21:55:34,154 - asyncssh - INFO - [conn=0, chan=538] Received exit status 1
2026-07-25 21:55:34,155 - asyncssh - INFO - [conn=0, chan=538] Received channel close
2026-07-25 21:55:34,155 - asyncssh - INFO - [conn=0, chan=538] Channel closed
2026-07-25 21:55:34,209 - asyncssh - INFO - [conn=0, chan=539] Received exit status 0
2026-07-25 21:55:34,209 - asyncssh - INFO - [conn=0, chan=539] Received channel close
2026-07-25 21:55:34,209 - asyncssh - INFO - [conn=0, chan=539] Channel closed
2026-07-25 21:55:34,510 - asyncssh - INFO - [conn=0, chan=306] Requesting new SSH session
2026-07-25 21:55:34,512 - asyncssh - INFO - [conn=0, chan=306]   Command: kubectl logs log-generator -n default --tail=50
2026-07-25 21:55:34,513 - asyncssh - INFO - [conn=0, chan=307] Requesting new SSH session
2026-07-25 21:55:34,514 - asyncssh - INFO - [conn=0, chan=307]   Command: kubectl logs my-pod -n default --tail=50
2026-07-25 21:55:34,580 - asyncssh - INFO - [conn=0, chan=307] Received exit status 0
2026-07-25 21:55:34,580 - asyncssh - INFO - [conn=0, chan=307] Received channel close
2026-07-25 21:55:34,580 - asyncssh - INFO - [conn=0, chan=307] Channel closed
2026-07-25 21:55:34,581 - asyncssh - INFO - [conn=0, chan=308] Requesting new SSH session
2026-07-25 21:55:34,582 - asyncssh - INFO - [conn=0, chan=306] Received exit status 0
2026-07-25 21:55:34,582 - asyncssh - INFO - [conn=0, chan=306] Received channel close
2026-07-25 21:55:34,582 - asyncssh - INFO - [conn=0, chan=306] Channel closed
2026-07-25 21:55:34,583 - asyncssh - INFO - [conn=0, chan=309] Requesting new SSH session
2026-07-25 21:55:34,583 - asyncssh - INFO - [conn=0, chan=308]   Command: kubectl top pod my-pod -n default --no-headers
2026-07-25 21:55:34,584 - asyncssh - INFO - [conn=0, chan=309]   Command: kubectl top pod log-generator -n default --no-headers
2026-07-25 21:55:34,638 - asyncssh - INFO - [conn=0, chan=309] Received exit status 0
2026-07-25 21:55:34,638 - asyncssh - INFO - [conn=0, chan=309] Received channel close
2026-07-25 21:55:34,638 - asyncssh - INFO - [conn=0, chan=309] Channel closed
2026-07-25 21:55:34,639 - asyncssh - INFO - [conn=0, chan=308] Received exit status 0
2026-07-25 21:55:34,639 - asyncssh - INFO - [conn=0, chan=308] Received channel close
2026-07-25 21:55:34,639 - asyncssh - INFO - [conn=0, chan=310] Requesting new SSH session
2026-07-25 21:55:34,639 - asyncssh - INFO - [conn=0, chan=308] Channel closed
2026-07-25 21:55:34,640 - asyncssh - INFO - [conn=0, chan=311] Requesting new SSH session
2026-07-25 21:55:34,640 - asyncssh - INFO - [conn=0, chan=310]   Command: kubectl describe pod log-generator -n default | grep -A 5 'Limits:'
2026-07-25 21:55:34,640 - asyncssh - INFO - [conn=0, chan=311]   Command: kubectl describe pod my-pod -n default | grep -A 5 'Limits:'
2026-07-25 21:55:34,701 - asyncssh - INFO - [conn=0, chan=311] Received exit status 1
2026-07-25 21:55:34,701 - asyncssh - INFO - [conn=0, chan=311] Received channel close
2026-07-25 21:55:34,702 - asyncssh - INFO - [conn=0, chan=311] Channel closed
2026-07-25 21:55:34,702 - asyncssh - INFO - [conn=0, chan=310] Received exit status 0
2026-07-25 21:55:34,702 - asyncssh - INFO - [conn=0, chan=310] Received channel close
2026-07-25 21:55:34,703 - asyncssh - INFO - [conn=0, chan=310] Channel closed
2026-07-25 21:55:39,156 - asyncssh - INFO - [conn=0, chan=540] Requesting new SSH session
2026-07-25 21:55:39,157 - asyncssh - INFO - [conn=0, chan=540]   Command: kubectl logs my-pod -n default --tail=50
2026-07-25 21:55:39,210 - asyncssh - INFO - [conn=0, chan=541] Requesting new SSH session
2026-07-25 21:55:39,211 - asyncssh - INFO - [conn=0, chan=541]   Command: kubectl logs log-generator -n default --tail=50
2026-07-25 21:55:39,223 - asyncssh - INFO - [conn=0, chan=540] Received exit status 0
2026-07-25 21:55:39,224 - asyncssh - INFO - [conn=0, chan=540] Received channel close
2026-07-25 21:55:39,224 - asyncssh - INFO - [conn=0, chan=540] Channel closed
2026-07-25 21:55:39,224 - asyncssh - INFO - [conn=0, chan=542] Requesting new SSH session
2026-07-25 21:55:39,225 - asyncssh - INFO - [conn=0, chan=542]   Command: kubectl top pod my-pod -n default --no-headers
2026-07-25 21:55:39,283 - asyncssh - INFO - [conn=0, chan=542] Received exit status 0
2026-07-25 21:55:39,283 - asyncssh - INFO - [conn=0, chan=542] Received channel close
2026-07-25 21:55:39,284 - asyncssh - INFO - [conn=0, chan=542] Channel closed
2026-07-25 21:55:39,284 - asyncssh - INFO - [conn=0, chan=543] Requesting new SSH session
2026-07-25 21:55:39,284 - asyncssh - INFO - [conn=0, chan=543]   Command: kubectl describe pod my-pod -n default | grep -A 5 'Limits:'
2026-07-25 21:55:39,285 - asyncssh - INFO - [conn=0, chan=541] Received exit status 0
2026-07-25 21:55:39,285 - asyncssh - INFO - [conn=0, chan=541] Received channel close
2026-07-25 21:55:39,285 - asyncssh - INFO - [conn=0, chan=541] Channel closed
2026-07-25 21:55:39,286 - asyncssh - INFO - [conn=0, chan=544] Requesting new SSH session
2026-07-25 21:55:39,286 - asyncssh - INFO - [conn=0, chan=544]   Command: kubectl top pod log-generator -n default --no-headers
2026-07-25 21:55:39,346 - asyncssh - INFO - [conn=0, chan=543] Received exit status 1
2026-07-25 21:55:39,346 - asyncssh - INFO - [conn=0, chan=543] Received channel close
2026-07-25 21:55:39,347 - asyncssh - INFO - [conn=0, chan=543] Channel closed
2026-07-25 21:55:39,348 - asyncssh - INFO - [conn=0, chan=544] Received exit status 0
2026-07-25 21:55:39,349 - asyncssh - INFO - [conn=0, chan=544] Received channel close
2026-07-25 21:55:39,349 - asyncssh - INFO - [conn=0, chan=544] Channel closed
2026-07-25 21:55:39,349 - asyncssh - INFO - [conn=0, chan=545] Requesting new SSH session
2026-07-25 21:55:39,350 - asyncssh - INFO - [conn=0, chan=545]   Command: kubectl describe pod log-generator -n default | grep -A 5 'Limits:'
2026-07-25 21:55:39,412 - asyncssh - INFO - [conn=0, chan=545] Received exit status 0
2026-07-25 21:55:39,413 - asyncssh - INFO - [conn=0, chan=545] Received channel close
2026-07-25 21:55:39,413 - asyncssh - INFO - [conn=0, chan=545] Channel closed
2026-07-25 21:55:39,703 - asyncssh - INFO - [conn=0, chan=312] Requesting new SSH session
2026-07-25 21:55:39,704 - asyncssh - INFO - [conn=0, chan=313] Requesting new SSH session
2026-07-25 21:55:39,705 - asyncssh - INFO - [conn=0, chan=312]   Command: kubectl logs my-pod -n default --tail=50
2026-07-25 21:55:39,706 - asyncssh - INFO - [conn=0, chan=313]   Command: kubectl logs log-generator -n default --tail=50
2026-07-25 21:55:39,769 - asyncssh - INFO - [conn=0, chan=313] Received exit status 0
2026-07-25 21:55:39,770 - asyncssh - INFO - [conn=0, chan=313] Received channel close
2026-07-25 21:55:39,770 - asyncssh - INFO - [conn=0, chan=313] Channel closed
2026-07-25 21:55:39,770 - asyncssh - INFO - [conn=0, chan=314] Requesting new SSH session
2026-07-25 21:55:39,771 - asyncssh - INFO - [conn=0, chan=314]   Command: kubectl top pod log-generator -n default --no-headers
2026-07-25 21:55:39,775 - asyncssh - INFO - [conn=0, chan=312] Received exit status 0
2026-07-25 21:55:39,775 - asyncssh - INFO - [conn=0, chan=312] Received channel close
2026-07-25 21:55:39,775 - asyncssh - INFO - [conn=0, chan=312] Channel closed
2026-07-25 21:55:39,776 - asyncssh - INFO - [conn=0, chan=315] Requesting new SSH session
2026-07-25 21:55:39,777 - asyncssh - INFO - [conn=0, chan=315]   Command: kubectl top pod my-pod -n default --no-headers
2026-07-25 21:55:39,831 - asyncssh - INFO - [conn=0, chan=314] Received exit status 0
2026-07-25 21:55:39,831 - asyncssh - INFO - [conn=0, chan=314] Received channel close
2026-07-25 21:55:39,831 - asyncssh - INFO - [conn=0, chan=314] Channel closed
2026-07-25 21:55:39,832 - asyncssh - INFO - [conn=0, chan=316] Requesting new SSH session
2026-07-25 21:55:39,832 - asyncssh - INFO - [conn=0, chan=316]   Command: kubectl describe pod log-generator -n default | grep -A 5 'Limits:'
2026-07-25 21:55:39,833 - asyncssh - INFO - [conn=0, chan=315] Received exit status 0
2026-07-25 21:55:39,834 - asyncssh - INFO - [conn=0, chan=315] Received channel close
2026-07-25 21:55:39,834 - asyncssh - INFO - [conn=0, chan=315] Channel closed
2026-07-25 21:55:39,834 - asyncssh - INFO - [conn=0, chan=317] Requesting new SSH session
2026-07-25 21:55:39,834 - asyncssh - INFO - [conn=0, chan=317]   Command: kubectl describe pod my-pod -n default | grep -A 5 'Limits:'
2026-07-25 21:55:39,901 - asyncssh - INFO - [conn=0, chan=317] Received exit status 1
2026-07-25 21:55:39,901 - asyncssh - INFO - [conn=0, chan=317] Received channel close
2026-07-25 21:55:39,901 - asyncssh - INFO - [conn=0, chan=317] Channel closed
2026-07-25 21:55:39,902 - asyncssh - INFO - [conn=0, chan=316] Received exit status 0
2026-07-25 21:55:39,902 - asyncssh - INFO - [conn=0, chan=316] Received channel close
2026-07-25 21:55:39,902 - asyncssh - INFO - [conn=0, chan=316] Channel closed
2026-07-25 21:55:44,350 - asyncssh - INFO - [conn=0, chan=546] Requesting new SSH session
2026-07-25 21:55:44,351 - asyncssh - INFO - [conn=0, chan=546]   Command: kubectl logs my-pod -n default --tail=50
2026-07-25 21:55:44,414 - asyncssh - INFO - [conn=0, chan=546] Received exit status 0
2026-07-25 21:55:44,414 - asyncssh - INFO - [conn=0, chan=546] Received channel close
2026-07-25 21:55:44,415 - asyncssh - INFO - [conn=0, chan=546] Channel closed
2026-07-25 21:55:44,415 - asyncssh - INFO - [conn=0, chan=547] Requesting new SSH session
2026-07-25 21:55:44,415 - asyncssh - INFO - [conn=0, chan=548] Requesting new SSH session
2026-07-25 21:55:44,416 - asyncssh - INFO - [conn=0, chan=547]   Command: kubectl logs log-generator -n default --tail=50
2026-07-25 21:55:44,416 - asyncssh - INFO - [conn=0, chan=548]   Command: kubectl top pod my-pod -n default --no-headers
2026-07-25 21:55:44,477 - asyncssh - INFO - [conn=0, chan=548] Received exit status 0
2026-07-25 21:55:44,477 - asyncssh - INFO - [conn=0, chan=548] Received channel close
2026-07-25 21:55:44,478 - asyncssh - INFO - [conn=0, chan=548] Channel closed
2026-07-25 21:55:44,478 - asyncssh - INFO - [conn=0, chan=549] Requesting new SSH session
2026-07-25 21:55:44,479 - asyncssh - INFO - [conn=0, chan=549]   Command: kubectl describe pod my-pod -n default | grep -A 5 'Limits:'
2026-07-25 21:55:44,483 - asyncssh - INFO - [conn=0, chan=547] Received exit status 0
2026-07-25 21:55:44,484 - asyncssh - INFO - [conn=0, chan=547] Received channel close
2026-07-25 21:55:44,484 - asyncssh - INFO - [conn=0, chan=547] Channel closed
2026-07-25 21:55:44,484 - asyncssh - INFO - [conn=0, chan=550] Requesting new SSH session
2026-07-25 21:55:44,485 - asyncssh - INFO - [conn=0, chan=550]   Command: kubectl top pod log-generator -n default --no-headers
2026-07-25 21:55:44,550 - asyncssh - INFO - [conn=0, chan=549] Received exit status 1
2026-07-25 21:55:44,550 - asyncssh - INFO - [conn=0, chan=549] Received channel close
2026-07-25 21:55:44,550 - asyncssh - INFO - [conn=0, chan=549] Channel closed
2026-07-25 21:55:44,553 - asyncssh - INFO - [conn=0, chan=550] Received exit status 0
2026-07-25 21:55:44,553 - asyncssh - INFO - [conn=0, chan=550] Received channel close
2026-07-25 21:55:44,553 - asyncssh - INFO - [conn=0, chan=550] Channel closed
2026-07-25 21:55:44,553 - asyncssh - INFO - [conn=0, chan=551] Requesting new SSH session
2026-07-25 21:55:44,554 - asyncssh - INFO - [conn=0, chan=551]   Command: kubectl describe pod log-generator -n default | grep -A 5 'Limits:'
2026-07-25 21:55:44,620 - asyncssh - INFO - [conn=0, chan=551] Received exit status 0
2026-07-25 21:55:44,620 - asyncssh - INFO - [conn=0, chan=551] Received channel close
2026-07-25 21:55:44,621 - asyncssh - INFO - [conn=0, chan=551] Channel closed
2026-07-25 21:55:44,902 - asyncssh - INFO - [conn=0, chan=318] Requesting new SSH session
2026-07-25 21:55:44,903 - asyncssh - INFO - [conn=0, chan=319] Requesting new SSH session
2026-07-25 21:55:44,903 - asyncssh - INFO - [conn=0, chan=318]   Command: kubectl logs my-pod -n default --tail=50
2026-07-25 21:55:44,904 - asyncssh - INFO - [conn=0, chan=319]   Command: kubectl logs log-generator -n default --tail=50
2026-07-25 21:55:44,964 - asyncssh - INFO - [conn=0, chan=319] Received exit status 0
2026-07-25 21:55:44,965 - asyncssh - INFO - [conn=0, chan=319] Received channel close
2026-07-25 21:55:44,965 - asyncssh - INFO - [conn=0, chan=319] Channel closed
2026-07-25 21:55:44,966 - asyncssh - INFO - [conn=0, chan=320] Requesting new SSH session
2026-07-25 21:55:44,966 - asyncssh - INFO - [conn=0, chan=320]   Command: kubectl top pod log-generator -n default --no-headers
2026-07-25 21:55:44,966 - asyncssh - INFO - [conn=0, chan=318] Received exit status 0
2026-07-25 21:55:44,967 - asyncssh - INFO - [conn=0, chan=318] Received channel close
2026-07-25 21:55:44,967 - asyncssh - INFO - [conn=0, chan=318] Channel closed
2026-07-25 21:55:44,967 - asyncssh - INFO - [conn=0, chan=321] Requesting new SSH session
2026-07-25 21:55:44,968 - asyncssh - INFO - [conn=0, chan=321]   Command: kubectl top pod my-pod -n default --no-headers
2026-07-25 21:55:45,019 - asyncssh - INFO - [conn=0, chan=320] Received exit status 0
2026-07-25 21:55:45,020 - asyncssh - INFO - [conn=0, chan=320] Received channel close
2026-07-25 21:55:45,020 - asyncssh - INFO - [conn=0, chan=320] Channel closed
2026-07-25 21:55:45,020 - asyncssh - INFO - [conn=0, chan=322] Requesting new SSH session
2026-07-25 21:55:45,020 - asyncssh - INFO - [conn=0, chan=322]   Command: kubectl describe pod log-generator -n default | grep -A 5 'Limits:'
2026-07-25 21:55:45,022 - asyncssh - INFO - [conn=0, chan=321] Received exit status 0
2026-07-25 21:55:45,022 - asyncssh - INFO - [conn=0, chan=321] Received channel close
2026-07-25 21:55:45,022 - asyncssh - INFO - [conn=0, chan=321] Channel closed
2026-07-25 21:55:45,023 - asyncssh - INFO - [conn=0, chan=323] Requesting new SSH session
2026-07-25 21:55:45,023 - asyncssh - INFO - [conn=0, chan=323]   Command: kubectl describe pod my-pod -n default | grep -A 5 'Limits:'
2026-07-25 21:55:45,080 - asyncssh - INFO - [conn=0, chan=322] Received exit status 0
2026-07-25 21:55:45,080 - asyncssh - INFO - [conn=0, chan=322] Received channel close
2026-07-25 21:55:45,080 - asyncssh - INFO - [conn=0, chan=322] Channel closed
2026-07-25 21:55:45,084 - asyncssh - INFO - [conn=0, chan=323] Received exit status 1
2026-07-25 21:55:45,084 - asyncssh - INFO - [conn=0, chan=323] Received channel close
2026-07-25 21:55:45,084 - asyncssh - INFO - [conn=0, chan=323] Channel closed
2026-07-25 21:55:49,552 - asyncssh - INFO - [conn=0, chan=552] Requesting new SSH session
2026-07-25 21:55:49,553 - asyncssh - INFO - [conn=0, chan=552]   Command: kubectl logs my-pod -n default --tail=50
2026-07-25 21:55:49,622 - asyncssh - INFO - [conn=0, chan=552] Received exit status 0
2026-07-25 21:55:49,622 - asyncssh - INFO - [conn=0, chan=552] Received channel close
2026-07-25 21:55:49,622 - asyncssh - INFO - [conn=0, chan=552] Channel closed
2026-07-25 21:55:49,622 - asyncssh - INFO - [conn=0, chan=553] Requesting new SSH session
2026-07-25 21:55:49,623 - asyncssh - INFO - [conn=0, chan=554] Requesting new SSH session
2026-07-25 21:55:49,623 - asyncssh - INFO - [conn=0, chan=553]   Command: kubectl logs log-generator -n default --tail=50
2026-07-25 21:55:49,624 - asyncssh - INFO - [conn=0, chan=554]   Command: kubectl top pod my-pod -n default --no-headers
2026-07-25 21:55:49,689 - asyncssh - INFO - [conn=0, chan=554] Received exit status 0
2026-07-25 21:55:49,689 - asyncssh - INFO - [conn=0, chan=554] Received channel close
2026-07-25 21:55:49,690 - asyncssh - INFO - [conn=0, chan=554] Channel closed
2026-07-25 21:55:49,690 - asyncssh - INFO - [conn=0, chan=555] Requesting new SSH session
2026-07-25 21:55:49,691 - asyncssh - INFO - [conn=0, chan=555]   Command: kubectl describe pod my-pod -n default | grep -A 5 'Limits:'
2026-07-25 21:55:49,694 - asyncssh - INFO - [conn=0, chan=553] Received exit status 0
2026-07-25 21:55:49,695 - asyncssh - INFO - [conn=0, chan=553] Received channel close
2026-07-25 21:55:49,695 - asyncssh - INFO - [conn=0, chan=553] Channel closed
2026-07-25 21:55:49,696 - asyncssh - INFO - [conn=0, chan=556] Requesting new SSH session
2026-07-25 21:55:49,696 - asyncssh - INFO - [conn=0, chan=556]   Command: kubectl top pod log-generator -n default --no-headers
2026-07-25 21:55:49,753 - asyncssh - INFO - [conn=0, chan=556] Received exit status 0
2026-07-25 21:55:49,753 - asyncssh - INFO - [conn=0, chan=556] Received channel close
2026-07-25 21:55:49,753 - asyncssh - INFO - [conn=0, chan=556] Channel closed
2026-07-25 21:55:49,754 - asyncssh - INFO - [conn=0, chan=557] Requesting new SSH session
2026-07-25 21:55:49,755 - asyncssh - INFO - [conn=0, chan=557]   Command: kubectl describe pod log-generator -n default | grep -A 5 'Limits:'
2026-07-25 21:55:49,759 - asyncssh - INFO - [conn=0, chan=555] Received exit status 1
2026-07-25 21:55:49,759 - asyncssh - INFO - [conn=0, chan=555] Received channel close
2026-07-25 21:55:49,760 - asyncssh - INFO - [conn=0, chan=555] Channel closed
2026-07-25 21:55:49,818 - asyncssh - INFO - [conn=0, chan=557] Received exit status 0
2026-07-25 21:55:49,819 - asyncssh - INFO - [conn=0, chan=557] Received channel close
2026-07-25 21:55:49,819 - asyncssh - INFO - [conn=0, chan=557] Channel closed
2026-07-25 21:55:50,082 - asyncssh - INFO - [conn=0, chan=324] Requesting new SSH session
2026-07-25 21:55:50,083 - asyncssh - INFO - [conn=0, chan=324]   Command: kubectl logs log-generator -n default --tail=50
2026-07-25 21:55:50,084 - asyncssh - INFO - [conn=0, chan=325] Requesting new SSH session
2026-07-25 21:55:50,085 - asyncssh - INFO - [conn=0, chan=325]   Command: kubectl logs my-pod -n default --tail=50
2026-07-25 21:55:50,147 - asyncssh - INFO - [conn=0, chan=324] Received exit status 0
2026-07-25 21:55:50,147 - asyncssh - INFO - [conn=0, chan=324] Received channel close
2026-07-25 21:55:50,148 - asyncssh - INFO - [conn=0, chan=324] Channel closed
2026-07-25 21:55:50,148 - asyncssh - INFO - [conn=0, chan=326] Requesting new SSH session
2026-07-25 21:55:50,148 - asyncssh - INFO - [conn=0, chan=326]   Command: kubectl top pod log-generator -n default --no-headers
2026-07-25 21:55:50,150 - asyncssh - INFO - [conn=0, chan=325] Received exit status 0
2026-07-25 21:55:50,150 - asyncssh - INFO - [conn=0, chan=325] Received channel close
2026-07-25 21:55:50,150 - asyncssh - INFO - [conn=0, chan=325] Channel closed
2026-07-25 21:55:50,150 - asyncssh - INFO - [conn=0, chan=327] Requesting new SSH session
2026-07-25 21:55:50,151 - asyncssh - INFO - [conn=0, chan=327]   Command: kubectl top pod my-pod -n default --no-headers
2026-07-25 21:55:50,202 - asyncssh - INFO - [conn=0, chan=326] Received exit status 0
2026-07-25 21:55:50,202 - asyncssh - INFO - [conn=0, chan=326] Received channel close
2026-07-25 21:55:50,202 - asyncssh - INFO - [conn=0, chan=326] Channel closed
2026-07-25 21:55:50,202 - asyncssh - INFO - [conn=0, chan=328] Requesting new SSH session
2026-07-25 21:55:50,203 - asyncssh - INFO - [conn=0, chan=327] Received exit status 0
2026-07-25 21:55:50,203 - asyncssh - INFO - [conn=0, chan=327] Received channel close
2026-07-25 21:55:50,204 - asyncssh - INFO - [conn=0, chan=328]   Command: kubectl describe pod log-generator -n default | grep -A 5 'Limits:'
2026-07-25 21:55:50,204 - asyncssh - INFO - [conn=0, chan=327] Channel closed
2026-07-25 21:55:50,204 - asyncssh - INFO - [conn=0, chan=329] Requesting new SSH session
2026-07-25 21:55:50,205 - asyncssh - INFO - [conn=0, chan=329]   Command: kubectl describe pod my-pod -n default | grep -A 5 'Limits:'
2026-07-25 21:55:50,265 - asyncssh - INFO - [conn=0, chan=329] Received exit status 1
2026-07-25 21:55:50,265 - asyncssh - INFO - [conn=0, chan=329] Received channel close
2026-07-25 21:55:50,266 - asyncssh - INFO - [conn=0, chan=329] Channel closed
2026-07-25 21:55:50,266 - asyncssh - INFO - [conn=0, chan=328] Received exit status 0
2026-07-25 21:55:50,267 - asyncssh - INFO - [conn=0, chan=328] Received channel close
2026-07-25 21:55:50,267 - asyncssh - INFO - [conn=0, chan=328] Channel closed
2026-07-25 21:55:54,761 - asyncssh - INFO - [conn=0, chan=558] Requesting new SSH session
2026-07-25 21:55:54,764 - asyncssh - INFO - [conn=0, chan=558]   Command: kubectl logs my-pod -n default --tail=50
2026-07-25 21:55:54,820 - asyncssh - INFO - [conn=0, chan=559] Requesting new SSH session
2026-07-25 21:55:54,821 - asyncssh - INFO - [conn=0, chan=559]   Command: kubectl logs log-generator -n default --tail=50
2026-07-25 21:55:54,835 - asyncssh - INFO - [conn=0, chan=558] Received exit status 0
2026-07-25 21:55:54,835 - asyncssh - INFO - [conn=0, chan=558] Received channel close
2026-07-25 21:55:54,835 - asyncssh - INFO - [conn=0, chan=558] Channel closed
2026-07-25 21:55:54,836 - asyncssh - INFO - [conn=0, chan=560] Requesting new SSH session
2026-07-25 21:55:54,836 - asyncssh - INFO - [conn=0, chan=560]   Command: kubectl top pod my-pod -n default --no-headers
2026-07-25 21:55:54,895 - asyncssh - INFO - [conn=0, chan=560] Received exit status 0
2026-07-25 21:55:54,896 - asyncssh - INFO - [conn=0, chan=560] Received channel close
2026-07-25 21:55:54,897 - asyncssh - INFO - [conn=0, chan=560] Channel closed
2026-07-25 21:55:54,897 - asyncssh - INFO - [conn=0, chan=561] Requesting new SSH session
2026-07-25 21:55:54,898 - asyncssh - INFO - [conn=0, chan=561]   Command: kubectl describe pod my-pod -n default | grep -A 5 'Limits:'
2026-07-25 21:55:54,904 - asyncssh - INFO - [conn=0, chan=559] Received exit status 0
2026-07-25 21:55:54,905 - asyncssh - INFO - [conn=0, chan=559] Received channel close
2026-07-25 21:55:54,905 - asyncssh - INFO - [conn=0, chan=559] Channel closed
2026-07-25 21:55:54,906 - asyncssh - INFO - [conn=0, chan=562] Requesting new SSH session
2026-07-25 21:55:54,907 - asyncssh - INFO - [conn=0, chan=562]   Command: kubectl top pod log-generator -n default --no-headers
2026-07-25 21:55:54,966 - asyncssh - INFO - [conn=0, chan=561] Received exit status 1
2026-07-25 21:55:54,966 - asyncssh - INFO - [conn=0, chan=561] Received channel close
2026-07-25 21:55:54,967 - asyncssh - INFO - [conn=0, chan=561] Channel closed
2026-07-25 21:55:54,981 - asyncssh - INFO - [conn=0, chan=562] Received exit status 0
2026-07-25 21:55:54,981 - asyncssh - INFO - [conn=0, chan=562] Received channel close
2026-07-25 21:55:54,981 - asyncssh - INFO - [conn=0, chan=562] Channel closed
2026-07-25 21:55:54,981 - asyncssh - INFO - [conn=0, chan=563] Requesting new SSH session
2026-07-25 21:55:54,982 - asyncssh - INFO - [conn=0, chan=563]   Command: kubectl describe pod log-generator -n default | grep -A 5 'Limits:'
2026-07-25 21:55:55,049 - asyncssh - INFO - [conn=0, chan=563] Received exit status 0
2026-07-25 21:55:55,049 - asyncssh - INFO - [conn=0, chan=563] Received channel close
2026-07-25 21:55:55,050 - asyncssh - INFO - [conn=0, chan=563] Channel closed
2026-07-25 21:55:55,267 - asyncssh - INFO - [conn=0, chan=330] Requesting new SSH session
2026-07-25 21:55:55,268 - asyncssh - INFO - [conn=0, chan=331] Requesting new SSH session
2026-07-25 21:55:55,268 - asyncssh - INFO - [conn=0, chan=330]   Command: kubectl logs my-pod -n default --tail=50
2026-07-25 21:55:55,269 - asyncssh - INFO - [conn=0, chan=331]   Command: kubectl logs log-generator -n default --tail=50
2026-07-25 21:55:55,328 - asyncssh - INFO - [conn=0, chan=330] Received exit status 0
2026-07-25 21:55:55,328 - asyncssh - INFO - [conn=0, chan=330] Received channel close
2026-07-25 21:55:55,329 - asyncssh - INFO - [conn=0, chan=330] Channel closed
2026-07-25 21:55:55,329 - asyncssh - INFO - [conn=0, chan=332] Requesting new SSH session
2026-07-25 21:55:55,330 - asyncssh - INFO - [conn=0, chan=331] Received exit status 0
2026-07-25 21:55:55,330 - asyncssh - INFO - [conn=0, chan=331] Received channel close
2026-07-25 21:55:55,330 - asyncssh - INFO - [conn=0, chan=331] Channel closed
2026-07-25 21:55:55,331 - asyncssh - INFO - [conn=0, chan=333] Requesting new SSH session
2026-07-25 21:55:55,331 - asyncssh - INFO - [conn=0, chan=332]   Command: kubectl top pod my-pod -n default --no-headers
2026-07-25 21:55:55,331 - asyncssh - INFO - [conn=0, chan=333]   Command: kubectl top pod log-generator -n default --no-headers
2026-07-25 21:55:55,384 - asyncssh - INFO - [conn=0, chan=332] Received exit status 0
2026-07-25 21:55:55,384 - asyncssh - INFO - [conn=0, chan=333] Received exit status 0
2026-07-25 21:55:55,385 - asyncssh - INFO - [conn=0, chan=332] Received channel close
2026-07-25 21:55:55,385 - asyncssh - INFO - [conn=0, chan=332] Channel closed
2026-07-25 21:55:55,385 - asyncssh - INFO - [conn=0, chan=333] Received channel close
2026-07-25 21:55:55,386 - asyncssh - INFO - [conn=0, chan=334] Requesting new SSH session
2026-07-25 21:55:55,386 - asyncssh - INFO - [conn=0, chan=333] Channel closed
2026-07-25 21:55:55,386 - asyncssh - INFO - [conn=0, chan=335] Requesting new SSH session
2026-07-25 21:55:55,386 - asyncssh - INFO - [conn=0, chan=334]   Command: kubectl describe pod my-pod -n default | grep -A 5 'Limits:'
2026-07-25 21:55:55,387 - asyncssh - INFO - [conn=0, chan=335]   Command: kubectl describe pod log-generator -n default | grep -A 5 'Limits:'
2026-07-25 21:55:55,447 - asyncssh - INFO - [conn=0, chan=335] Received exit status 0
2026-07-25 21:55:55,447 - asyncssh - INFO - [conn=0, chan=335] Received channel close
2026-07-25 21:55:55,448 - asyncssh - INFO - [conn=0, chan=335] Channel closed
2026-07-25 21:55:55,448 - asyncssh - INFO - [conn=0, chan=334] Received exit status 1
2026-07-25 21:55:55,448 - asyncssh - INFO - [conn=0, chan=334] Received channel close
2026-07-25 21:55:55,448 - asyncssh - INFO - [conn=0, chan=334] Channel closed
2026-07-25 21:55:59,969 - asyncssh - INFO - [conn=0, chan=564] Requesting new SSH session
2026-07-25 21:55:59,970 - asyncssh - INFO - [conn=0, chan=564]   Command: kubectl logs my-pod -n default --tail=50
2026-07-25 21:56:00,033 - asyncssh - INFO - [conn=0, chan=564] Received exit status 0
2026-07-25 21:56:00,033 - asyncssh - INFO - [conn=0, chan=564] Received channel close
2026-07-25 21:56:00,034 - asyncssh - INFO - [conn=0, chan=564] Channel closed
2026-07-25 21:56:00,034 - asyncssh - INFO - [conn=0, chan=565] Requesting new SSH session
2026-07-25 21:56:00,035 - asyncssh - INFO - [conn=0, chan=565]   Command: kubectl top pod my-pod -n default --no-headers
2026-07-25 21:56:00,051 - asyncssh - INFO - [conn=0, chan=566] Requesting new SSH session
2026-07-25 21:56:00,051 - asyncssh - INFO - [conn=0, chan=566]   Command: kubectl logs log-generator -n default --tail=50
2026-07-25 21:56:00,103 - asyncssh - INFO - [conn=0, chan=565] Received exit status 0
2026-07-25 21:56:00,104 - asyncssh - INFO - [conn=0, chan=565] Received channel close
2026-07-25 21:56:00,105 - asyncssh - INFO - [conn=0, chan=565] Channel closed
2026-07-25 21:56:00,105 - asyncssh - INFO - [conn=0, chan=567] Requesting new SSH session
2026-07-25 21:56:00,106 - asyncssh - INFO - [conn=0, chan=567]   Command: kubectl describe pod my-pod -n default | grep -A 5 'Limits:'
2026-07-25 21:56:00,131 - asyncssh - INFO - [conn=0, chan=566] Received exit status 0
2026-07-25 21:56:00,131 - asyncssh - INFO - [conn=0, chan=566] Received channel close
2026-07-25 21:56:00,132 - asyncssh - INFO - [conn=0, chan=566] Channel closed
2026-07-25 21:56:00,132 - asyncssh - INFO - [conn=0, chan=568] Requesting new SSH session
2026-07-25 21:56:00,133 - asyncssh - INFO - [conn=0, chan=568]   Command: kubectl top pod log-generator -n default --no-headers
2026-07-25 21:56:00,184 - asyncssh - INFO - [conn=0, chan=567] Received exit status 1
2026-07-25 21:56:00,184 - asyncssh - INFO - [conn=0, chan=567] Received channel close
2026-07-25 21:56:00,184 - asyncssh - INFO - [conn=0, chan=567] Channel closed
2026-07-25 21:56:00,207 - asyncssh - INFO - [conn=0, chan=568] Received exit status 0
2026-07-25 21:56:00,207 - asyncssh - INFO - [conn=0, chan=568] Received channel close
2026-07-25 21:56:00,207 - asyncssh - INFO - [conn=0, chan=568] Channel closed
2026-07-25 21:56:00,207 - asyncssh - INFO - [conn=0, chan=569] Requesting new SSH session
2026-07-25 21:56:00,208 - asyncssh - INFO - [conn=0, chan=569]   Command: kubectl describe pod log-generator -n default | grep -A 5 'Limits:'
2026-07-25 21:56:00,271 - asyncssh - INFO - [conn=0, chan=569] Received exit status 0
2026-07-25 21:56:00,271 - asyncssh - INFO - [conn=0, chan=569] Received channel close
2026-07-25 21:56:00,272 - asyncssh - INFO - [conn=0, chan=569] Channel closed
2026-07-25 21:56:00,450 - asyncssh - INFO - [conn=0, chan=336] Requesting new SSH session
2026-07-25 21:56:00,451 - asyncssh - INFO - [conn=0, chan=337] Requesting new SSH session
2026-07-25 21:56:00,451 - asyncssh - INFO - [conn=0, chan=336]   Command: kubectl logs log-generator -n default --tail=50
2026-07-25 21:56:00,451 - asyncssh - INFO - [conn=0, chan=337]   Command: kubectl logs my-pod -n default --tail=50
2026-07-25 21:56:00,513 - asyncssh - INFO - [conn=0, chan=337] Received exit status 0
2026-07-25 21:56:00,513 - asyncssh - INFO - [conn=0, chan=337] Received channel close
2026-07-25 21:56:00,514 - asyncssh - INFO - [conn=0, chan=337] Channel closed
2026-07-25 21:56:00,514 - asyncssh - INFO - [conn=0, chan=336] Received exit status 0
2026-07-25 21:56:00,514 - asyncssh - INFO - [conn=0, chan=336] Received channel close
2026-07-25 21:56:00,515 - asyncssh - INFO - [conn=0, chan=338] Requesting new SSH session
2026-07-25 21:56:00,515 - asyncssh - INFO - [conn=0, chan=336] Channel closed
2026-07-25 21:56:00,516 - asyncssh - INFO - [conn=0, chan=339] Requesting new SSH session
2026-07-25 21:56:00,516 - asyncssh - INFO - [conn=0, chan=338]   Command: kubectl top pod my-pod -n default --no-headers
2026-07-25 21:56:00,516 - asyncssh - INFO - [conn=0, chan=339]   Command: kubectl top pod log-generator -n default --no-headers
2026-07-25 21:56:00,569 - asyncssh - INFO - [conn=0, chan=338] Received exit status 0
2026-07-25 21:56:00,569 - asyncssh - INFO - [conn=0, chan=338] Received channel close
2026-07-25 21:56:00,569 - asyncssh - INFO - [conn=0, chan=338] Channel closed
2026-07-25 21:56:00,570 - asyncssh - INFO - [conn=0, chan=340] Requesting new SSH session
2026-07-25 21:56:00,570 - asyncssh - INFO - [conn=0, chan=340]   Command: kubectl describe pod my-pod -n default | grep -A 5 'Limits:'
2026-07-25 21:56:00,571 - asyncssh - INFO - [conn=0, chan=339] Received exit status 0
2026-07-25 21:56:00,571 - asyncssh - INFO - [conn=0, chan=339] Received channel close
2026-07-25 21:56:00,571 - asyncssh - INFO - [conn=0, chan=339] Channel closed
2026-07-25 21:56:00,572 - asyncssh - INFO - [conn=0, chan=341] Requesting new SSH session
2026-07-25 21:56:00,572 - asyncssh - INFO - [conn=0, chan=341]   Command: kubectl describe pod log-generator -n default | grep -A 5 'Limits:'
2026-07-25 21:56:00,630 - asyncssh - INFO - [conn=0, chan=340] Received exit status 1
2026-07-25 21:56:00,631 - asyncssh - INFO - [conn=0, chan=341] Received exit status 0
2026-07-25 21:56:00,631 - asyncssh - INFO - [conn=0, chan=341] Received channel close
2026-07-25 21:56:00,631 - asyncssh - INFO - [conn=0, chan=341] Channel closed
2026-07-25 21:56:00,632 - asyncssh - INFO - [conn=0, chan=340] Received channel close
2026-07-25 21:56:00,632 - asyncssh - INFO - [conn=0, chan=340] Channel closed
2026-07-25 21:56:05,186 - asyncssh - INFO - [conn=0, chan=570] Requesting new SSH session
2026-07-25 21:56:05,188 - asyncssh - INFO - [conn=0, chan=570]   Command: kubectl logs my-pod -n default --tail=50
2026-07-25 21:56:05,257 - asyncssh - INFO - [conn=0, chan=570] Received exit status 0
2026-07-25 21:56:05,257 - asyncssh - INFO - [conn=0, chan=570] Received channel close
2026-07-25 21:56:05,258 - asyncssh - INFO - [conn=0, chan=570] Channel closed
2026-07-25 21:56:05,258 - asyncssh - INFO - [conn=0, chan=571] Requesting new SSH session
2026-07-25 21:56:05,258 - asyncssh - INFO - [conn=0, chan=571]   Command: kubectl top pod my-pod -n default --no-headers
2026-07-25 21:56:05,274 - asyncssh - INFO - [conn=0, chan=572] Requesting new SSH session
2026-07-25 21:56:05,275 - asyncssh - INFO - [conn=0, chan=572]   Command: kubectl logs log-generator -n default --tail=50
2026-07-25 21:56:05,319 - asyncssh - INFO - [conn=0, chan=571] Received exit status 0
2026-07-25 21:56:05,319 - asyncssh - INFO - [conn=0, chan=571] Received channel close
2026-07-25 21:56:05,320 - asyncssh - INFO - [conn=0, chan=571] Channel closed
2026-07-25 21:56:05,320 - asyncssh - INFO - [conn=0, chan=573] Requesting new SSH session
2026-07-25 21:56:05,321 - asyncssh - INFO - [conn=0, chan=573]   Command: kubectl describe pod my-pod -n default | grep -A 5 'Limits:'
2026-07-25 21:56:05,351 - asyncssh - INFO - [conn=0, chan=572] Received exit status 0
2026-07-25 21:56:05,351 - asyncssh - INFO - [conn=0, chan=572] Received channel close
2026-07-25 21:56:05,352 - asyncssh - INFO - [conn=0, chan=572] Channel closed
2026-07-25 21:56:05,352 - asyncssh - INFO - [conn=0, chan=574] Requesting new SSH session
2026-07-25 21:56:05,353 - asyncssh - INFO - [conn=0, chan=574]   Command: kubectl top pod log-generator -n default --no-headers
2026-07-25 21:56:05,396 - asyncssh - INFO - [conn=0, chan=573] Received exit status 1
2026-07-25 21:56:05,396 - asyncssh - INFO - [conn=0, chan=573] Received channel close
2026-07-25 21:56:05,396 - asyncssh - INFO - [conn=0, chan=573] Channel closed
2026-07-25 21:56:05,423 - asyncssh - INFO - [conn=0, chan=574] Received exit status 0
2026-07-25 21:56:05,423 - asyncssh - INFO - [conn=0, chan=574] Received channel close
2026-07-25 21:56:05,424 - asyncssh - INFO - [conn=0, chan=574] Channel closed
2026-07-25 21:56:05,424 - asyncssh - INFO - [conn=0, chan=575] Requesting new SSH session
2026-07-25 21:56:05,425 - asyncssh - INFO - [conn=0, chan=575]   Command: kubectl describe pod log-generator -n default | grep -A 5 'Limits:'
2026-07-25 21:56:05,521 - asyncssh - INFO - [conn=0, chan=575] Received exit status 0
2026-07-25 21:56:05,521 - asyncssh - INFO - [conn=0, chan=575] Received channel close
2026-07-25 21:56:05,522 - asyncssh - INFO - [conn=0, chan=575] Channel closed
2026-07-25 21:56:05,633 - asyncssh - INFO - [conn=0, chan=342] Requesting new SSH session
2026-07-25 21:56:05,634 - asyncssh - INFO - [conn=0, chan=343] Requesting new SSH session
2026-07-25 21:56:05,634 - asyncssh - INFO - [conn=0, chan=342]   Command: kubectl logs log-generator -n default --tail=50
2026-07-25 21:56:05,635 - asyncssh - INFO - [conn=0, chan=343]   Command: kubectl logs my-pod -n default --tail=50
2026-07-25 21:56:05,695 - asyncssh - INFO - [conn=0, chan=342] Received exit status 0
2026-07-25 21:56:05,695 - asyncssh - INFO - [conn=0, chan=342] Received channel close
2026-07-25 21:56:05,695 - asyncssh - INFO - [conn=0, chan=342] Channel closed
2026-07-25 21:56:05,696 - asyncssh - INFO - [conn=0, chan=344] Requesting new SSH session
2026-07-25 21:56:05,697 - asyncssh - INFO - [conn=0, chan=343] Received exit status 0
2026-07-25 21:56:05,697 - asyncssh - INFO - [conn=0, chan=343] Received channel close
2026-07-25 21:56:05,697 - asyncssh - INFO - [conn=0, chan=343] Channel closed
2026-07-25 21:56:05,697 - asyncssh - INFO - [conn=0, chan=344]   Command: kubectl top pod log-generator -n default --no-headers
2026-07-25 21:56:05,698 - asyncssh - INFO - [conn=0, chan=345] Requesting new SSH session
2026-07-25 21:56:05,698 - asyncssh - INFO - [conn=0, chan=345]   Command: kubectl top pod my-pod -n default --no-headers
2026-07-25 21:56:05,750 - asyncssh - INFO - [conn=0, chan=344] Received exit status 0
2026-07-25 21:56:05,750 - asyncssh - INFO - [conn=0, chan=344] Received channel close
2026-07-25 21:56:05,750 - asyncssh - INFO - [conn=0, chan=344] Channel closed
2026-07-25 21:56:05,751 - asyncssh - INFO - [conn=0, chan=346] Requesting new SSH session
2026-07-25 21:56:05,751 - asyncssh - INFO - [conn=0, chan=345] Received exit status 0
2026-07-25 21:56:05,752 - asyncssh - INFO - [conn=0, chan=345] Received channel close
2026-07-25 21:56:05,752 - asyncssh - INFO - [conn=0, chan=345] Channel closed
2026-07-25 21:56:05,752 - asyncssh - INFO - [conn=0, chan=346]   Command: kubectl describe pod log-generator -n default | grep -A 5 'Limits:'
2026-07-25 21:56:05,753 - asyncssh - INFO - [conn=0, chan=347] Requesting new SSH session
2026-07-25 21:56:05,754 - asyncssh - INFO - [conn=0, chan=347]   Command: kubectl describe pod my-pod -n default | grep -A 5 'Limits:'
2026-07-25 21:56:05,813 - asyncssh - INFO - [conn=0, chan=347] Received exit status 1
2026-07-25 21:56:05,813 - asyncssh - INFO - [conn=0, chan=347] Received channel close
2026-07-25 21:56:05,814 - asyncssh - INFO - [conn=0, chan=347] Channel closed
2026-07-25 21:56:05,815 - asyncssh - INFO - [conn=0, chan=346] Received exit status 0
2026-07-25 21:56:05,815 - asyncssh - INFO - [conn=0, chan=346] Received channel close
2026-07-25 21:56:05,815 - asyncssh - INFO - [conn=0, chan=346] Channel closed
2026-07-25 21:56:10,398 - asyncssh - INFO - [conn=0, chan=576] Requesting new SSH session
2026-07-25 21:56:10,399 - asyncssh - INFO - [conn=0, chan=576]   Command: kubectl logs my-pod -n default --tail=50
2026-07-25 21:56:10,460 - asyncssh - INFO - [conn=0, chan=576] Received exit status 0
2026-07-25 21:56:10,460 - asyncssh - INFO - [conn=0, chan=576] Received channel close
2026-07-25 21:56:10,460 - asyncssh - INFO - [conn=0, chan=576] Channel closed
2026-07-25 21:56:10,461 - asyncssh - INFO - [conn=0, chan=577] Requesting new SSH session
2026-07-25 21:56:10,461 - asyncssh - INFO - [conn=0, chan=577]   Command: kubectl top pod my-pod -n default --no-headers
2026-07-25 21:56:10,518 - asyncssh - INFO - [conn=0, chan=577] Received exit status 0
2026-07-25 21:56:10,518 - asyncssh - INFO - [conn=0, chan=577] Received channel close
2026-07-25 21:56:10,519 - asyncssh - INFO - [conn=0, chan=577] Channel closed
2026-07-25 21:56:10,519 - asyncssh - INFO - [conn=0, chan=578] Requesting new SSH session
2026-07-25 21:56:10,519 - asyncssh - INFO - [conn=0, chan=578]   Command: kubectl describe pod my-pod -n default | grep -A 5 'Limits:'
2026-07-25 21:56:10,523 - asyncssh - INFO - [conn=0, chan=579] Requesting new SSH session
2026-07-25 21:56:10,524 - asyncssh - INFO - [conn=0, chan=579]   Command: kubectl logs log-generator -n default --tail=50
2026-07-25 21:56:10,589 - asyncssh - INFO - [conn=0, chan=578] Received exit status 1
2026-07-25 21:56:10,589 - asyncssh - INFO - [conn=0, chan=578] Received channel close
2026-07-25 21:56:10,589 - asyncssh - INFO - [conn=0, chan=578] Channel closed
2026-07-25 21:56:10,595 - asyncssh - INFO - [conn=0, chan=579] Received exit status 0
2026-07-25 21:56:10,595 - asyncssh - INFO - [conn=0, chan=579] Received channel close
2026-07-25 21:56:10,595 - asyncssh - INFO - [conn=0, chan=579] Channel closed
2026-07-25 21:56:10,596 - asyncssh - INFO - [conn=0, chan=580] Requesting new SSH session
2026-07-25 21:56:10,596 - asyncssh - INFO - [conn=0, chan=580]   Command: kubectl top pod log-generator -n default --no-headers
2026-07-25 21:56:10,658 - asyncssh - INFO - [conn=0, chan=580] Received exit status 0
2026-07-25 21:56:10,658 - asyncssh - INFO - [conn=0, chan=580] Received channel close
2026-07-25 21:56:10,658 - asyncssh - INFO - [conn=0, chan=580] Channel closed
2026-07-25 21:56:10,659 - asyncssh - INFO - [conn=0, chan=581] Requesting new SSH session
2026-07-25 21:56:10,659 - asyncssh - INFO - [conn=0, chan=581]   Command: kubectl describe pod log-generator -n default | grep -A 5 'Limits:'
2026-07-25 21:56:10,723 - asyncssh - INFO - [conn=0, chan=581] Received exit status 0
2026-07-25 21:56:10,724 - asyncssh - INFO - [conn=0, chan=581] Received channel close
2026-07-25 21:56:10,724 - asyncssh - INFO - [conn=0, chan=581] Channel closed
2026-07-25 21:56:10,814 - asyncssh - INFO - [conn=0, chan=348] Requesting new SSH session
2026-07-25 21:56:10,815 - asyncssh - INFO - [conn=0, chan=348]   Command: kubectl logs my-pod -n default --tail=50
2026-07-25 21:56:10,816 - asyncssh - INFO - [conn=0, chan=349] Requesting new SSH session
2026-07-25 21:56:10,817 - asyncssh - INFO - [conn=0, chan=349]   Command: kubectl logs log-generator -n default --tail=50
2026-07-25 21:56:10,884 - asyncssh - INFO - [conn=0, chan=348] Received exit status 0
2026-07-25 21:56:10,884 - asyncssh - INFO - [conn=0, chan=349] Received exit status 0
2026-07-25 21:56:10,884 - asyncssh - INFO - [conn=0, chan=348] Received channel close
2026-07-25 21:56:10,884 - asyncssh - INFO - [conn=0, chan=349] Received channel close
2026-07-25 21:56:10,884 - asyncssh - INFO - [conn=0, chan=348] Channel closed
2026-07-25 21:56:10,885 - asyncssh - INFO - [conn=0, chan=349] Channel closed
2026-07-25 21:56:10,885 - asyncssh - INFO - [conn=0, chan=350] Requesting new SSH session
2026-07-25 21:56:10,885 - asyncssh - INFO - [conn=0, chan=351] Requesting new SSH session
2026-07-25 21:56:10,887 - asyncssh - INFO - [conn=0, chan=350]   Command: kubectl top pod my-pod -n default --no-headers
2026-07-25 21:56:10,887 - asyncssh - INFO - [conn=0, chan=351]   Command: kubectl top pod log-generator -n default --no-headers
2026-07-25 21:56:10,939 - asyncssh - INFO - [conn=0, chan=350] Received exit status 0
2026-07-25 21:56:10,940 - asyncssh - INFO - [conn=0, chan=350] Received channel close
2026-07-25 21:56:10,940 - asyncssh - INFO - [conn=0, chan=350] Channel closed
2026-07-25 21:56:10,940 - asyncssh - INFO - [conn=0, chan=352] Requesting new SSH session
2026-07-25 21:56:10,941 - asyncssh - INFO - [conn=0, chan=352]   Command: kubectl describe pod my-pod -n default | grep -A 5 'Limits:'
2026-07-25 21:56:10,941 - asyncssh - INFO - [conn=0, chan=351] Received exit status 0
2026-07-25 21:56:10,941 - asyncssh - INFO - [conn=0, chan=351] Received channel close
2026-07-25 21:56:10,941 - asyncssh - INFO - [conn=0, chan=351] Channel closed
2026-07-25 21:56:10,941 - asyncssh - INFO - [conn=0, chan=353] Requesting new SSH session
2026-07-25 21:56:10,942 - asyncssh - INFO - [conn=0, chan=353]   Command: kubectl describe pod log-generator -n default | grep -A 5 'Limits:'
2026-07-25 21:56:11,001 - asyncssh - INFO - [conn=0, chan=352] Received exit status 1
2026-07-25 21:56:11,001 - asyncssh - INFO - [conn=0, chan=352] Received channel close
2026-07-25 21:56:11,002 - asyncssh - INFO - [conn=0, chan=352] Channel closed
2026-07-25 21:56:11,002 - asyncssh - INFO - [conn=0, chan=353] Received exit status 0
2026-07-25 21:56:11,003 - asyncssh - INFO - [conn=0, chan=353] Received channel close
2026-07-25 21:56:11,003 - asyncssh - INFO - [conn=0, chan=353] Channel closed
2026-07-25 21:56:15,591 - asyncssh - INFO - [conn=0, chan=582] Requesting new SSH session
2026-07-25 21:56:15,592 - asyncssh - INFO - [conn=0, chan=582]   Command: kubectl logs my-pod -n default --tail=50
2026-07-25 21:56:15,665 - asyncssh - INFO - [conn=0, chan=582] Received exit status 0
2026-07-25 21:56:15,666 - asyncssh - INFO - [conn=0, chan=582] Received channel close
2026-07-25 21:56:15,666 - asyncssh - INFO - [conn=0, chan=582] Channel closed
2026-07-25 21:56:15,667 - asyncssh - INFO - [conn=0, chan=583] Requesting new SSH session
2026-07-25 21:56:15,667 - asyncssh - INFO - [conn=0, chan=583]   Command: kubectl top pod my-pod -n default --no-headers
2026-07-25 21:56:15,720 - asyncssh - INFO - [conn=0, chan=583] Received exit status 0
2026-07-25 21:56:15,720 - asyncssh - INFO - [conn=0, chan=583] Received channel close
2026-07-25 21:56:15,721 - asyncssh - INFO - [conn=0, chan=583] Channel closed
2026-07-25 21:56:15,721 - asyncssh - INFO - [conn=0, chan=584] Requesting new SSH session
2026-07-25 21:56:15,721 - asyncssh - INFO - [conn=0, chan=584]   Command: kubectl describe pod my-pod -n default | grep -A 5 'Limits:'
2026-07-25 21:56:15,725 - asyncssh - INFO - [conn=0, chan=585] Requesting new SSH session
2026-07-25 21:56:15,726 - asyncssh - INFO - [conn=0, chan=585]   Command: kubectl logs log-generator -n default --tail=50
2026-07-25 21:56:15,797 - asyncssh - INFO - [conn=0, chan=584] Received exit status 1
2026-07-25 21:56:15,797 - asyncssh - INFO - [conn=0, chan=584] Received channel close
2026-07-25 21:56:15,798 - asyncssh - INFO - [conn=0, chan=584] Channel closed
2026-07-25 21:56:15,803 - asyncssh - INFO - [conn=0, chan=585] Received exit status 0
2026-07-25 21:56:15,803 - asyncssh - INFO - [conn=0, chan=585] Received channel close
2026-07-25 21:56:15,804 - asyncssh - INFO - [conn=0, chan=585] Channel closed
2026-07-25 21:56:15,804 - asyncssh - INFO - [conn=0, chan=586] Requesting new SSH session
2026-07-25 21:56:15,805 - asyncssh - INFO - [conn=0, chan=586]   Command: kubectl top pod log-generator -n default --no-headers
2026-07-25 21:56:15,884 - asyncssh - INFO - [conn=0, chan=586] Received exit status 0
2026-07-25 21:56:15,884 - asyncssh - INFO - [conn=0, chan=586] Received channel close
2026-07-25 21:56:15,886 - asyncssh - INFO - [conn=0, chan=586] Channel closed
2026-07-25 21:56:15,886 - asyncssh - INFO - [conn=0, chan=587] Requesting new SSH session
2026-07-25 21:56:15,887 - asyncssh - INFO - [conn=0, chan=587]   Command: kubectl describe pod log-generator -n default | grep -A 5 'Limits:'
2026-07-25 21:56:15,949 - asyncssh - INFO - [conn=0, chan=587] Received exit status 0
2026-07-25 21:56:15,949 - asyncssh - INFO - [conn=0, chan=587] Received channel close
2026-07-25 21:56:15,949 - asyncssh - INFO - [conn=0, chan=587] Channel closed
2026-07-25 21:56:16,003 - asyncssh - INFO - [conn=0, chan=354] Requesting new SSH session
2026-07-25 21:56:16,003 - asyncssh - INFO - [conn=0, chan=355] Requesting new SSH session
2026-07-25 21:56:16,004 - asyncssh - INFO - [conn=0, chan=354]   Command: kubectl logs my-pod -n default --tail=50
2026-07-25 21:56:16,005 - asyncssh - INFO - [conn=0, chan=355]   Command: kubectl logs log-generator -n default --tail=50
2026-07-25 21:56:16,064 - asyncssh - INFO - [conn=0, chan=355] Received exit status 0
2026-07-25 21:56:16,065 - asyncssh - INFO - [conn=0, chan=355] Received channel close
2026-07-25 21:56:16,065 - asyncssh - INFO - [conn=0, chan=355] Channel closed
2026-07-25 21:56:16,065 - asyncssh - INFO - [conn=0, chan=356] Requesting new SSH session
2026-07-25 21:56:16,066 - asyncssh - INFO - [conn=0, chan=356]   Command: kubectl top pod log-generator -n default --no-headers
2026-07-25 21:56:16,067 - asyncssh - INFO - [conn=0, chan=354] Received exit status 0
2026-07-25 21:56:16,068 - asyncssh - INFO - [conn=0, chan=354] Received channel close
2026-07-25 21:56:16,068 - asyncssh - INFO - [conn=0, chan=354] Channel closed
2026-07-25 21:56:16,068 - asyncssh - INFO - [conn=0, chan=357] Requesting new SSH session
2026-07-25 21:56:16,068 - asyncssh - INFO - [conn=0, chan=357]   Command: kubectl top pod my-pod -n default --no-headers
2026-07-25 21:56:16,120 - asyncssh - INFO - [conn=0, chan=356] Received exit status 0
2026-07-25 21:56:16,120 - asyncssh - INFO - [conn=0, chan=356] Received channel close
2026-07-25 21:56:16,120 - asyncssh - INFO - [conn=0, chan=356] Channel closed
2026-07-25 21:56:16,121 - asyncssh - INFO - [conn=0, chan=358] Requesting new SSH session
2026-07-25 21:56:16,121 - asyncssh - INFO - [conn=0, chan=358]   Command: kubectl describe pod log-generator -n default | grep -A 5 'Limits:'
2026-07-25 21:56:16,122 - asyncssh - INFO - [conn=0, chan=357] Received exit status 0
2026-07-25 21:56:16,122 - asyncssh - INFO - [conn=0, chan=357] Received channel close
2026-07-25 21:56:16,123 - asyncssh - INFO - [conn=0, chan=357] Channel closed
2026-07-25 21:56:16,123 - asyncssh - INFO - [conn=0, chan=359] Requesting new SSH session
2026-07-25 21:56:16,123 - asyncssh - INFO - [conn=0, chan=359]   Command: kubectl describe pod my-pod -n default | grep -A 5 'Limits:'
2026-07-25 21:56:16,182 - asyncssh - INFO - [conn=0, chan=359] Received exit status 1
2026-07-25 21:56:16,182 - asyncssh - INFO - [conn=0, chan=359] Received channel close
2026-07-25 21:56:16,183 - asyncssh - INFO - [conn=0, chan=359] Channel closed
2026-07-25 21:56:16,186 - asyncssh - INFO - [conn=0, chan=358] Received exit status 0
2026-07-25 21:56:16,186 - asyncssh - INFO - [conn=0, chan=358] Received channel close
2026-07-25 21:56:16,187 - asyncssh - INFO - [conn=0, chan=358] Channel closed
2026-07-25 21:56:20,800 - asyncssh - INFO - [conn=0, chan=588] Requesting new SSH session
2026-07-25 21:56:20,801 - asyncssh - INFO - [conn=0, chan=588]   Command: kubectl logs my-pod -n default --tail=50
2026-07-25 21:56:20,863 - asyncssh - INFO - [conn=0, chan=588] Received exit status 0
2026-07-25 21:56:20,864 - asyncssh - INFO - [conn=0, chan=588] Received channel close
2026-07-25 21:56:20,864 - asyncssh - INFO - [conn=0, chan=588] Channel closed
2026-07-25 21:56:20,865 - asyncssh - INFO - [conn=0, chan=589] Requesting new SSH session
2026-07-25 21:56:20,865 - asyncssh - INFO - [conn=0, chan=589]   Command: kubectl top pod my-pod -n default --no-headers
2026-07-25 21:56:20,925 - asyncssh - INFO - [conn=0, chan=589] Received exit status 0
2026-07-25 21:56:20,925 - asyncssh - INFO - [conn=0, chan=589] Received channel close
2026-07-25 21:56:20,926 - asyncssh - INFO - [conn=0, chan=589] Channel closed
2026-07-25 21:56:20,927 - asyncssh - INFO - [conn=0, chan=590] Requesting new SSH session
2026-07-25 21:56:20,927 - asyncssh - INFO - [conn=0, chan=590]   Command: kubectl describe pod my-pod -n default | grep -A 5 'Limits:'
2026-07-25 21:56:20,950 - asyncssh - INFO - [conn=0, chan=591] Requesting new SSH session
2026-07-25 21:56:20,951 - asyncssh - INFO - [conn=0, chan=591]   Command: kubectl logs log-generator -n default --tail=50
2026-07-25 21:56:20,998 - asyncssh - INFO - [conn=0, chan=590] Received exit status 1
2026-07-25 21:56:20,998 - asyncssh - INFO - [conn=0, chan=590] Received channel close
2026-07-25 21:56:20,999 - asyncssh - INFO - [conn=0, chan=590] Channel closed
2026-07-25 21:56:21,030 - asyncssh - INFO - [conn=0, chan=591] Received exit status 0
2026-07-25 21:56:21,030 - asyncssh - INFO - [conn=0, chan=591] Received channel close
2026-07-25 21:56:21,030 - asyncssh - INFO - [conn=0, chan=591] Channel closed
2026-07-25 21:56:21,031 - asyncssh - INFO - [conn=0, chan=592] Requesting new SSH session
2026-07-25 21:56:21,032 - asyncssh - INFO - [conn=0, chan=592]   Command: kubectl top pod log-generator -n default --no-headers
2026-07-25 21:56:21,091 - asyncssh - INFO - [conn=0, chan=592] Received exit status 0
2026-07-25 21:56:21,092 - asyncssh - INFO - [conn=0, chan=592] Received channel close
2026-07-25 21:56:21,092 - asyncssh - INFO - [conn=0, chan=592] Channel closed
2026-07-25 21:56:21,093 - asyncssh - INFO - [conn=0, chan=593] Requesting new SSH session
2026-07-25 21:56:21,093 - asyncssh - INFO - [conn=0, chan=593]   Command: kubectl describe pod log-generator -n default | grep -A 5 'Limits:'
2026-07-25 21:56:21,162 - asyncssh - INFO - [conn=0, chan=593] Received exit status 0
2026-07-25 21:56:21,162 - asyncssh - INFO - [conn=0, chan=593] Received channel close
2026-07-25 21:56:21,163 - asyncssh - INFO - [conn=0, chan=593] Channel closed
2026-07-25 21:56:21,184 - asyncssh - INFO - [conn=0, chan=360] Requesting new SSH session
2026-07-25 21:56:21,185 - asyncssh - INFO - [conn=0, chan=360]   Command: kubectl logs my-pod -n default --tail=50
2026-07-25 21:56:21,188 - asyncssh - INFO - [conn=0, chan=361] Requesting new SSH session
2026-07-25 21:56:21,189 - asyncssh - INFO - [conn=0, chan=361]   Command: kubectl logs log-generator -n default --tail=50
2026-07-25 21:56:21,249 - asyncssh - INFO - [conn=0, chan=360] Received exit status 0
2026-07-25 21:56:21,249 - asyncssh - INFO - [conn=0, chan=360] Received channel close
2026-07-25 21:56:21,250 - asyncssh - INFO - [conn=0, chan=360] Channel closed
2026-07-25 21:56:21,250 - asyncssh - INFO - [conn=0, chan=362] Requesting new SSH session
2026-07-25 21:56:21,251 - asyncssh - INFO - [conn=0, chan=362]   Command: kubectl top pod my-pod -n default --no-headers
2026-07-25 21:56:21,254 - asyncssh - INFO - [conn=0, chan=361] Received exit status 0
2026-07-25 21:56:21,255 - asyncssh - INFO - [conn=0, chan=361] Received channel close
2026-07-25 21:56:21,255 - asyncssh - INFO - [conn=0, chan=361] Channel closed
2026-07-25 21:56:21,255 - asyncssh - INFO - [conn=0, chan=363] Requesting new SSH session
2026-07-25 21:56:21,256 - asyncssh - INFO - [conn=0, chan=363]   Command: kubectl top pod log-generator -n default --no-headers
2026-07-25 21:56:21,304 - asyncssh - INFO - [conn=0, chan=362] Received exit status 0
2026-07-25 21:56:21,304 - asyncssh - INFO - [conn=0, chan=362] Received channel close
2026-07-25 21:56:21,305 - asyncssh - INFO - [conn=0, chan=362] Channel closed
2026-07-25 21:56:21,305 - asyncssh - INFO - [conn=0, chan=364] Requesting new SSH session
2026-07-25 21:56:21,305 - asyncssh - INFO - [conn=0, chan=364]   Command: kubectl describe pod my-pod -n default | grep -A 5 'Limits:'
2026-07-25 21:56:21,310 - asyncssh - INFO - [conn=0, chan=363] Received exit status 0
2026-07-25 21:56:21,310 - asyncssh - INFO - [conn=0, chan=363] Received channel close
2026-07-25 21:56:21,310 - asyncssh - INFO - [conn=0, chan=363] Channel closed
2026-07-25 21:56:21,310 - asyncssh - INFO - [conn=0, chan=365] Requesting new SSH session
2026-07-25 21:56:21,311 - asyncssh - INFO - [conn=0, chan=365]   Command: kubectl describe pod log-generator -n default | grep -A 5 'Limits:'
2026-07-25 21:56:21,366 - asyncssh - INFO - [conn=0, chan=364] Received exit status 1
2026-07-25 21:56:21,366 - asyncssh - INFO - [conn=0, chan=364] Received channel close
2026-07-25 21:56:21,366 - asyncssh - INFO - [conn=0, chan=364] Channel closed
2026-07-25 21:56:21,372 - asyncssh - INFO - [conn=0, chan=365] Received exit status 0
2026-07-25 21:56:21,372 - asyncssh - INFO - [conn=0, chan=365] Received channel close
2026-07-25 21:56:21,372 - asyncssh - INFO - [conn=0, chan=365] Channel closed
2026-07-25 21:56:25,999 - asyncssh - INFO - [conn=0, chan=594] Requesting new SSH session
2026-07-25 21:56:26,000 - asyncssh - INFO - [conn=0, chan=594]   Command: kubectl logs my-pod -n default --tail=50
2026-07-25 21:56:26,061 - asyncssh - INFO - [conn=0, chan=594] Received exit status 0
2026-07-25 21:56:26,061 - asyncssh - INFO - [conn=0, chan=594] Received channel close
2026-07-25 21:56:26,062 - asyncssh - INFO - [conn=0, chan=594] Channel closed
2026-07-25 21:56:26,062 - asyncssh - INFO - [conn=0, chan=595] Requesting new SSH session
2026-07-25 21:56:26,063 - asyncssh - INFO - [conn=0, chan=595]   Command: kubectl top pod my-pod -n default --no-headers
2026-07-25 21:56:26,123 - asyncssh - INFO - [conn=0, chan=595] Received exit status 0
2026-07-25 21:56:26,123 - asyncssh - INFO - [conn=0, chan=595] Received channel close
2026-07-25 21:56:26,124 - asyncssh - INFO - [conn=0, chan=595] Channel closed
2026-07-25 21:56:26,124 - asyncssh - INFO - [conn=0, chan=596] Requesting new SSH session
2026-07-25 21:56:26,124 - asyncssh - INFO - [conn=0, chan=596]   Command: kubectl describe pod my-pod -n default | grep -A 5 'Limits:'
2026-07-25 21:56:26,164 - asyncssh - INFO - [conn=0, chan=597] Requesting new SSH session
2026-07-25 21:56:26,165 - asyncssh - INFO - [conn=0, chan=597]   Command: kubectl logs log-generator -n default --tail=50
2026-07-25 21:56:26,212 - asyncssh - INFO - [conn=0, chan=596] Received exit status 1
2026-07-25 21:56:26,212 - asyncssh - INFO - [conn=0, chan=596] Received channel close
2026-07-25 21:56:26,213 - asyncssh - INFO - [conn=0, chan=596] Channel closed
2026-07-25 21:56:26,257 - asyncssh - INFO - [conn=0, chan=597] Received exit status 0
2026-07-25 21:56:26,257 - asyncssh - INFO - [conn=0, chan=597] Received channel close
2026-07-25 21:56:26,258 - asyncssh - INFO - [conn=0, chan=597] Channel closed
2026-07-25 21:56:26,258 - asyncssh - INFO - [conn=0, chan=598] Requesting new SSH session
2026-07-25 21:56:26,259 - asyncssh - INFO - [conn=0, chan=598]   Command: kubectl top pod log-generator -n default --no-headers
2026-07-25 21:56:26,316 - asyncssh - INFO - [conn=0, chan=598] Received exit status 0
2026-07-25 21:56:26,316 - asyncssh - INFO - [conn=0, chan=598] Received channel close
2026-07-25 21:56:26,317 - asyncssh - INFO - [conn=0, chan=598] Channel closed
2026-07-25 21:56:26,317 - asyncssh - INFO - [conn=0, chan=599] Requesting new SSH session
2026-07-25 21:56:26,317 - asyncssh - INFO - [conn=0, chan=599]   Command: kubectl describe pod log-generator -n default | grep -A 5 'Limits:'
2026-07-25 21:56:26,368 - asyncssh - INFO - [conn=0, chan=366] Requesting new SSH session
2026-07-25 21:56:26,368 - asyncssh - INFO - [conn=0, chan=366]   Command: kubectl logs my-pod -n default --tail=50
2026-07-25 21:56:26,374 - asyncssh - INFO - [conn=0, chan=367] Requesting new SSH session
2026-07-25 21:56:26,375 - asyncssh - INFO - [conn=0, chan=367]   Command: kubectl logs log-generator -n default --tail=50
2026-07-25 21:56:26,390 - asyncssh - INFO - [conn=0, chan=599] Received exit status 0
2026-07-25 21:56:26,390 - asyncssh - INFO - [conn=0, chan=599] Received channel close
2026-07-25 21:56:26,391 - asyncssh - INFO - [conn=0, chan=599] Channel closed
2026-07-25 21:56:26,442 - asyncssh - INFO - [conn=0, chan=366] Received exit status 0
2026-07-25 21:56:26,442 - asyncssh - INFO - [conn=0, chan=366] Received channel close
2026-07-25 21:56:26,443 - asyncssh - INFO - [conn=0, chan=366] Channel closed
2026-07-25 21:56:26,443 - asyncssh - INFO - [conn=0, chan=368] Requesting new SSH session
2026-07-25 21:56:26,443 - asyncssh - INFO - [conn=0, chan=367] Received exit status 0
2026-07-25 21:56:26,444 - asyncssh - INFO - [conn=0, chan=367] Received channel close
2026-07-25 21:56:26,444 - asyncssh - INFO - [conn=0, chan=367] Channel closed
2026-07-25 21:56:26,444 - asyncssh - INFO - [conn=0, chan=369] Requesting new SSH session
2026-07-25 21:56:26,445 - asyncssh - INFO - [conn=0, chan=368]   Command: kubectl top pod my-pod -n default --no-headers
2026-07-25 21:56:26,445 - asyncssh - INFO - [conn=0, chan=369]   Command: kubectl top pod log-generator -n default --no-headers
2026-07-25 21:56:26,498 - asyncssh - INFO - [conn=0, chan=369] Received exit status 0
2026-07-25 21:56:26,498 - asyncssh - INFO - [conn=0, chan=369] Received channel close
2026-07-25 21:56:26,498 - asyncssh - INFO - [conn=0, chan=369] Channel closed
2026-07-25 21:56:26,499 - asyncssh - INFO - [conn=0, chan=370] Requesting new SSH session
2026-07-25 21:56:26,499 - asyncssh - INFO - [conn=0, chan=370]   Command: kubectl describe pod log-generator -n default | grep -A 5 'Limits:'
2026-07-25 21:56:26,501 - asyncssh - INFO - [conn=0, chan=368] Received exit status 0
2026-07-25 21:56:26,501 - asyncssh - INFO - [conn=0, chan=368] Received channel close
2026-07-25 21:56:26,501 - asyncssh - INFO - [conn=0, chan=368] Channel closed
2026-07-25 21:56:26,501 - asyncssh - INFO - [conn=0, chan=371] Requesting new SSH session
2026-07-25 21:56:26,501 - asyncssh - INFO - [conn=0, chan=371]   Command: kubectl describe pod my-pod -n default | grep -A 5 'Limits:'
2026-07-25 21:56:26,560 - asyncssh - INFO - [conn=0, chan=370] Received exit status 0
2026-07-25 21:56:26,560 - asyncssh - INFO - [conn=0, chan=370] Received channel close
2026-07-25 21:56:26,561 - asyncssh - INFO - [conn=0, chan=370] Channel closed
2026-07-25 21:56:26,562 - asyncssh - INFO - [conn=0, chan=371] Received exit status 1
2026-07-25 21:56:26,562 - asyncssh - INFO - [conn=0, chan=371] Received channel close
2026-07-25 21:56:26,562 - asyncssh - INFO - [conn=0, chan=371] Channel closed
2026-07-25 21:56:31,214 - asyncssh - INFO - [conn=0, chan=600] Requesting new SSH session
2026-07-25 21:56:31,215 - asyncssh - INFO - [conn=0, chan=600]   Command: kubectl logs my-pod -n default --tail=50
2026-07-25 21:56:31,279 - asyncssh - INFO - [conn=0, chan=600] Received exit status 0
2026-07-25 21:56:31,280 - asyncssh - INFO - [conn=0, chan=600] Received channel close
2026-07-25 21:56:31,280 - asyncssh - INFO - [conn=0, chan=600] Channel closed
2026-07-25 21:56:31,281 - asyncssh - INFO - [conn=0, chan=601] Requesting new SSH session
2026-07-25 21:56:31,281 - asyncssh - INFO - [conn=0, chan=601]   Command: kubectl top pod my-pod -n default --no-headers
2026-07-25 21:56:31,345 - asyncssh - INFO - [conn=0, chan=601] Received exit status 0
2026-07-25 21:56:31,346 - asyncssh - INFO - [conn=0, chan=601] Received channel close
2026-07-25 21:56:31,346 - asyncssh - INFO - [conn=0, chan=601] Channel closed
2026-07-25 21:56:31,346 - asyncssh - INFO - [conn=0, chan=602] Requesting new SSH session
2026-07-25 21:56:31,347 - asyncssh - INFO - [conn=0, chan=602]   Command: kubectl describe pod my-pod -n default | grep -A 5 'Limits:'
2026-07-25 21:56:31,393 - asyncssh - INFO - [conn=0, chan=603] Requesting new SSH session
2026-07-25 21:56:31,394 - asyncssh - INFO - [conn=0, chan=603]   Command: kubectl logs log-generator -n default --tail=50
2026-07-25 21:56:31,421 - asyncssh - INFO - [conn=0, chan=602] Received exit status 1
2026-07-25 21:56:31,421 - asyncssh - INFO - [conn=0, chan=602] Received channel close
2026-07-25 21:56:31,422 - asyncssh - INFO - [conn=0, chan=602] Channel closed
2026-07-25 21:56:31,470 - asyncssh - INFO - [conn=0, chan=603] Received exit status 0
2026-07-25 21:56:31,470 - asyncssh - INFO - [conn=0, chan=603] Received channel close
2026-07-25 21:56:31,470 - asyncssh - INFO - [conn=0, chan=603] Channel closed
2026-07-25 21:56:31,471 - asyncssh - INFO - [conn=0, chan=604] Requesting new SSH session
2026-07-25 21:56:31,471 - asyncssh - INFO - [conn=0, chan=604]   Command: kubectl top pod log-generator -n default --no-headers
2026-07-25 21:56:31,529 - asyncssh - INFO - [conn=0, chan=604] Received exit status 0
2026-07-25 21:56:31,529 - asyncssh - INFO - [conn=0, chan=604] Received channel close
2026-07-25 21:56:31,530 - asyncssh - INFO - [conn=0, chan=604] Channel closed
2026-07-25 21:56:31,530 - asyncssh - INFO - [conn=0, chan=605] Requesting new SSH session
2026-07-25 21:56:31,530 - asyncssh - INFO - [conn=0, chan=605]   Command: kubectl describe pod log-generator -n default | grep -A 5 'Limits:'
2026-07-25 21:56:31,562 - asyncssh - INFO - [conn=0, chan=372] Requesting new SSH session
2026-07-25 21:56:31,563 - asyncssh - INFO - [conn=0, chan=372]   Command: kubectl logs log-generator -n default --tail=50
2026-07-25 21:56:31,563 - asyncssh - INFO - [conn=0, chan=373] Requesting new SSH session
2026-07-25 21:56:31,564 - asyncssh - INFO - [conn=0, chan=373]   Command: kubectl logs my-pod -n default --tail=50
2026-07-25 21:56:31,599 - asyncssh - INFO - [conn=0, chan=605] Received exit status 0
2026-07-25 21:56:31,599 - asyncssh - INFO - [conn=0, chan=605] Received channel close
2026-07-25 21:56:31,599 - asyncssh - INFO - [conn=0, chan=605] Channel closed
2026-07-25 21:56:31,639 - asyncssh - INFO - [conn=0, chan=372] Received exit status 0
2026-07-25 21:56:31,639 - asyncssh - INFO - [conn=0, chan=372] Received channel close
2026-07-25 21:56:31,640 - asyncssh - INFO - [conn=0, chan=372] Channel closed
2026-07-25 21:56:31,640 - asyncssh - INFO - [conn=0, chan=374] Requesting new SSH session
2026-07-25 21:56:31,641 - asyncssh - INFO - [conn=0, chan=374]   Command: kubectl top pod log-generator -n default --no-headers
2026-07-25 21:56:31,646 - asyncssh - INFO - [conn=0, chan=373] Received exit status 0
2026-07-25 21:56:31,646 - asyncssh - INFO - [conn=0, chan=373] Received channel close
2026-07-25 21:56:31,647 - asyncssh - INFO - [conn=0, chan=373] Channel closed
2026-07-25 21:56:31,647 - asyncssh - INFO - [conn=0, chan=375] Requesting new SSH session
2026-07-25 21:56:31,647 - asyncssh - INFO - [conn=0, chan=375]   Command: kubectl top pod my-pod -n default --no-headers
2026-07-25 21:56:31,695 - asyncssh - INFO - [conn=0, chan=374] Received exit status 0
2026-07-25 21:56:31,696 - asyncssh - INFO - [conn=0, chan=374] Received channel close
2026-07-25 21:56:31,696 - asyncssh - INFO - [conn=0, chan=374] Channel closed
2026-07-25 21:56:31,696 - asyncssh - INFO - [conn=0, chan=376] Requesting new SSH session
2026-07-25 21:56:31,697 - asyncssh - INFO - [conn=0, chan=376]   Command: kubectl describe pod log-generator -n default | grep -A 5 'Limits:'
2026-07-25 21:56:31,699 - asyncssh - INFO - [conn=0, chan=375] Received exit status 0
2026-07-25 21:56:31,699 - asyncssh - INFO - [conn=0, chan=375] Received channel close
2026-07-25 21:56:31,700 - asyncssh - INFO - [conn=0, chan=375] Channel closed
2026-07-25 21:56:31,700 - asyncssh - INFO - [conn=0, chan=377] Requesting new SSH session
2026-07-25 21:56:31,700 - asyncssh - INFO - [conn=0, chan=377]   Command: kubectl describe pod my-pod -n default | grep -A 5 'Limits:'
2026-07-25 21:56:31,759 - asyncssh - INFO - [conn=0, chan=376] Received exit status 0
2026-07-25 21:56:31,760 - asyncssh - INFO - [conn=0, chan=376] Received channel close
2026-07-25 21:56:31,760 - asyncssh - INFO - [conn=0, chan=376] Channel closed
2026-07-25 21:56:31,763 - asyncssh - INFO - [conn=0, chan=377] Received exit status 1
2026-07-25 21:56:31,763 - asyncssh - INFO - [conn=0, chan=377] Received channel close
2026-07-25 21:56:31,763 - asyncssh - INFO - [conn=0, chan=377] Channel closed
2026-07-25 21:56:36,423 - asyncssh - INFO - [conn=0, chan=606] Requesting new SSH session
2026-07-25 21:56:36,424 - asyncssh - INFO - [conn=0, chan=606]   Command: kubectl logs my-pod -n default --tail=50
2026-07-25 21:56:36,492 - asyncssh - INFO - [conn=0, chan=606] Received exit status 0
2026-07-25 21:56:36,492 - asyncssh - INFO - [conn=0, chan=606] Received channel close
2026-07-25 21:56:36,493 - asyncssh - INFO - [conn=0, chan=606] Channel closed
2026-07-25 21:56:36,494 - asyncssh - INFO - [conn=0, chan=607] Requesting new SSH session
2026-07-25 21:56:36,494 - asyncssh - INFO - [conn=0, chan=607]   Command: kubectl top pod my-pod -n default --no-headers
2026-07-25 21:56:36,549 - asyncssh - INFO - [conn=0, chan=607] Received exit status 0
2026-07-25 21:56:36,550 - asyncssh - INFO - [conn=0, chan=607] Received channel close
2026-07-25 21:56:36,550 - asyncssh - INFO - [conn=0, chan=607] Channel closed
2026-07-25 21:56:36,550 - asyncssh - INFO - [conn=0, chan=608] Requesting new SSH session
2026-07-25 21:56:36,551 - asyncssh - INFO - [conn=0, chan=608]   Command: kubectl describe pod my-pod -n default | grep -A 5 'Limits:'
2026-07-25 21:56:36,601 - asyncssh - INFO - [conn=0, chan=609] Requesting new SSH session
2026-07-25 21:56:36,603 - asyncssh - INFO - [conn=0, chan=609]   Command: kubectl logs log-generator -n default --tail=50
2026-07-25 21:56:36,621 - asyncssh - INFO - [conn=0, chan=608] Received exit status 1
2026-07-25 21:56:36,622 - asyncssh - INFO - [conn=0, chan=608] Received channel close
2026-07-25 21:56:36,622 - asyncssh - INFO - [conn=0, chan=608] Channel closed
2026-07-25 21:56:36,677 - asyncssh - INFO - [conn=0, chan=609] Received exit status 0
2026-07-25 21:56:36,677 - asyncssh - INFO - [conn=0, chan=609] Received channel close
2026-07-25 21:56:36,677 - asyncssh - INFO - [conn=0, chan=609] Channel closed
2026-07-25 21:56:36,678 - asyncssh - INFO - [conn=0, chan=610] Requesting new SSH session
2026-07-25 21:56:36,679 - asyncssh - INFO - [conn=0, chan=610]   Command: kubectl top pod log-generator -n default --no-headers
2026-07-25 21:56:36,734 - asyncssh - INFO - [conn=0, chan=610] Received exit status 0
2026-07-25 21:56:36,734 - asyncssh - INFO - [conn=0, chan=610] Received channel close
2026-07-25 21:56:36,735 - asyncssh - INFO - [conn=0, chan=610] Channel closed
2026-07-25 21:56:36,735 - asyncssh - INFO - [conn=0, chan=611] Requesting new SSH session
2026-07-25 21:56:36,736 - asyncssh - INFO - [conn=0, chan=611]   Command: kubectl describe pod log-generator -n default | grep -A 5 'Limits:'
2026-07-25 21:56:36,761 - asyncssh - INFO - [conn=0, chan=378] Requesting new SSH session
2026-07-25 21:56:36,762 - asyncssh - INFO - [conn=0, chan=378]   Command: kubectl logs log-generator -n default --tail=50
2026-07-25 21:56:36,765 - asyncssh - INFO - [conn=0, chan=379] Requesting new SSH session
2026-07-25 21:56:36,765 - asyncssh - INFO - [conn=0, chan=379]   Command: kubectl logs my-pod -n default --tail=50
2026-07-25 21:56:36,809 - asyncssh - INFO - [conn=0, chan=611] Received exit status 0
2026-07-25 21:56:36,810 - asyncssh - INFO - [conn=0, chan=611] Received channel close
2026-07-25 21:56:36,810 - asyncssh - INFO - [conn=0, chan=611] Channel closed
2026-07-25 21:56:36,849 - asyncssh - INFO - [conn=0, chan=378] Received exit status 0
2026-07-25 21:56:36,849 - asyncssh - INFO - [conn=0, chan=378] Received channel close
2026-07-25 21:56:36,850 - asyncssh - INFO - [conn=0, chan=378] Channel closed
2026-07-25 21:56:36,850 - asyncssh - INFO - [conn=0, chan=380] Requesting new SSH session
2026-07-25 21:56:36,851 - asyncssh - INFO - [conn=0, chan=380]   Command: kubectl top pod log-generator -n default --no-headers
2026-07-25 21:56:36,857 - asyncssh - INFO - [conn=0, chan=379] Received exit status 0
2026-07-25 21:56:36,857 - asyncssh - INFO - [conn=0, chan=379] Received channel close
2026-07-25 21:56:36,857 - asyncssh - INFO - [conn=0, chan=379] Channel closed
2026-07-25 21:56:36,858 - asyncssh - INFO - [conn=0, chan=381] Requesting new SSH session
2026-07-25 21:56:36,858 - asyncssh - INFO - [conn=0, chan=381]   Command: kubectl top pod my-pod -n default --no-headers
2026-07-25 21:56:36,913 - asyncssh - INFO - [conn=0, chan=380] Received exit status 0
2026-07-25 21:56:36,913 - asyncssh - INFO - [conn=0, chan=380] Received channel close
2026-07-25 21:56:36,913 - asyncssh - INFO - [conn=0, chan=380] Channel closed
2026-07-25 21:56:36,914 - asyncssh - INFO - [conn=0, chan=382] Requesting new SSH session
2026-07-25 21:56:36,914 - asyncssh - INFO - [conn=0, chan=382]   Command: kubectl describe pod log-generator -n default | grep -A 5 'Limits:'
2026-07-25 21:56:36,917 - asyncssh - INFO - [conn=0, chan=381] Received exit status 0
2026-07-25 21:56:36,917 - asyncssh - INFO - [conn=0, chan=381] Received channel close
2026-07-25 21:56:36,917 - asyncssh - INFO - [conn=0, chan=381] Channel closed
2026-07-25 21:56:36,917 - asyncssh - INFO - [conn=0, chan=383] Requesting new SSH session
2026-07-25 21:56:36,918 - asyncssh - INFO - [conn=0, chan=383]   Command: kubectl describe pod my-pod -n default | grep -A 5 'Limits:'
2026-07-25 21:56:36,974 - asyncssh - INFO - [conn=0, chan=382] Received exit status 0
2026-07-25 21:56:36,974 - asyncssh - INFO - [conn=0, chan=382] Received channel close
2026-07-25 21:56:36,974 - asyncssh - INFO - [conn=0, chan=382] Channel closed
2026-07-25 21:56:36,978 - asyncssh - INFO - [conn=0, chan=383] Received exit status 1
2026-07-25 21:56:36,978 - asyncssh - INFO - [conn=0, chan=383] Received channel close
2026-07-25 21:56:36,979 - asyncssh - INFO - [conn=0, chan=383] Channel closed
2026-07-25 21:56:41,624 - asyncssh - INFO - [conn=0, chan=612] Requesting new SSH session
2026-07-25 21:56:41,625 - asyncssh - INFO - [conn=0, chan=612]   Command: kubectl logs my-pod -n default --tail=50
2026-07-25 21:56:41,693 - asyncssh - INFO - [conn=0, chan=612] Received exit status 0
2026-07-25 21:56:41,693 - asyncssh - INFO - [conn=0, chan=612] Received channel close
2026-07-25 21:56:41,694 - asyncssh - INFO - [conn=0, chan=612] Channel closed
2026-07-25 21:56:41,694 - asyncssh - INFO - [conn=0, chan=613] Requesting new SSH session
2026-07-25 21:56:41,695 - asyncssh - INFO - [conn=0, chan=613]   Command: kubectl top pod my-pod -n default --no-headers
2026-07-25 21:56:41,759 - asyncssh - INFO - [conn=0, chan=613] Received exit status 0
2026-07-25 21:56:41,759 - asyncssh - INFO - [conn=0, chan=613] Received channel close
2026-07-25 21:56:41,759 - asyncssh - INFO - [conn=0, chan=613] Channel closed
2026-07-25 21:56:41,759 - asyncssh - INFO - [conn=0, chan=614] Requesting new SSH session
2026-07-25 21:56:41,760 - asyncssh - INFO - [conn=0, chan=614]   Command: kubectl describe pod my-pod -n default | grep -A 5 'Limits:'
2026-07-25 21:56:41,811 - asyncssh - INFO - [conn=0, chan=615] Requesting new SSH session
2026-07-25 21:56:41,812 - asyncssh - INFO - [conn=0, chan=615]   Command: kubectl logs log-generator -n default --tail=50
2026-07-25 21:56:41,828 - asyncssh - INFO - [conn=0, chan=614] Received exit status 1
2026-07-25 21:56:41,828 - asyncssh - INFO - [conn=0, chan=614] Received channel close
2026-07-25 21:56:41,829 - asyncssh - INFO - [conn=0, chan=614] Channel closed
2026-07-25 21:56:41,887 - asyncssh - INFO - [conn=0, chan=615] Received exit status 0
2026-07-25 21:56:41,887 - asyncssh - INFO - [conn=0, chan=615] Received channel close
2026-07-25 21:56:41,888 - asyncssh - INFO - [conn=0, chan=615] Channel closed
2026-07-25 21:56:41,889 - asyncssh - INFO - [conn=0, chan=616] Requesting new SSH session
2026-07-25 21:56:41,890 - asyncssh - INFO - [conn=0, chan=616]   Command: kubectl top pod log-generator -n default --no-headers
2026-07-25 21:56:41,953 - asyncssh - INFO - [conn=0, chan=616] Received exit status 0
2026-07-25 21:56:41,953 - asyncssh - INFO - [conn=0, chan=616] Received channel close
2026-07-25 21:56:41,954 - asyncssh - INFO - [conn=0, chan=616] Channel closed
2026-07-25 21:56:41,954 - asyncssh - INFO - [conn=0, chan=617] Requesting new SSH session
2026-07-25 21:56:41,955 - asyncssh - INFO - [conn=0, chan=617]   Command: kubectl describe pod log-generator -n default | grep -A 5 'Limits:'
2026-07-25 21:56:41,976 - asyncssh - INFO - [conn=0, chan=384] Requesting new SSH session
2026-07-25 21:56:41,976 - asyncssh - INFO - [conn=0, chan=384]   Command: kubectl logs log-generator -n default --tail=50
2026-07-25 21:56:41,979 - asyncssh - INFO - [conn=0, chan=385] Requesting new SSH session
2026-07-25 21:56:41,980 - asyncssh - INFO - [conn=0, chan=385]   Command: kubectl logs my-pod -n default --tail=50
2026-07-25 21:56:42,032 - asyncssh - INFO - [conn=0, chan=617] Received exit status 0
2026-07-25 21:56:42,032 - asyncssh - INFO - [conn=0, chan=617] Received channel close
2026-07-25 21:56:42,033 - asyncssh - INFO - [conn=0, chan=617] Channel closed
2026-07-25 21:56:42,056 - asyncssh - INFO - [conn=0, chan=385] Received exit status 0
2026-07-25 21:56:42,056 - asyncssh - INFO - [conn=0, chan=385] Received channel close
2026-07-25 21:56:42,057 - asyncssh - INFO - [conn=0, chan=385] Channel closed
2026-07-25 21:56:42,057 - asyncssh - INFO - [conn=0, chan=386] Requesting new SSH session
2026-07-25 21:56:42,058 - asyncssh - INFO - [conn=0, chan=386]   Command: kubectl top pod my-pod -n default --no-headers
2026-07-25 21:56:42,059 - asyncssh - INFO - [conn=0, chan=384] Received exit status 0
2026-07-25 21:56:42,060 - asyncssh - INFO - [conn=0, chan=384] Received channel close
2026-07-25 21:56:42,060 - asyncssh - INFO - [conn=0, chan=384] Channel closed
2026-07-25 21:56:42,061 - asyncssh - INFO - [conn=0, chan=387] Requesting new SSH session
2026-07-25 21:56:42,062 - asyncssh - INFO - [conn=0, chan=387]   Command: kubectl top pod log-generator -n default --no-headers
2026-07-25 21:56:42,117 - asyncssh - INFO - [conn=0, chan=386] Received exit status 0
2026-07-25 21:56:42,117 - asyncssh - INFO - [conn=0, chan=386] Received channel close
2026-07-25 21:56:42,117 - asyncssh - INFO - [conn=0, chan=386] Channel closed
2026-07-25 21:56:42,117 - asyncssh - INFO - [conn=0, chan=388] Requesting new SSH session
2026-07-25 21:56:42,118 - asyncssh - INFO - [conn=0, chan=388]   Command: kubectl describe pod my-pod -n default | grep -A 5 'Limits:'
2026-07-25 21:56:42,122 - asyncssh - INFO - [conn=0, chan=387] Received exit status 0
2026-07-25 21:56:42,122 - asyncssh - INFO - [conn=0, chan=387] Received channel close
2026-07-25 21:56:42,122 - asyncssh - INFO - [conn=0, chan=387] Channel closed
2026-07-25 21:56:42,122 - asyncssh - INFO - [conn=0, chan=389] Requesting new SSH session
2026-07-25 21:56:42,123 - asyncssh - INFO - [conn=0, chan=389]   Command: kubectl describe pod log-generator -n default | grep -A 5 'Limits:'
2026-07-25 21:56:42,177 - asyncssh - INFO - [conn=0, chan=388] Received exit status 1
2026-07-25 21:56:42,177 - asyncssh - INFO - [conn=0, chan=388] Received channel close
2026-07-25 21:56:42,178 - asyncssh - INFO - [conn=0, chan=388] Channel closed
2026-07-25 21:56:42,182 - asyncssh - INFO - [conn=0, chan=389] Received exit status 0
2026-07-25 21:56:42,182 - asyncssh - INFO - [conn=0, chan=389] Received channel close
2026-07-25 21:56:42,182 - asyncssh - INFO - [conn=0, chan=389] Channel closed
2026-07-25 21:56:46,830 - asyncssh - INFO - [conn=0, chan=618] Requesting new SSH session
2026-07-25 21:56:46,831 - asyncssh - INFO - [conn=0, chan=618]   Command: kubectl logs my-pod -n default --tail=50
2026-07-25 21:56:46,900 - asyncssh - INFO - [conn=0, chan=618] Received exit status 0
2026-07-25 21:56:46,901 - asyncssh - INFO - [conn=0, chan=618] Received channel close
2026-07-25 21:56:46,901 - asyncssh - INFO - [conn=0, chan=618] Channel closed
2026-07-25 21:56:46,902 - asyncssh - INFO - [conn=0, chan=619] Requesting new SSH session
2026-07-25 21:56:46,903 - asyncssh - INFO - [conn=0, chan=619]   Command: kubectl top pod my-pod -n default --no-headers
2026-07-25 21:56:46,961 - asyncssh - INFO - [conn=0, chan=619] Received exit status 0
2026-07-25 21:56:46,961 - asyncssh - INFO - [conn=0, chan=619] Received channel close
2026-07-25 21:56:46,962 - asyncssh - INFO - [conn=0, chan=619] Channel closed
2026-07-25 21:56:46,962 - asyncssh - INFO - [conn=0, chan=620] Requesting new SSH session
2026-07-25 21:56:46,963 - asyncssh - INFO - [conn=0, chan=620]   Command: kubectl describe pod my-pod -n default | grep -A 5 'Limits:'
2026-07-25 21:56:47,029 - asyncssh - INFO - [conn=0, chan=620] Received exit status 1
2026-07-25 21:56:47,029 - asyncssh - INFO - [conn=0, chan=620] Received channel close
2026-07-25 21:56:47,030 - asyncssh - INFO - [conn=0, chan=620] Channel closed
2026-07-25 21:56:47,033 - asyncssh - INFO - [conn=0, chan=621] Requesting new SSH session
2026-07-25 21:56:47,035 - asyncssh - INFO - [conn=0, chan=621]   Command: kubectl logs log-generator -n default --tail=50
2026-07-25 21:56:47,100 - asyncssh - INFO - [conn=0, chan=621] Received exit status 0
2026-07-25 21:56:47,100 - asyncssh - INFO - [conn=0, chan=621] Received channel close
2026-07-25 21:56:47,101 - asyncssh - INFO - [conn=0, chan=621] Channel closed
2026-07-25 21:56:47,101 - asyncssh - INFO - [conn=0, chan=622] Requesting new SSH session
2026-07-25 21:56:47,102 - asyncssh - INFO - [conn=0, chan=622]   Command: kubectl top pod log-generator -n default --no-headers
2026-07-25 21:56:47,160 - asyncssh - INFO - [conn=0, chan=622] Received exit status 0
2026-07-25 21:56:47,161 - asyncssh - INFO - [conn=0, chan=622] Received channel close
2026-07-25 21:56:47,161 - asyncssh - INFO - [conn=0, chan=622] Channel closed
2026-07-25 21:56:47,161 - asyncssh - INFO - [conn=0, chan=623] Requesting new SSH session
2026-07-25 21:56:47,161 - asyncssh - INFO - [conn=0, chan=623]   Command: kubectl describe pod log-generator -n default | grep -A 5 'Limits:'
2026-07-25 21:56:47,179 - asyncssh - INFO - [conn=0, chan=390] Requesting new SSH session
2026-07-25 21:56:47,180 - asyncssh - INFO - [conn=0, chan=390]   Command: kubectl logs my-pod -n default --tail=50
2026-07-25 21:56:47,184 - asyncssh - INFO - [conn=0, chan=391] Requesting new SSH session
2026-07-25 21:56:47,185 - asyncssh - INFO - [conn=0, chan=391]   Command: kubectl logs log-generator -n default --tail=50
2026-07-25 21:56:47,234 - asyncssh - INFO - [conn=0, chan=623] Received exit status 0
2026-07-25 21:56:47,236 - asyncssh - INFO - [conn=0, chan=623] Received channel close
2026-07-25 21:56:47,240 - asyncssh - INFO - [conn=0, chan=623] Channel closed
2026-07-25 21:56:47,257 - asyncssh - INFO - [conn=0, chan=390] Received exit status 0
2026-07-25 21:56:47,257 - asyncssh - INFO - [conn=0, chan=390] Received channel close
2026-07-25 21:56:47,257 - asyncssh - INFO - [conn=0, chan=390] Channel closed
2026-07-25 21:56:47,258 - asyncssh - INFO - [conn=0, chan=392] Requesting new SSH session
2026-07-25 21:56:47,259 - asyncssh - INFO - [conn=0, chan=392]   Command: kubectl top pod my-pod -n default --no-headers
2026-07-25 21:56:47,271 - asyncssh - INFO - [conn=0, chan=391] Received exit status 0
2026-07-25 21:56:47,272 - asyncssh - INFO - [conn=0, chan=391] Received channel close
2026-07-25 21:56:47,272 - asyncssh - INFO - [conn=0, chan=391] Channel closed
2026-07-25 21:56:47,273 - asyncssh - INFO - [conn=0, chan=393] Requesting new SSH session
2026-07-25 21:56:47,273 - asyncssh - INFO - [conn=0, chan=393]   Command: kubectl top pod log-generator -n default --no-headers
2026-07-25 21:56:47,315 - asyncssh - INFO - [conn=0, chan=392] Received exit status 0
2026-07-25 21:56:47,315 - asyncssh - INFO - [conn=0, chan=392] Received channel close
2026-07-25 21:56:47,316 - asyncssh - INFO - [conn=0, chan=392] Channel closed
2026-07-25 21:56:47,316 - asyncssh - INFO - [conn=0, chan=394] Requesting new SSH session
2026-07-25 21:56:47,316 - asyncssh - INFO - [conn=0, chan=394]   Command: kubectl describe pod my-pod -n default | grep -A 5 'Limits:'
2026-07-25 21:56:47,328 - asyncssh - INFO - [conn=0, chan=393] Received exit status 0
2026-07-25 21:56:47,328 - asyncssh - INFO - [conn=0, chan=393] Received channel close
2026-07-25 21:56:47,329 - asyncssh - INFO - [conn=0, chan=393] Channel closed
2026-07-25 21:56:47,329 - asyncssh - INFO - [conn=0, chan=395] Requesting new SSH session
2026-07-25 21:56:47,330 - asyncssh - INFO - [conn=0, chan=395]   Command: kubectl describe pod log-generator -n default | grep -A 5 'Limits:'
2026-07-25 21:56:47,376 - asyncssh - INFO - [conn=0, chan=394] Received exit status 1
2026-07-25 21:56:47,377 - asyncssh - INFO - [conn=0, chan=394] Received channel close
2026-07-25 21:56:47,377 - asyncssh - INFO - [conn=0, chan=394] Channel closed
2026-07-25 21:56:47,389 - asyncssh - INFO - [conn=0, chan=395] Received exit status 0
2026-07-25 21:56:47,390 - asyncssh - INFO - [conn=0, chan=395] Received channel close
2026-07-25 21:56:47,390 - asyncssh - INFO - [conn=0, chan=395] Channel closed
2026-07-25 21:56:52,031 - asyncssh - INFO - [conn=0, chan=624] Requesting new SSH session
2026-07-25 21:56:52,032 - asyncssh - INFO - [conn=0, chan=624]   Command: kubectl logs my-pod -n default --tail=50
2026-07-25 21:56:52,100 - asyncssh - INFO - [conn=0, chan=624] Received exit status 0
2026-07-25 21:56:52,100 - asyncssh - INFO - [conn=0, chan=624] Received channel close
2026-07-25 21:56:52,101 - asyncssh - INFO - [conn=0, chan=624] Channel closed
2026-07-25 21:56:52,101 - asyncssh - INFO - [conn=0, chan=625] Requesting new SSH session
2026-07-25 21:56:52,102 - asyncssh - INFO - [conn=0, chan=625]   Command: kubectl top pod my-pod -n default --no-headers
2026-07-25 21:56:52,159 - asyncssh - INFO - [conn=0, chan=625] Received exit status 0
2026-07-25 21:56:52,159 - asyncssh - INFO - [conn=0, chan=625] Received channel close
2026-07-25 21:56:52,159 - asyncssh - INFO - [conn=0, chan=625] Channel closed
2026-07-25 21:56:52,160 - asyncssh - INFO - [conn=0, chan=626] Requesting new SSH session
2026-07-25 21:56:52,160 - asyncssh - INFO - [conn=0, chan=626]   Command: kubectl describe pod my-pod -n default | grep -A 5 'Limits:'
2026-07-25 21:56:52,228 - asyncssh - INFO - [conn=0, chan=626] Received exit status 1
2026-07-25 21:56:52,228 - asyncssh - INFO - [conn=0, chan=626] Received channel close
2026-07-25 21:56:52,229 - asyncssh - INFO - [conn=0, chan=626] Channel closed
2026-07-25 21:56:52,241 - asyncssh - INFO - [conn=0, chan=627] Requesting new SSH session
2026-07-25 21:56:52,242 - asyncssh - INFO - [conn=0, chan=627]   Command: kubectl logs log-generator -n default --tail=50
2026-07-25 21:56:52,312 - asyncssh - INFO - [conn=0, chan=627] Received exit status 0
2026-07-25 21:56:52,312 - asyncssh - INFO - [conn=0, chan=627] Received channel close
2026-07-25 21:56:52,313 - asyncssh - INFO - [conn=0, chan=627] Channel closed
2026-07-25 21:56:52,314 - asyncssh - INFO - [conn=0, chan=628] Requesting new SSH session
2026-07-25 21:56:52,314 - asyncssh - INFO - [conn=0, chan=628]   Command: kubectl top pod log-generator -n default --no-headers
2026-07-25 21:56:52,377 - asyncssh - INFO - [conn=0, chan=628] Received exit status 0
2026-07-25 21:56:52,378 - asyncssh - INFO - [conn=0, chan=628] Received channel close
2026-07-25 21:56:52,378 - asyncssh - INFO - [conn=0, chan=628] Channel closed
2026-07-25 21:56:52,378 - asyncssh - INFO - [conn=0, chan=629] Requesting new SSH session
2026-07-25 21:56:52,379 - asyncssh - INFO - [conn=0, chan=629]   Command: kubectl describe pod log-generator -n default | grep -A 5 'Limits:'
2026-07-25 21:56:52,379 - asyncssh - INFO - [conn=0, chan=396] Requesting new SSH session
2026-07-25 21:56:52,380 - asyncssh - INFO - [conn=0, chan=396]   Command: kubectl logs my-pod -n default --tail=50
2026-07-25 21:56:52,392 - asyncssh - INFO - [conn=0, chan=397] Requesting new SSH session
2026-07-25 21:56:52,393 - asyncssh - INFO - [conn=0, chan=397]   Command: kubectl logs log-generator -n default --tail=50
2026-07-25 21:56:52,451 - asyncssh - INFO - [conn=0, chan=629] Received exit status 0
2026-07-25 21:56:52,451 - asyncssh - INFO - [conn=0, chan=629] Received channel close
2026-07-25 21:56:52,451 - asyncssh - INFO - [conn=0, chan=629] Channel closed
2026-07-25 21:56:52,461 - asyncssh - INFO - [conn=0, chan=396] Received exit status 0
2026-07-25 21:56:52,462 - asyncssh - INFO - [conn=0, chan=396] Received channel close
2026-07-25 21:56:52,462 - asyncssh - INFO - [conn=0, chan=396] Channel closed
2026-07-25 21:56:52,463 - asyncssh - INFO - [conn=0, chan=398] Requesting new SSH session
2026-07-25 21:56:52,464 - asyncssh - INFO - [conn=0, chan=398]   Command: kubectl top pod my-pod -n default --no-headers
2026-07-25 21:56:52,476 - asyncssh - INFO - [conn=0, chan=397] Received exit status 0
2026-07-25 21:56:52,476 - asyncssh - INFO - [conn=0, chan=397] Received channel close
2026-07-25 21:56:52,477 - asyncssh - INFO - [conn=0, chan=397] Channel closed
2026-07-25 21:56:52,477 - asyncssh - INFO - [conn=0, chan=399] Requesting new SSH session
2026-07-25 21:56:52,479 - asyncssh - INFO - [conn=0, chan=399]   Command: kubectl top pod log-generator -n default --no-headers
2026-07-25 21:56:52,529 - asyncssh - INFO - [conn=0, chan=398] Received exit status 0
2026-07-25 21:56:52,529 - asyncssh - INFO - [conn=0, chan=398] Received channel close
2026-07-25 21:56:52,529 - asyncssh - INFO - [conn=0, chan=398] Channel closed
2026-07-25 21:56:52,529 - asyncssh - INFO - [conn=0, chan=400] Requesting new SSH session
2026-07-25 21:56:52,530 - asyncssh - INFO - [conn=0, chan=400]   Command: kubectl describe pod my-pod -n default | grep -A 5 'Limits:'
2026-07-25 21:56:52,545 - asyncssh - INFO - [conn=0, chan=399] Received exit status 0
2026-07-25 21:56:52,546 - asyncssh - INFO - [conn=0, chan=399] Received channel close
2026-07-25 21:56:52,546 - asyncssh - INFO - [conn=0, chan=399] Channel closed
2026-07-25 21:56:52,546 - asyncssh - INFO - [conn=0, chan=401] Requesting new SSH session
2026-07-25 21:56:52,547 - asyncssh - INFO - [conn=0, chan=401]   Command: kubectl describe pod log-generator -n default | grep -A 5 'Limits:'
2026-07-25 21:56:52,589 - asyncssh - INFO - [conn=0, chan=400] Received exit status 1
2026-07-25 21:56:52,589 - asyncssh - INFO - [conn=0, chan=400] Received channel close
2026-07-25 21:56:52,590 - asyncssh - INFO - [conn=0, chan=400] Channel closed
2026-07-25 21:56:52,605 - asyncssh - INFO - [conn=0, chan=401] Received exit status 0
2026-07-25 21:56:52,605 - asyncssh - INFO - [conn=0, chan=401] Received channel close
2026-07-25 21:56:52,605 - asyncssh - INFO - [conn=0, chan=401] Channel closed
2026-07-25 21:56:57,230 - asyncssh - INFO - [conn=0, chan=630] Requesting new SSH session
2026-07-25 21:56:57,231 - asyncssh - INFO - [conn=0, chan=630]   Command: kubectl logs my-pod -n default --tail=50
2026-07-25 21:56:57,296 - asyncssh - INFO - [conn=0, chan=630] Received exit status 0
2026-07-25 21:56:57,296 - asyncssh - INFO - [conn=0, chan=630] Received channel close
2026-07-25 21:56:57,297 - asyncssh - INFO - [conn=0, chan=630] Channel closed
2026-07-25 21:56:57,297 - asyncssh - INFO - [conn=0, chan=631] Requesting new SSH session
2026-07-25 21:56:57,298 - asyncssh - INFO - [conn=0, chan=631]   Command: kubectl top pod my-pod -n default --no-headers
2026-07-25 21:56:57,352 - asyncssh - INFO - [conn=0, chan=631] Received exit status 0
2026-07-25 21:56:57,352 - asyncssh - INFO - [conn=0, chan=631] Received channel close
2026-07-25 21:56:57,353 - asyncssh - INFO - [conn=0, chan=631] Channel closed
2026-07-25 21:56:57,354 - asyncssh - INFO - [conn=0, chan=632] Requesting new SSH session
2026-07-25 21:56:57,354 - asyncssh - INFO - [conn=0, chan=632]   Command: kubectl describe pod my-pod -n default | grep -A 5 'Limits:'
2026-07-25 21:56:57,416 - asyncssh - INFO - [conn=0, chan=632] Received exit status 1
2026-07-25 21:56:57,416 - asyncssh - INFO - [conn=0, chan=632] Received channel close
2026-07-25 21:56:57,417 - asyncssh - INFO - [conn=0, chan=632] Channel closed
2026-07-25 21:56:57,452 - asyncssh - INFO - [conn=0, chan=633] Requesting new SSH session
2026-07-25 21:56:57,454 - asyncssh - INFO - [conn=0, chan=633]   Command: kubectl logs log-generator -n default --tail=50
2026-07-25 21:56:57,516 - asyncssh - INFO - [conn=0, chan=633] Received exit status 0
2026-07-25 21:56:57,516 - asyncssh - INFO - [conn=0, chan=633] Received channel close
2026-07-25 21:56:57,517 - asyncssh - INFO - [conn=0, chan=633] Channel closed
2026-07-25 21:56:57,517 - asyncssh - INFO - [conn=0, chan=634] Requesting new SSH session
2026-07-25 21:56:57,518 - asyncssh - INFO - [conn=0, chan=634]   Command: kubectl top pod log-generator -n default --no-headers
2026-07-25 21:56:57,575 - asyncssh - INFO - [conn=0, chan=634] Received exit status 0
2026-07-25 21:56:57,575 - asyncssh - INFO - [conn=0, chan=634] Received channel close
2026-07-25 21:56:57,575 - asyncssh - INFO - [conn=0, chan=634] Channel closed
2026-07-25 21:56:57,576 - asyncssh - INFO - [conn=0, chan=635] Requesting new SSH session
2026-07-25 21:56:57,576 - asyncssh - INFO - [conn=0, chan=635]   Command: kubectl describe pod log-generator -n default | grep -A 5 'Limits:'
2026-07-25 21:56:57,590 - asyncssh - INFO - [conn=0, chan=402] Requesting new SSH session
2026-07-25 21:56:57,611 - asyncssh - INFO - [conn=0, chan=402]   Command: kubectl logs my-pod -n default --tail=50
2026-07-25 21:56:57,611 - asyncssh - INFO - [conn=0, chan=403] Requesting new SSH session
2026-07-25 21:56:57,637 - asyncssh - INFO - [conn=0, chan=403]   Command: kubectl logs log-generator -n default --tail=50
2026-07-25 21:56:57,654 - asyncssh - INFO - [conn=0, chan=635] Received exit status 0
2026-07-25 21:56:57,655 - asyncssh - INFO - [conn=0, chan=635] Received channel close
2026-07-25 21:56:57,655 - asyncssh - INFO - [conn=0, chan=635] Channel closed
2026-07-25 21:56:57,685 - asyncssh - INFO - [conn=0, chan=402] Received exit status 0
2026-07-25 21:56:57,685 - asyncssh - INFO - [conn=0, chan=402] Received channel close
2026-07-25 21:56:57,686 - asyncssh - INFO - [conn=0, chan=402] Channel closed
2026-07-25 21:56:57,686 - asyncssh - INFO - [conn=0, chan=404] Requesting new SSH session
2026-07-25 21:56:57,687 - asyncssh - INFO - [conn=0, chan=404]   Command: kubectl top pod my-pod -n default --no-headers
2026-07-25 21:56:57,709 - asyncssh - INFO - [conn=0, chan=403] Received exit status 0
2026-07-25 21:56:57,710 - asyncssh - INFO - [conn=0, chan=403] Received channel close
2026-07-25 21:56:57,710 - asyncssh - INFO - [conn=0, chan=403] Channel closed
2026-07-25 21:56:57,711 - asyncssh - INFO - [conn=0, chan=405] Requesting new SSH session
2026-07-25 21:56:57,712 - asyncssh - INFO - [conn=0, chan=405]   Command: kubectl top pod log-generator -n default --no-headers
2026-07-25 21:56:57,744 - asyncssh - INFO - [conn=0, chan=404] Received exit status 0
2026-07-25 21:56:57,744 - asyncssh - INFO - [conn=0, chan=404] Received channel close
2026-07-25 21:56:57,745 - asyncssh - INFO - [conn=0, chan=404] Channel closed
2026-07-25 21:56:57,745 - asyncssh - INFO - [conn=0, chan=406] Requesting new SSH session
2026-07-25 21:56:57,745 - asyncssh - INFO - [conn=0, chan=406]   Command: kubectl describe pod my-pod -n default | grep -A 5 'Limits:'
2026-07-25 21:56:57,767 - asyncssh - INFO - [conn=0, chan=405] Received exit status 0
2026-07-25 21:56:57,767 - asyncssh - INFO - [conn=0, chan=405] Received channel close
2026-07-25 21:56:57,767 - asyncssh - INFO - [conn=0, chan=405] Channel closed
2026-07-25 21:56:57,768 - asyncssh - INFO - [conn=0, chan=407] Requesting new SSH session
2026-07-25 21:56:57,768 - asyncssh - INFO - [conn=0, chan=407]   Command: kubectl describe pod log-generator -n default | grep -A 5 'Limits:'
2026-07-25 21:56:57,813 - asyncssh - INFO - [conn=0, chan=406] Received exit status 1
2026-07-25 21:56:57,813 - asyncssh - INFO - [conn=0, chan=406] Received channel close
2026-07-25 21:56:57,814 - asyncssh - INFO - [conn=0, chan=406] Channel closed
2026-07-25 21:56:57,834 - asyncssh - INFO - [conn=0, chan=407] Received exit status 0
2026-07-25 21:56:57,834 - asyncssh - INFO - [conn=0, chan=407] Received channel close
2026-07-25 21:56:57,835 - asyncssh - INFO - [conn=0, chan=407] Channel closed
2026-07-25 21:57:02,418 - asyncssh - INFO - [conn=0, chan=636] Requesting new SSH session
2026-07-25 21:57:02,419 - asyncssh - INFO - [conn=0, chan=636]   Command: kubectl logs my-pod -n default --tail=50
2026-07-25 21:57:02,482 - asyncssh - INFO - [conn=0, chan=636] Received exit status 0
2026-07-25 21:57:02,482 - asyncssh - INFO - [conn=0, chan=636] Received channel close
2026-07-25 21:57:02,483 - asyncssh - INFO - [conn=0, chan=636] Channel closed
2026-07-25 21:57:02,483 - asyncssh - INFO - [conn=0, chan=637] Requesting new SSH session
2026-07-25 21:57:02,484 - asyncssh - INFO - [conn=0, chan=637]   Command: kubectl top pod my-pod -n default --no-headers
2026-07-25 21:57:02,541 - asyncssh - INFO - [conn=0, chan=637] Received exit status 0
2026-07-25 21:57:02,541 - asyncssh - INFO - [conn=0, chan=637] Received channel close
2026-07-25 21:57:02,541 - asyncssh - INFO - [conn=0, chan=637] Channel closed
2026-07-25 21:57:02,542 - asyncssh - INFO - [conn=0, chan=638] Requesting new SSH session
2026-07-25 21:57:02,543 - asyncssh - INFO - [conn=0, chan=638]   Command: kubectl describe pod my-pod -n default | grep -A 5 'Limits:'
2026-07-25 21:57:02,608 - asyncssh - INFO - [conn=0, chan=638] Received exit status 1
2026-07-25 21:57:02,608 - asyncssh - INFO - [conn=0, chan=638] Received channel close
2026-07-25 21:57:02,609 - asyncssh - INFO - [conn=0, chan=638] Channel closed
2026-07-25 21:57:02,656 - asyncssh - INFO - [conn=0, chan=639] Requesting new SSH session
2026-07-25 21:57:02,658 - asyncssh - INFO - [conn=0, chan=639]   Command: kubectl logs log-generator -n default --tail=50
2026-07-25 21:57:02,725 - asyncssh - INFO - [conn=0, chan=639] Received exit status 0
2026-07-25 21:57:02,725 - asyncssh - INFO - [conn=0, chan=639] Received channel close
2026-07-25 21:57:02,725 - asyncssh - INFO - [conn=0, chan=639] Channel closed
2026-07-25 21:57:02,726 - asyncssh - INFO - [conn=0, chan=640] Requesting new SSH session
2026-07-25 21:57:02,726 - asyncssh - INFO - [conn=0, chan=640]   Command: kubectl top pod log-generator -n default --no-headers
2026-07-25 21:57:02,789 - asyncssh - INFO - [conn=0, chan=640] Received exit status 0
2026-07-25 21:57:02,789 - asyncssh - INFO - [conn=0, chan=640] Received channel close
2026-07-25 21:57:02,791 - asyncssh - INFO - [conn=0, chan=640] Channel closed
2026-07-25 21:57:02,791 - asyncssh - INFO - [conn=0, chan=641] Requesting new SSH session
2026-07-25 21:57:02,791 - asyncssh - INFO - [conn=0, chan=641]   Command: kubectl describe pod log-generator -n default | grep -A 5 'Limits:'
2026-07-25 21:57:02,815 - asyncssh - INFO - [conn=0, chan=408] Requesting new SSH session
2026-07-25 21:57:02,815 - asyncssh - INFO - [conn=0, chan=408]   Command: kubectl logs my-pod -n default --tail=50
2026-07-25 21:57:02,836 - asyncssh - INFO - [conn=0, chan=409] Requesting new SSH session
2026-07-25 21:57:02,838 - asyncssh - INFO - [conn=0, chan=409]   Command: kubectl logs log-generator -n default --tail=50
2026-07-25 21:57:02,864 - asyncssh - INFO - [conn=0, chan=641] Received exit status 0
2026-07-25 21:57:02,865 - asyncssh - INFO - [conn=0, chan=641] Received channel close
2026-07-25 21:57:02,865 - asyncssh - INFO - [conn=0, chan=641] Channel closed
2026-07-25 21:57:02,891 - asyncssh - INFO - [conn=0, chan=408] Received exit status 0
2026-07-25 21:57:02,891 - asyncssh - INFO - [conn=0, chan=408] Received channel close
2026-07-25 21:57:02,891 - asyncssh - INFO - [conn=0, chan=408] Channel closed
2026-07-25 21:57:02,891 - asyncssh - INFO - [conn=0, chan=410] Requesting new SSH session
2026-07-25 21:57:02,892 - asyncssh - INFO - [conn=0, chan=410]   Command: kubectl top pod my-pod -n default --no-headers
2026-07-25 21:57:02,919 - asyncssh - INFO - [conn=0, chan=409] Received exit status 0
2026-07-25 21:57:02,919 - asyncssh - INFO - [conn=0, chan=409] Received channel close
2026-07-25 21:57:02,919 - asyncssh - INFO - [conn=0, chan=409] Channel closed
2026-07-25 21:57:02,920 - asyncssh - INFO - [conn=0, chan=411] Requesting new SSH session
2026-07-25 21:57:02,920 - asyncssh - INFO - [conn=0, chan=411]   Command: kubectl top pod log-generator -n default --no-headers
2026-07-25 21:57:02,952 - asyncssh - INFO - [conn=0, chan=410] Received exit status 0
2026-07-25 21:57:02,953 - asyncssh - INFO - [conn=0, chan=410] Received channel close
2026-07-25 21:57:02,953 - asyncssh - INFO - [conn=0, chan=410] Channel closed
2026-07-25 21:57:02,953 - asyncssh - INFO - [conn=0, chan=412] Requesting new SSH session
2026-07-25 21:57:02,954 - asyncssh - INFO - [conn=0, chan=412]   Command: kubectl describe pod my-pod -n default | grep -A 5 'Limits:'
2026-07-25 21:57:02,975 - asyncssh - INFO - [conn=0, chan=411] Received exit status 0
2026-07-25 21:57:02,975 - asyncssh - INFO - [conn=0, chan=411] Received channel close
2026-07-25 21:57:02,975 - asyncssh - INFO - [conn=0, chan=411] Channel closed
2026-07-25 21:57:02,976 - asyncssh - INFO - [conn=0, chan=413] Requesting new SSH session
2026-07-25 21:57:02,976 - asyncssh - INFO - [conn=0, chan=413]   Command: kubectl describe pod log-generator -n default | grep -A 5 'Limits:'
2026-07-25 21:57:03,013 - asyncssh - INFO - [conn=0, chan=412] Received exit status 1
2026-07-25 21:57:03,013 - asyncssh - INFO - [conn=0, chan=412] Received channel close
2026-07-25 21:57:03,014 - asyncssh - INFO - [conn=0, chan=412] Channel closed
2026-07-25 21:57:03,034 - asyncssh - INFO - [conn=0, chan=413] Received exit status 0
2026-07-25 21:57:03,034 - asyncssh - INFO - [conn=0, chan=413] Received channel close
2026-07-25 21:57:03,034 - asyncssh - INFO - [conn=0, chan=413] Channel closed
2026-07-25 21:57:07,611 - asyncssh - INFO - [conn=0, chan=642] Requesting new SSH session
2026-07-25 21:57:07,613 - asyncssh - INFO - [conn=0, chan=642]   Command: kubectl logs my-pod -n default --tail=50
2026-07-25 21:57:07,682 - asyncssh - INFO - [conn=0, chan=642] Received exit status 0
2026-07-25 21:57:07,683 - asyncssh - INFO - [conn=0, chan=642] Received channel close
2026-07-25 21:57:07,683 - asyncssh - INFO - [conn=0, chan=642] Channel closed
2026-07-25 21:57:07,683 - asyncssh - INFO - [conn=0, chan=643] Requesting new SSH session
2026-07-25 21:57:07,684 - asyncssh - INFO - [conn=0, chan=643]   Command: kubectl top pod my-pod -n default --no-headers
2026-07-25 21:57:07,748 - asyncssh - INFO - [conn=0, chan=643] Received exit status 0
2026-07-25 21:57:07,748 - asyncssh - INFO - [conn=0, chan=643] Received channel close
2026-07-25 21:57:07,748 - asyncssh - INFO - [conn=0, chan=643] Channel closed
2026-07-25 21:57:07,749 - asyncssh - INFO - [conn=0, chan=644] Requesting new SSH session
2026-07-25 21:57:07,749 - asyncssh - INFO - [conn=0, chan=644]   Command: kubectl describe pod my-pod -n default | grep -A 5 'Limits:'
2026-07-25 21:57:07,821 - asyncssh - INFO - [conn=0, chan=644] Received exit status 1
2026-07-25 21:57:07,821 - asyncssh - INFO - [conn=0, chan=644] Received channel close
2026-07-25 21:57:07,822 - asyncssh - INFO - [conn=0, chan=644] Channel closed
2026-07-25 21:57:07,879 - asyncssh - INFO - [conn=0, chan=645] Requesting new SSH session
2026-07-25 21:57:07,880 - asyncssh - INFO - [conn=0, chan=645]   Command: kubectl logs log-generator -n default --tail=50
2026-07-25 21:57:07,953 - asyncssh - INFO - [conn=0, chan=645] Received exit status 0
2026-07-25 21:57:07,953 - asyncssh - INFO - [conn=0, chan=645] Received channel close
2026-07-25 21:57:07,954 - asyncssh - INFO - [conn=0, chan=645] Channel closed
2026-07-25 21:57:07,954 - asyncssh - INFO - [conn=0, chan=646] Requesting new SSH session
2026-07-25 21:57:07,955 - asyncssh - INFO - [conn=0, chan=646]   Command: kubectl top pod log-generator -n default --no-headers
2026-07-25 21:57:08,015 - asyncssh - INFO - [conn=0, chan=646] Received exit status 0
2026-07-25 21:57:08,015 - asyncssh - INFO - [conn=0, chan=646] Received channel close
2026-07-25 21:57:08,015 - asyncssh - INFO - [conn=0, chan=414] Requesting new SSH session
2026-07-25 21:57:08,015 - asyncssh - INFO - [conn=0, chan=646] Channel closed
2026-07-25 21:57:08,016 - asyncssh - INFO - [conn=0, chan=647] Requesting new SSH session
2026-07-25 21:57:08,016 - asyncssh - INFO - [conn=0, chan=647]   Command: kubectl describe pod log-generator -n default | grep -A 5 'Limits:'
2026-07-25 21:57:08,016 - asyncssh - INFO - [conn=0, chan=414]   Command: kubectl logs my-pod -n default --tail=50
2026-07-25 21:57:08,036 - asyncssh - INFO - [conn=0, chan=415] Requesting new SSH session
2026-07-25 21:57:08,037 - asyncssh - INFO - [conn=0, chan=415]   Command: kubectl logs log-generator -n default --tail=50
2026-07-25 21:57:08,082 - asyncssh - INFO - [conn=0, chan=414] Received exit status 0
2026-07-25 21:57:08,082 - asyncssh - INFO - [conn=0, chan=647] Received exit status 0
2026-07-25 21:57:08,083 - asyncssh - INFO - [conn=0, chan=414] Received channel close
2026-07-25 21:57:08,083 - asyncssh - INFO - [conn=0, chan=647] Received channel close
2026-07-25 21:57:08,083 - asyncssh - INFO - [conn=0, chan=647] Channel closed
2026-07-25 21:57:08,083 - asyncssh - INFO - [conn=0, chan=414] Channel closed
2026-07-25 21:57:08,084 - asyncssh - INFO - [conn=0, chan=416] Requesting new SSH session
2026-07-25 21:57:08,085 - asyncssh - INFO - [conn=0, chan=416]   Command: kubectl top pod my-pod -n default --no-headers
2026-07-25 21:57:08,112 - asyncssh - INFO - [conn=0, chan=415] Received exit status 0
2026-07-25 21:57:08,113 - asyncssh - INFO - [conn=0, chan=415] Received channel close
2026-07-25 21:57:08,113 - asyncssh - INFO - [conn=0, chan=415] Channel closed
2026-07-25 21:57:08,113 - asyncssh - INFO - [conn=0, chan=417] Requesting new SSH session
2026-07-25 21:57:08,114 - asyncssh - INFO - [conn=0, chan=417]   Command: kubectl top pod log-generator -n default --no-headers
2026-07-25 21:57:08,149 - asyncssh - INFO - [conn=0, chan=416] Received exit status 0
2026-07-25 21:57:08,150 - asyncssh - INFO - [conn=0, chan=416] Received channel close
2026-07-25 21:57:08,150 - asyncssh - INFO - [conn=0, chan=416] Channel closed
2026-07-25 21:57:08,150 - asyncssh - INFO - [conn=0, chan=418] Requesting new SSH session
2026-07-25 21:57:08,151 - asyncssh - INFO - [conn=0, chan=418]   Command: kubectl describe pod my-pod -n default | grep -A 5 'Limits:'
2026-07-25 21:57:08,173 - asyncssh - INFO - [conn=0, chan=417] Received exit status 0
2026-07-25 21:57:08,174 - asyncssh - INFO - [conn=0, chan=417] Received channel close
2026-07-25 21:57:08,174 - asyncssh - INFO - [conn=0, chan=417] Channel closed
2026-07-25 21:57:08,174 - asyncssh - INFO - [conn=0, chan=419] Requesting new SSH session
2026-07-25 21:57:08,175 - asyncssh - INFO - [conn=0, chan=419]   Command: kubectl describe pod log-generator -n default | grep -A 5 'Limits:'
2026-07-25 21:57:08,212 - asyncssh - INFO - [conn=0, chan=418] Received exit status 1
2026-07-25 21:57:08,212 - asyncssh - INFO - [conn=0, chan=418] Received channel close
2026-07-25 21:57:08,212 - asyncssh - INFO - [conn=0, chan=418] Channel closed
2026-07-25 21:57:08,234 - asyncssh - INFO - [conn=0, chan=419] Received exit status 0
2026-07-25 21:57:08,234 - asyncssh - INFO - [conn=0, chan=419] Received channel close
2026-07-25 21:57:08,235 - asyncssh - INFO - [conn=0, chan=419] Channel closed
2026-07-25 21:57:12,824 - asyncssh - INFO - [conn=0, chan=648] Requesting new SSH session
2026-07-25 21:57:12,825 - asyncssh - INFO - [conn=0, chan=648]   Command: kubectl logs my-pod -n default --tail=50
2026-07-25 21:57:12,888 - asyncssh - INFO - [conn=0, chan=648] Received exit status 0
2026-07-25 21:57:12,888 - asyncssh - INFO - [conn=0, chan=648] Received channel close
2026-07-25 21:57:12,889 - asyncssh - INFO - [conn=0, chan=648] Channel closed
2026-07-25 21:57:12,890 - asyncssh - INFO - [conn=0, chan=649] Requesting new SSH session
2026-07-25 21:57:12,890 - asyncssh - INFO - [conn=0, chan=649]   Command: kubectl top pod my-pod -n default --no-headers
2026-07-25 21:57:12,946 - asyncssh - INFO - [conn=0, chan=649] Received exit status 0
2026-07-25 21:57:12,946 - asyncssh - INFO - [conn=0, chan=649] Received channel close
2026-07-25 21:57:12,947 - asyncssh - INFO - [conn=0, chan=649] Channel closed
2026-07-25 21:57:12,948 - asyncssh - INFO - [conn=0, chan=650] Requesting new SSH session
2026-07-25 21:57:12,948 - asyncssh - INFO - [conn=0, chan=650]   Command: kubectl describe pod my-pod -n default | grep -A 5 'Limits:'
2026-07-25 21:57:13,009 - asyncssh - INFO - [conn=0, chan=650] Received exit status 1
2026-07-25 21:57:13,009 - asyncssh - INFO - [conn=0, chan=650] Received channel close
2026-07-25 21:57:13,009 - asyncssh - INFO - [conn=0, chan=650] Channel closed
2026-07-25 21:57:13,084 - asyncssh - INFO - [conn=0, chan=651] Requesting new SSH session
2026-07-25 21:57:13,085 - asyncssh - INFO - [conn=0, chan=651]   Command: kubectl logs log-generator -n default --tail=50
2026-07-25 21:57:13,148 - asyncssh - INFO - [conn=0, chan=651] Received exit status 0
2026-07-25 21:57:13,148 - asyncssh - INFO - [conn=0, chan=651] Received channel close
2026-07-25 21:57:13,149 - asyncssh - INFO - [conn=0, chan=651] Channel closed
2026-07-25 21:57:13,149 - asyncssh - INFO - [conn=0, chan=652] Requesting new SSH session
2026-07-25 21:57:13,150 - asyncssh - INFO - [conn=0, chan=652]   Command: kubectl top pod log-generator -n default --no-headers
2026-07-25 21:57:13,213 - asyncssh - INFO - [conn=0, chan=652] Received exit status 0
2026-07-25 21:57:13,213 - asyncssh - INFO - [conn=0, chan=652] Received channel close
2026-07-25 21:57:13,213 - asyncssh - INFO - [conn=0, chan=420] Requesting new SSH session
2026-07-25 21:57:13,213 - asyncssh - INFO - [conn=0, chan=652] Channel closed
2026-07-25 21:57:13,213 - asyncssh - INFO - [conn=0, chan=653] Requesting new SSH session
2026-07-25 21:57:13,214 - asyncssh - INFO - [conn=0, chan=653]   Command: kubectl describe pod log-generator -n default | grep -A 5 'Limits:'
2026-07-25 21:57:13,214 - asyncssh - INFO - [conn=0, chan=420]   Command: kubectl logs my-pod -n default --tail=50
2026-07-25 21:57:13,235 - asyncssh - INFO - [conn=0, chan=421] Requesting new SSH session
2026-07-25 21:57:13,237 - asyncssh - INFO - [conn=0, chan=421]   Command: kubectl logs log-generator -n default --tail=50
2026-07-25 21:57:13,282 - asyncssh - INFO - [conn=0, chan=653] Received exit status 0
2026-07-25 21:57:13,282 - asyncssh - INFO - [conn=0, chan=653] Received channel close
2026-07-25 21:57:13,282 - asyncssh - INFO - [conn=0, chan=653] Channel closed
2026-07-25 21:57:13,290 - asyncssh - INFO - [conn=0, chan=420] Received exit status 0
2026-07-25 21:57:13,290 - asyncssh - INFO - [conn=0, chan=420] Received channel close
2026-07-25 21:57:13,291 - asyncssh - INFO - [conn=0, chan=420] Channel closed
2026-07-25 21:57:13,291 - asyncssh - INFO - [conn=0, chan=422] Requesting new SSH session
2026-07-25 21:57:13,291 - asyncssh - INFO - [conn=0, chan=422]   Command: kubectl top pod my-pod -n default --no-headers
2026-07-25 21:57:13,313 - asyncssh - INFO - [conn=0, chan=421] Received exit status 0
2026-07-25 21:57:13,313 - asyncssh - INFO - [conn=0, chan=421] Received channel close
2026-07-25 21:57:13,314 - asyncssh - INFO - [conn=0, chan=421] Channel closed
2026-07-25 21:57:13,314 - asyncssh - INFO - [conn=0, chan=423] Requesting new SSH session
2026-07-25 21:57:13,315 - asyncssh - INFO - [conn=0, chan=423]   Command: kubectl top pod log-generator -n default --no-headers
2026-07-25 21:57:13,353 - asyncssh - INFO - [conn=0, chan=422] Received exit status 0
2026-07-25 21:57:13,353 - asyncssh - INFO - [conn=0, chan=422] Received channel close
2026-07-25 21:57:13,354 - asyncssh - INFO - [conn=0, chan=422] Channel closed
2026-07-25 21:57:13,354 - asyncssh - INFO - [conn=0, chan=424] Requesting new SSH session
2026-07-25 21:57:13,355 - asyncssh - INFO - [conn=0, chan=424]   Command: kubectl describe pod my-pod -n default | grep -A 5 'Limits:'
2026-07-25 21:57:13,371 - asyncssh - INFO - [conn=0, chan=423] Received exit status 0
2026-07-25 21:57:13,371 - asyncssh - INFO - [conn=0, chan=423] Received channel close
2026-07-25 21:57:13,371 - asyncssh - INFO - [conn=0, chan=423] Channel closed
2026-07-25 21:57:13,372 - asyncssh - INFO - [conn=0, chan=425] Requesting new SSH session
2026-07-25 21:57:13,372 - asyncssh - INFO - [conn=0, chan=425]   Command: kubectl describe pod log-generator -n default | grep -A 5 'Limits:'
2026-07-25 21:57:13,416 - asyncssh - INFO - [conn=0, chan=424] Received exit status 1
2026-07-25 21:57:13,417 - asyncssh - INFO - [conn=0, chan=424] Received channel close
2026-07-25 21:57:13,417 - asyncssh - INFO - [conn=0, chan=424] Channel closed
2026-07-25 21:57:13,428 - asyncssh - INFO - [conn=0, chan=425] Received exit status 0
2026-07-25 21:57:13,428 - asyncssh - INFO - [conn=0, chan=425] Received channel close
2026-07-25 21:57:13,429 - asyncssh - INFO - [conn=0, chan=425] Channel closed
2026-07-25 21:57:18,011 - asyncssh - INFO - [conn=0, chan=654] Requesting new SSH session
2026-07-25 21:57:18,012 - asyncssh - INFO - [conn=0, chan=654]   Command: kubectl logs my-pod -n default --tail=50
2026-07-25 21:57:18,080 - asyncssh - INFO - [conn=0, chan=654] Received exit status 0
2026-07-25 21:57:18,080 - asyncssh - INFO - [conn=0, chan=654] Received channel close
2026-07-25 21:57:18,081 - asyncssh - INFO - [conn=0, chan=654] Channel closed
2026-07-25 21:57:18,081 - asyncssh - INFO - [conn=0, chan=655] Requesting new SSH session
2026-07-25 21:57:18,082 - asyncssh - INFO - [conn=0, chan=655]   Command: kubectl top pod my-pod -n default --no-headers
2026-07-25 21:57:18,138 - asyncssh - INFO - [conn=0, chan=655] Received exit status 0
2026-07-25 21:57:18,139 - asyncssh - INFO - [conn=0, chan=655] Received channel close
2026-07-25 21:57:18,139 - asyncssh - INFO - [conn=0, chan=655] Channel closed
2026-07-25 21:57:18,140 - asyncssh - INFO - [conn=0, chan=656] Requesting new SSH session
2026-07-25 21:57:18,140 - asyncssh - INFO - [conn=0, chan=656]   Command: kubectl describe pod my-pod -n default | grep -A 5 'Limits:'
2026-07-25 21:57:18,206 - asyncssh - INFO - [conn=0, chan=656] Received exit status 1
2026-07-25 21:57:18,206 - asyncssh - INFO - [conn=0, chan=656] Received channel close
2026-07-25 21:57:18,206 - asyncssh - INFO - [conn=0, chan=656] Channel closed
2026-07-25 21:57:18,283 - asyncssh - INFO - [conn=0, chan=657] Requesting new SSH session
2026-07-25 21:57:18,284 - asyncssh - INFO - [conn=0, chan=657]   Command: kubectl logs log-generator -n default --tail=50
2026-07-25 21:57:18,352 - asyncssh - INFO - [conn=0, chan=657] Received exit status 0
2026-07-25 21:57:18,352 - asyncssh - INFO - [conn=0, chan=657] Received channel close
2026-07-25 21:57:18,353 - asyncssh - INFO - [conn=0, chan=657] Channel closed
2026-07-25 21:57:18,353 - asyncssh - INFO - [conn=0, chan=658] Requesting new SSH session
2026-07-25 21:57:18,354 - asyncssh - INFO - [conn=0, chan=658]   Command: kubectl top pod log-generator -n default --no-headers
2026-07-25 21:57:18,416 - asyncssh - INFO - [conn=0, chan=658] Received exit status 0
2026-07-25 21:57:18,416 - asyncssh - INFO - [conn=0, chan=658] Received channel close
2026-07-25 21:57:18,418 - asyncssh - INFO - [conn=0, chan=658] Channel closed
2026-07-25 21:57:18,418 - asyncssh - INFO - [conn=0, chan=659] Requesting new SSH session
2026-07-25 21:57:18,418 - asyncssh - INFO - [conn=0, chan=659]   Command: kubectl describe pod log-generator -n default | grep -A 5 'Limits:'
2026-07-25 21:57:18,419 - asyncssh - INFO - [conn=0, chan=426] Requesting new SSH session
2026-07-25 21:57:18,419 - asyncssh - INFO - [conn=0, chan=426]   Command: kubectl logs my-pod -n default --tail=50
2026-07-25 21:57:18,431 - asyncssh - INFO - [conn=0, chan=427] Requesting new SSH session
2026-07-25 21:57:18,432 - asyncssh - INFO - [conn=0, chan=427]   Command: kubectl logs log-generator -n default --tail=50
2026-07-25 21:57:18,499 - asyncssh - INFO - [conn=0, chan=659] Received exit status 0
2026-07-25 21:57:18,499 - asyncssh - INFO - [conn=0, chan=659] Received channel close
2026-07-25 21:57:18,499 - asyncssh - INFO - [conn=0, chan=659] Channel closed
2026-07-25 21:57:18,501 - asyncssh - INFO - [conn=0, chan=426] Received exit status 0
2026-07-25 21:57:18,501 - asyncssh - INFO - [conn=0, chan=426] Received channel close
2026-07-25 21:57:18,501 - asyncssh - INFO - [conn=0, chan=426] Channel closed
2026-07-25 21:57:18,501 - asyncssh - INFO - [conn=0, chan=428] Requesting new SSH session
2026-07-25 21:57:18,502 - asyncssh - INFO - [conn=0, chan=428]   Command: kubectl top pod my-pod -n default --no-headers
2026-07-25 21:57:18,518 - asyncssh - INFO - [conn=0, chan=427] Received exit status 0
2026-07-25 21:57:18,518 - asyncssh - INFO - [conn=0, chan=427] Received channel close
2026-07-25 21:57:18,518 - asyncssh - INFO - [conn=0, chan=427] Channel closed
2026-07-25 21:57:18,519 - asyncssh - INFO - [conn=0, chan=429] Requesting new SSH session
2026-07-25 21:57:18,520 - asyncssh - INFO - [conn=0, chan=429]   Command: kubectl top pod log-generator -n default --no-headers
2026-07-25 21:57:18,561 - asyncssh - INFO - [conn=0, chan=428] Received exit status 0
2026-07-25 21:57:18,562 - asyncssh - INFO - [conn=0, chan=428] Received channel close
2026-07-25 21:57:18,562 - asyncssh - INFO - [conn=0, chan=428] Channel closed
2026-07-25 21:57:18,562 - asyncssh - INFO - [conn=0, chan=430] Requesting new SSH session
2026-07-25 21:57:18,562 - asyncssh - INFO - [conn=0, chan=430]   Command: kubectl describe pod my-pod -n default | grep -A 5 'Limits:'
2026-07-25 21:57:18,578 - asyncssh - INFO - [conn=0, chan=429] Received exit status 0
2026-07-25 21:57:18,579 - asyncssh - INFO - [conn=0, chan=429] Received channel close
2026-07-25 21:57:18,579 - asyncssh - INFO - [conn=0, chan=429] Channel closed
2026-07-25 21:57:18,579 - asyncssh - INFO - [conn=0, chan=431] Requesting new SSH session
2026-07-25 21:57:18,579 - asyncssh - INFO - [conn=0, chan=431]   Command: kubectl describe pod log-generator -n default | grep -A 5 'Limits:'
2026-07-25 21:57:18,621 - asyncssh - INFO - [conn=0, chan=430] Received exit status 1
2026-07-25 21:57:18,621 - asyncssh - INFO - [conn=0, chan=430] Received channel close
2026-07-25 21:57:18,621 - asyncssh - INFO - [conn=0, chan=430] Channel closed
2026-07-25 21:57:18,638 - asyncssh - INFO - [conn=0, chan=431] Received exit status 0
2026-07-25 21:57:18,638 - asyncssh - INFO - [conn=0, chan=431] Received channel close
2026-07-25 21:57:18,639 - asyncssh - INFO - [conn=0, chan=431] Channel closed
2026-07-25 21:57:23,208 - asyncssh - INFO - [conn=0, chan=660] Requesting new SSH session
2026-07-25 21:57:23,209 - asyncssh - INFO - [conn=0, chan=660]   Command: kubectl logs my-pod -n default --tail=50
2026-07-25 21:57:23,279 - asyncssh - INFO - [conn=0, chan=660] Received exit status 0
2026-07-25 21:57:23,279 - asyncssh - INFO - [conn=0, chan=660] Received channel close
2026-07-25 21:57:23,279 - asyncssh - INFO - [conn=0, chan=660] Channel closed
2026-07-25 21:57:23,280 - asyncssh - INFO - [conn=0, chan=661] Requesting new SSH session
2026-07-25 21:57:23,281 - asyncssh - INFO - [conn=0, chan=661]   Command: kubectl top pod my-pod -n default --no-headers
2026-07-25 21:57:23,342 - asyncssh - INFO - [conn=0, chan=661] Received exit status 0
2026-07-25 21:57:23,342 - asyncssh - INFO - [conn=0, chan=661] Received channel close
2026-07-25 21:57:23,342 - asyncssh - INFO - [conn=0, chan=661] Channel closed
2026-07-25 21:57:23,343 - asyncssh - INFO - [conn=0, chan=662] Requesting new SSH session
2026-07-25 21:57:23,343 - asyncssh - INFO - [conn=0, chan=662]   Command: kubectl describe pod my-pod -n default | grep -A 5 'Limits:'
2026-07-25 21:57:23,404 - asyncssh - INFO - [conn=0, chan=662] Received exit status 1
2026-07-25 21:57:23,404 - asyncssh - INFO - [conn=0, chan=662] Received channel close
2026-07-25 21:57:23,404 - asyncssh - INFO - [conn=0, chan=662] Channel closed
2026-07-25 21:57:23,500 - asyncssh - INFO - [conn=0, chan=663] Requesting new SSH session
2026-07-25 21:57:23,501 - asyncssh - INFO - [conn=0, chan=663]   Command: kubectl logs log-generator -n default --tail=50
2026-07-25 21:57:23,565 - asyncssh - INFO - [conn=0, chan=663] Received exit status 0
2026-07-25 21:57:23,565 - asyncssh - INFO - [conn=0, chan=663] Received channel close
2026-07-25 21:57:23,566 - asyncssh - INFO - [conn=0, chan=663] Channel closed
2026-07-25 21:57:23,567 - asyncssh - INFO - [conn=0, chan=664] Requesting new SSH session
2026-07-25 21:57:23,568 - asyncssh - INFO - [conn=0, chan=664]   Command: kubectl top pod log-generator -n default --no-headers
2026-07-25 21:57:23,627 - asyncssh - INFO - [conn=0, chan=664] Received exit status 0
2026-07-25 21:57:23,627 - asyncssh - INFO - [conn=0, chan=664] Received channel close
2026-07-25 21:57:23,628 - asyncssh - INFO - [conn=0, chan=664] Channel closed
2026-07-25 21:57:23,628 - asyncssh - INFO - [conn=0, chan=665] Requesting new SSH session
2026-07-25 21:57:23,629 - asyncssh - INFO - [conn=0, chan=665]   Command: kubectl describe pod log-generator -n default | grep -A 5 'Limits:'
2026-07-25 21:57:23,632 - asyncssh - INFO - [conn=0, chan=432] Requesting new SSH session
2026-07-25 21:57:23,636 - asyncssh - INFO - [conn=0, chan=432]   Command: kubectl logs my-pod -n default --tail=50
2026-07-25 21:57:23,640 - asyncssh - INFO - [conn=0, chan=433] Requesting new SSH session
2026-07-25 21:57:23,641 - asyncssh - INFO - [conn=0, chan=433]   Command: kubectl logs log-generator -n default --tail=50
2026-07-25 21:57:23,708 - asyncssh - INFO - [conn=0, chan=665] Received exit status 0
2026-07-25 21:57:23,709 - asyncssh - INFO - [conn=0, chan=665] Received channel close
2026-07-25 21:57:23,709 - asyncssh - INFO - [conn=0, chan=665] Channel closed
2026-07-25 21:57:23,718 - asyncssh - INFO - [conn=0, chan=432] Received exit status 0
2026-07-25 21:57:23,718 - asyncssh - INFO - [conn=0, chan=432] Received channel close
2026-07-25 21:57:23,719 - asyncssh - INFO - [conn=0, chan=432] Channel closed
2026-07-25 21:57:23,719 - asyncssh - INFO - [conn=0, chan=434] Requesting new SSH session
2026-07-25 21:57:23,719 - asyncssh - INFO - [conn=0, chan=433] Received exit status 0
2026-07-25 21:57:23,719 - asyncssh - INFO - [conn=0, chan=433] Received channel close
2026-07-25 21:57:23,720 - asyncssh - INFO - [conn=0, chan=433] Channel closed
2026-07-25 21:57:23,720 - asyncssh - INFO - [conn=0, chan=435] Requesting new SSH session
2026-07-25 21:57:23,720 - asyncssh - INFO - [conn=0, chan=434]   Command: kubectl top pod my-pod -n default --no-headers
2026-07-25 21:57:23,721 - asyncssh - INFO - [conn=0, chan=435]   Command: kubectl top pod log-generator -n default --no-headers
2026-07-25 21:57:23,779 - asyncssh - INFO - [conn=0, chan=434] Received exit status 0
2026-07-25 21:57:23,779 - asyncssh - INFO - [conn=0, chan=434] Received channel close
2026-07-25 21:57:23,779 - asyncssh - INFO - [conn=0, chan=434] Channel closed
2026-07-25 21:57:23,780 - asyncssh - INFO - [conn=0, chan=436] Requesting new SSH session
2026-07-25 21:57:23,781 - asyncssh - INFO - [conn=0, chan=436]   Command: kubectl describe pod my-pod -n default | grep -A 5 'Limits:'
2026-07-25 21:57:23,782 - asyncssh - INFO - [conn=0, chan=435] Received exit status 0
2026-07-25 21:57:23,783 - asyncssh - INFO - [conn=0, chan=435] Received channel close
2026-07-25 21:57:23,783 - asyncssh - INFO - [conn=0, chan=435] Channel closed
2026-07-25 21:57:23,784 - asyncssh - INFO - [conn=0, chan=437] Requesting new SSH session
2026-07-25 21:57:23,785 - asyncssh - INFO - [conn=0, chan=437]   Command: kubectl describe pod log-generator -n default | grep -A 5 'Limits:'
2026-07-25 21:57:23,845 - asyncssh - INFO - [conn=0, chan=436] Received exit status 1
2026-07-25 21:57:23,845 - asyncssh - INFO - [conn=0, chan=436] Received channel close
2026-07-25 21:57:23,846 - asyncssh - INFO - [conn=0, chan=436] Channel closed
2026-07-25 21:57:23,846 - asyncssh - INFO - [conn=0, chan=437] Received exit status 0
2026-07-25 21:57:23,847 - asyncssh - INFO - [conn=0, chan=437] Received channel close
2026-07-25 21:57:23,847 - asyncssh - INFO - [conn=0, chan=437] Channel closed
2026-07-25 21:57:28,406 - asyncssh - INFO - [conn=0, chan=666] Requesting new SSH session
2026-07-25 21:57:28,407 - asyncssh - INFO - [conn=0, chan=666]   Command: kubectl logs my-pod -n default --tail=50
2026-07-25 21:57:28,473 - asyncssh - INFO - [conn=0, chan=666] Received exit status 0
2026-07-25 21:57:28,473 - asyncssh - INFO - [conn=0, chan=666] Received channel close
2026-07-25 21:57:28,474 - asyncssh - INFO - [conn=0, chan=666] Channel closed
2026-07-25 21:57:28,474 - asyncssh - INFO - [conn=0, chan=667] Requesting new SSH session
2026-07-25 21:57:28,475 - asyncssh - INFO - [conn=0, chan=667]   Command: kubectl top pod my-pod -n default --no-headers
2026-07-25 21:57:28,528 - asyncssh - INFO - [conn=0, chan=667] Received exit status 0
2026-07-25 21:57:28,528 - asyncssh - INFO - [conn=0, chan=667] Received channel close
2026-07-25 21:57:28,529 - asyncssh - INFO - [conn=0, chan=667] Channel closed
2026-07-25 21:57:28,529 - asyncssh - INFO - [conn=0, chan=668] Requesting new SSH session
2026-07-25 21:57:28,530 - asyncssh - INFO - [conn=0, chan=668]   Command: kubectl describe pod my-pod -n default | grep -A 5 'Limits:'
2026-07-25 21:57:28,594 - asyncssh - INFO - [conn=0, chan=668] Received exit status 1
2026-07-25 21:57:28,594 - asyncssh - INFO - [conn=0, chan=668] Received channel close
2026-07-25 21:57:28,594 - asyncssh - INFO - [conn=0, chan=668] Channel closed
2026-07-25 21:57:28,711 - asyncssh - INFO - [conn=0, chan=669] Requesting new SSH session
2026-07-25 21:57:28,712 - asyncssh - INFO - [conn=0, chan=669]   Command: kubectl logs log-generator -n default --tail=50
2026-07-25 21:57:28,781 - asyncssh - INFO - [conn=0, chan=669] Received exit status 0
2026-07-25 21:57:28,781 - asyncssh - INFO - [conn=0, chan=669] Received channel close
2026-07-25 21:57:28,782 - asyncssh - INFO - [conn=0, chan=669] Channel closed
2026-07-25 21:57:28,784 - asyncssh - INFO - [conn=0, chan=670] Requesting new SSH session
2026-07-25 21:57:28,785 - asyncssh - INFO - [conn=0, chan=670]   Command: kubectl top pod log-generator -n default --no-headers
2026-07-25 21:57:28,840 - asyncssh - INFO - [conn=0, chan=670] Received exit status 0
2026-07-25 21:57:28,840 - asyncssh - INFO - [conn=0, chan=670] Received channel close
2026-07-25 21:57:28,841 - asyncssh - INFO - [conn=0, chan=670] Channel closed
2026-07-25 21:57:28,841 - asyncssh - INFO - [conn=0, chan=671] Requesting new SSH session
2026-07-25 21:57:28,841 - asyncssh - INFO - [conn=0, chan=671]   Command: kubectl describe pod log-generator -n default | grep -A 5 'Limits:'
2026-07-25 21:57:28,848 - asyncssh - INFO - [conn=0, chan=438] Requesting new SSH session
2026-07-25 21:57:28,849 - asyncssh - INFO - [conn=0, chan=439] Requesting new SSH session
2026-07-25 21:57:28,852 - asyncssh - INFO - [conn=0, chan=438]   Command: kubectl logs my-pod -n default --tail=50
2026-07-25 21:57:28,855 - asyncssh - INFO - [conn=0, chan=439]   Command: kubectl logs log-generator -n default --tail=50
2026-07-25 21:57:28,926 - asyncssh - INFO - [conn=0, chan=671] Received exit status 0
2026-07-25 21:57:28,927 - asyncssh - INFO - [conn=0, chan=671] Received channel close
2026-07-25 21:57:28,927 - asyncssh - INFO - [conn=0, chan=671] Channel closed
2026-07-25 21:57:28,937 - asyncssh - INFO - [conn=0, chan=438] Received exit status 0
2026-07-25 21:57:28,937 - asyncssh - INFO - [conn=0, chan=438] Received channel close
2026-07-25 21:57:28,937 - asyncssh - INFO - [conn=0, chan=438] Channel closed
2026-07-25 21:57:28,938 - asyncssh - INFO - [conn=0, chan=440] Requesting new SSH session
2026-07-25 21:57:28,938 - asyncssh - INFO - [conn=0, chan=440]   Command: kubectl top pod my-pod -n default --no-headers
2026-07-25 21:57:28,940 - asyncssh - INFO - [conn=0, chan=439] Received exit status 0
2026-07-25 21:57:28,940 - asyncssh - INFO - [conn=0, chan=439] Received channel close
2026-07-25 21:57:28,940 - asyncssh - INFO - [conn=0, chan=439] Channel closed
2026-07-25 21:57:28,941 - asyncssh - INFO - [conn=0, chan=441] Requesting new SSH session
2026-07-25 21:57:28,942 - asyncssh - INFO - [conn=0, chan=441]   Command: kubectl top pod log-generator -n default --no-headers
2026-07-25 21:57:29,000 - asyncssh - INFO - [conn=0, chan=441] Received exit status 0
2026-07-25 21:57:29,001 - asyncssh - INFO - [conn=0, chan=441] Received channel close
2026-07-25 21:57:29,001 - asyncssh - INFO - [conn=0, chan=441] Channel closed
2026-07-25 21:57:29,001 - asyncssh - INFO - [conn=0, chan=442] Requesting new SSH session
2026-07-25 21:57:29,002 - asyncssh - INFO - [conn=0, chan=442]   Command: kubectl describe pod log-generator -n default | grep -A 5 'Limits:'
2026-07-25 21:57:29,003 - asyncssh - INFO - [conn=0, chan=440] Received exit status 0
2026-07-25 21:57:29,003 - asyncssh - INFO - [conn=0, chan=440] Received channel close
2026-07-25 21:57:29,003 - asyncssh - INFO - [conn=0, chan=440] Channel closed
2026-07-25 21:57:29,003 - asyncssh - INFO - [conn=0, chan=443] Requesting new SSH session
2026-07-25 21:57:29,004 - asyncssh - INFO - [conn=0, chan=443]   Command: kubectl describe pod my-pod -n default | grep -A 5 'Limits:'
2026-07-25 21:57:29,062 - asyncssh - INFO - [conn=0, chan=442] Received exit status 0
2026-07-25 21:57:29,062 - asyncssh - INFO - [conn=0, chan=442] Received channel close
2026-07-25 21:57:29,062 - asyncssh - INFO - [conn=0, chan=442] Channel closed
2026-07-25 21:57:29,062 - asyncssh - INFO - [conn=0, chan=443] Received exit status 1
2026-07-25 21:57:29,063 - asyncssh - INFO - [conn=0, chan=443] Received channel close
2026-07-25 21:57:29,063 - asyncssh - INFO - [conn=0, chan=443] Channel closed
2026-07-25 21:57:33,596 - asyncssh - INFO - [conn=0, chan=672] Requesting new SSH session
2026-07-25 21:57:33,597 - asyncssh - INFO - [conn=0, chan=672]   Command: kubectl logs my-pod -n default --tail=50
2026-07-25 21:57:33,667 - asyncssh - INFO - [conn=0, chan=672] Received exit status 0
2026-07-25 21:57:33,668 - asyncssh - INFO - [conn=0, chan=672] Received channel close
2026-07-25 21:57:33,668 - asyncssh - INFO - [conn=0, chan=672] Channel closed
2026-07-25 21:57:33,668 - asyncssh - INFO - [conn=0, chan=673] Requesting new SSH session
2026-07-25 21:57:33,669 - asyncssh - INFO - [conn=0, chan=673]   Command: kubectl top pod my-pod -n default --no-headers
2026-07-25 21:57:33,728 - asyncssh - INFO - [conn=0, chan=673] Received exit status 0
2026-07-25 21:57:33,728 - asyncssh - INFO - [conn=0, chan=673] Received channel close
2026-07-25 21:57:33,728 - asyncssh - INFO - [conn=0, chan=673] Channel closed
2026-07-25 21:57:33,728 - asyncssh - INFO - [conn=0, chan=674] Requesting new SSH session
2026-07-25 21:57:33,729 - asyncssh - INFO - [conn=0, chan=674]   Command: kubectl describe pod my-pod -n default | grep -A 5 'Limits:'
2026-07-25 21:57:33,797 - asyncssh - INFO - [conn=0, chan=674] Received exit status 1
2026-07-25 21:57:33,797 - asyncssh - INFO - [conn=0, chan=674] Received channel close
2026-07-25 21:57:33,798 - asyncssh - INFO - [conn=0, chan=674] Channel closed
2026-07-25 21:57:33,929 - asyncssh - INFO - [conn=0, chan=675] Requesting new SSH session
2026-07-25 21:57:33,930 - asyncssh - INFO - [conn=0, chan=675]   Command: kubectl logs log-generator -n default --tail=50
2026-07-25 21:57:34,012 - asyncssh - INFO - [conn=0, chan=675] Received exit status 0
2026-07-25 21:57:34,012 - asyncssh - INFO - [conn=0, chan=675] Received channel close
2026-07-25 21:57:34,012 - asyncssh - INFO - [conn=0, chan=675] Channel closed
2026-07-25 21:57:34,013 - asyncssh - INFO - [conn=0, chan=676] Requesting new SSH session
2026-07-25 21:57:34,013 - asyncssh - INFO - [conn=0, chan=676]   Command: kubectl top pod log-generator -n default --no-headers
2026-07-25 21:57:34,063 - asyncssh - INFO - [conn=0, chan=444] Requesting new SSH session
2026-07-25 21:57:34,064 - asyncssh - INFO - [conn=0, chan=445] Requesting new SSH session
2026-07-25 21:57:34,064 - asyncssh - INFO - [conn=0, chan=444]   Command: kubectl logs log-generator -n default --tail=50
2026-07-25 21:57:34,065 - asyncssh - INFO - [conn=0, chan=445]   Command: kubectl logs my-pod -n default --tail=50
2026-07-25 21:57:34,078 - asyncssh - INFO - [conn=0, chan=676] Received exit status 0
2026-07-25 21:57:34,079 - asyncssh - INFO - [conn=0, chan=676] Received channel close
2026-07-25 21:57:34,079 - asyncssh - INFO - [conn=0, chan=676] Channel closed
2026-07-25 21:57:34,080 - asyncssh - INFO - [conn=0, chan=677] Requesting new SSH session
2026-07-25 21:57:34,081 - asyncssh - INFO - [conn=0, chan=677]   Command: kubectl describe pod log-generator -n default | grep -A 5 'Limits:'
2026-07-25 21:57:34,148 - asyncssh - INFO - [conn=0, chan=444] Received exit status 0
2026-07-25 21:57:34,148 - asyncssh - INFO - [conn=0, chan=444] Received channel close
2026-07-25 21:57:34,149 - asyncssh - INFO - [conn=0, chan=444] Channel closed
2026-07-25 21:57:34,149 - asyncssh - INFO - [conn=0, chan=446] Requesting new SSH session
2026-07-25 21:57:34,150 - asyncssh - INFO - [conn=0, chan=446]   Command: kubectl top pod log-generator -n default --no-headers
2026-07-25 21:57:34,153 - asyncssh - INFO - [conn=0, chan=445] Received exit status 0
2026-07-25 21:57:34,153 - asyncssh - INFO - [conn=0, chan=445] Received channel close
2026-07-25 21:57:34,154 - asyncssh - INFO - [conn=0, chan=445] Channel closed
2026-07-25 21:57:34,154 - asyncssh - INFO - [conn=0, chan=447] Requesting new SSH session
2026-07-25 21:57:34,155 - asyncssh - INFO - [conn=0, chan=447]   Command: kubectl top pod my-pod -n default --no-headers
2026-07-25 21:57:34,161 - asyncssh - INFO - [conn=0, chan=677] Received exit status 0
2026-07-25 21:57:34,161 - asyncssh - INFO - [conn=0, chan=677] Received channel close
2026-07-25 21:57:34,161 - asyncssh - INFO - [conn=0, chan=677] Channel closed
2026-07-25 21:57:34,216 - asyncssh - INFO - [conn=0, chan=446] Received exit status 0
2026-07-25 21:57:34,216 - asyncssh - INFO - [conn=0, chan=446] Received channel close
2026-07-25 21:57:34,217 - asyncssh - INFO - [conn=0, chan=446] Channel closed
2026-07-25 21:57:34,217 - asyncssh - INFO - [conn=0, chan=447] Received exit status 0
2026-07-25 21:57:34,217 - asyncssh - INFO - [conn=0, chan=447] Received channel close
2026-07-25 21:57:34,217 - asyncssh - INFO - [conn=0, chan=448] Requesting new SSH session
2026-07-25 21:57:34,217 - asyncssh - INFO - [conn=0, chan=447] Channel closed
2026-07-25 21:57:34,218 - asyncssh - INFO - [conn=0, chan=449] Requesting new SSH session
2026-07-25 21:57:34,218 - asyncssh - INFO - [conn=0, chan=448]   Command: kubectl describe pod log-generator -n default | grep -A 5 'Limits:'
2026-07-25 21:57:34,218 - asyncssh - INFO - [conn=0, chan=449]   Command: kubectl describe pod my-pod -n default | grep -A 5 'Limits:'
2026-07-25 21:57:34,277 - asyncssh - INFO - [conn=0, chan=448] Received exit status 0
2026-07-25 21:57:34,277 - asyncssh - INFO - [conn=0, chan=448] Received channel close
2026-07-25 21:57:34,277 - asyncssh - INFO - [conn=0, chan=448] Channel closed
2026-07-25 21:57:34,278 - asyncssh - INFO - [conn=0, chan=449] Received exit status 1
2026-07-25 21:57:34,279 - asyncssh - INFO - [conn=0, chan=449] Received channel close
2026-07-25 21:57:34,279 - asyncssh - INFO - [conn=0, chan=449] Channel closed
2026-07-25 21:57:38,799 - asyncssh - INFO - [conn=0, chan=678] Requesting new SSH session
2026-07-25 21:57:38,800 - asyncssh - INFO - [conn=0, chan=678]   Command: kubectl logs my-pod -n default --tail=50
2026-07-25 21:57:38,868 - asyncssh - INFO - [conn=0, chan=678] Received exit status 0
2026-07-25 21:57:38,869 - asyncssh - INFO - [conn=0, chan=678] Received channel close
2026-07-25 21:57:38,869 - asyncssh - INFO - [conn=0, chan=678] Channel closed
2026-07-25 21:57:38,870 - asyncssh - INFO - [conn=0, chan=679] Requesting new SSH session
2026-07-25 21:57:38,871 - asyncssh - INFO - [conn=0, chan=679]   Command: kubectl top pod my-pod -n default --no-headers
2026-07-25 21:57:38,927 - asyncssh - INFO - [conn=0, chan=679] Received exit status 0
2026-07-25 21:57:38,927 - asyncssh - INFO - [conn=0, chan=679] Received channel close
2026-07-25 21:57:38,928 - asyncssh - INFO - [conn=0, chan=679] Channel closed
2026-07-25 21:57:38,929 - asyncssh - INFO - [conn=0, chan=680] Requesting new SSH session
2026-07-25 21:57:38,929 - asyncssh - INFO - [conn=0, chan=680]   Command: kubectl describe pod my-pod -n default | grep -A 5 'Limits:'
2026-07-25 21:57:38,996 - asyncssh - INFO - [conn=0, chan=680] Received exit status 1
2026-07-25 21:57:38,996 - asyncssh - INFO - [conn=0, chan=680] Received channel close
2026-07-25 21:57:38,997 - asyncssh - INFO - [conn=0, chan=680] Channel closed
2026-07-25 21:57:39,162 - asyncssh - INFO - [conn=0, chan=681] Requesting new SSH session
2026-07-25 21:57:39,163 - asyncssh - INFO - [conn=0, chan=681]   Command: kubectl logs log-generator -n default --tail=50
2026-07-25 21:57:39,235 - asyncssh - INFO - [conn=0, chan=681] Received exit status 0
2026-07-25 21:57:39,235 - asyncssh - INFO - [conn=0, chan=681] Received channel close
2026-07-25 21:57:39,236 - asyncssh - INFO - [conn=0, chan=681] Channel closed
2026-07-25 21:57:39,236 - asyncssh - INFO - [conn=0, chan=682] Requesting new SSH session
2026-07-25 21:57:39,237 - asyncssh - INFO - [conn=0, chan=682]   Command: kubectl top pod log-generator -n default --no-headers
2026-07-25 21:57:39,278 - asyncssh - INFO - [conn=0, chan=450] Requesting new SSH session
2026-07-25 21:57:39,279 - asyncssh - INFO - [conn=0, chan=450]   Command: kubectl logs log-generator -n default --tail=50
2026-07-25 21:57:39,279 - asyncssh - INFO - [conn=0, chan=451] Requesting new SSH session
2026-07-25 21:57:39,280 - asyncssh - INFO - [conn=0, chan=451]   Command: kubectl logs my-pod -n default --tail=50
2026-07-25 21:57:39,305 - asyncssh - INFO - [conn=0, chan=682] Received exit status 0
2026-07-25 21:57:39,305 - asyncssh - INFO - [conn=0, chan=682] Received channel close
2026-07-25 21:57:39,306 - asyncssh - INFO - [conn=0, chan=682] Channel closed
2026-07-25 21:57:39,306 - asyncssh - INFO - [conn=0, chan=683] Requesting new SSH session
2026-07-25 21:57:39,306 - asyncssh - INFO - [conn=0, chan=683]   Command: kubectl describe pod log-generator -n default | grep -A 5 'Limits:'
2026-07-25 21:57:39,359 - asyncssh - INFO - [conn=0, chan=450] Received exit status 0
2026-07-25 21:57:39,360 - asyncssh - INFO - [conn=0, chan=450] Received channel close
2026-07-25 21:57:39,360 - asyncssh - INFO - [conn=0, chan=450] Channel closed
2026-07-25 21:57:39,360 - asyncssh - INFO - [conn=0, chan=452] Requesting new SSH session
2026-07-25 21:57:39,361 - asyncssh - INFO - [conn=0, chan=452]   Command: kubectl top pod log-generator -n default --no-headers
2026-07-25 21:57:39,361 - asyncssh - INFO - [conn=0, chan=451] Received exit status 0
2026-07-25 21:57:39,361 - asyncssh - INFO - [conn=0, chan=451] Received channel close
2026-07-25 21:57:39,362 - asyncssh - INFO - [conn=0, chan=451] Channel closed
2026-07-25 21:57:39,362 - asyncssh - INFO - [conn=0, chan=453] Requesting new SSH session
2026-07-25 21:57:39,363 - asyncssh - INFO - [conn=0, chan=453]   Command: kubectl top pod my-pod -n default --no-headers
2026-07-25 21:57:39,382 - asyncssh - INFO - [conn=0, chan=683] Received exit status 0
2026-07-25 21:57:39,382 - asyncssh - INFO - [conn=0, chan=683] Received channel close
2026-07-25 21:57:39,382 - asyncssh - INFO - [conn=0, chan=683] Channel closed
2026-07-25 21:57:39,425 - asyncssh - INFO - [conn=0, chan=453] Received exit status 0
2026-07-25 21:57:39,426 - asyncssh - INFO - [conn=0, chan=453] Received channel close
2026-07-25 21:57:39,426 - asyncssh - INFO - [conn=0, chan=453] Channel closed
2026-07-25 21:57:39,426 - asyncssh - INFO - [conn=0, chan=454] Requesting new SSH session
2026-07-25 21:57:39,427 - asyncssh - INFO - [conn=0, chan=454]   Command: kubectl describe pod my-pod -n default | grep -A 5 'Limits:'
2026-07-25 21:57:39,429 - asyncssh - INFO - [conn=0, chan=452] Received exit status 0
2026-07-25 21:57:39,429 - asyncssh - INFO - [conn=0, chan=452] Received channel close
2026-07-25 21:57:39,429 - asyncssh - INFO - [conn=0, chan=452] Channel closed
2026-07-25 21:57:39,429 - asyncssh - INFO - [conn=0, chan=455] Requesting new SSH session
2026-07-25 21:57:39,430 - asyncssh - INFO - [conn=0, chan=455]   Command: kubectl describe pod log-generator -n default | grep -A 5 'Limits:'
2026-07-25 21:57:39,490 - asyncssh - INFO - [conn=0, chan=454] Received exit status 1
2026-07-25 21:57:39,490 - asyncssh - INFO - [conn=0, chan=454] Received channel close
2026-07-25 21:57:39,490 - asyncssh - INFO - [conn=0, chan=454] Channel closed
2026-07-25 21:57:39,492 - asyncssh - INFO - [conn=0, chan=455] Received exit status 0
2026-07-25 21:57:39,492 - asyncssh - INFO - [conn=0, chan=455] Received channel close
2026-07-25 21:57:39,492 - asyncssh - INFO - [conn=0, chan=455] Channel closed
2026-07-25 21:57:43,998 - asyncssh - INFO - [conn=0, chan=684] Requesting new SSH session
2026-07-25 21:57:43,999 - asyncssh - INFO - [conn=0, chan=684]   Command: kubectl logs my-pod -n default --tail=50
2026-07-25 21:57:44,065 - asyncssh - INFO - [conn=0, chan=684] Received exit status 0
2026-07-25 21:57:44,065 - asyncssh - INFO - [conn=0, chan=684] Received channel close
2026-07-25 21:57:44,065 - asyncssh - INFO - [conn=0, chan=684] Channel closed
2026-07-25 21:57:44,066 - asyncssh - INFO - [conn=0, chan=685] Requesting new SSH session
2026-07-25 21:57:44,067 - asyncssh - INFO - [conn=0, chan=685]   Command: kubectl top pod my-pod -n default --no-headers
2026-07-25 21:57:44,127 - asyncssh - INFO - [conn=0, chan=685] Received exit status 0
2026-07-25 21:57:44,127 - asyncssh - INFO - [conn=0, chan=685] Received channel close
2026-07-25 21:57:44,127 - asyncssh - INFO - [conn=0, chan=685] Channel closed
2026-07-25 21:57:44,128 - asyncssh - INFO - [conn=0, chan=686] Requesting new SSH session
2026-07-25 21:57:44,129 - asyncssh - INFO - [conn=0, chan=686]   Command: kubectl describe pod my-pod -n default | grep -A 5 'Limits:'
2026-07-25 21:57:44,196 - asyncssh - INFO - [conn=0, chan=686] Received exit status 1
2026-07-25 21:57:44,197 - asyncssh - INFO - [conn=0, chan=686] Received channel close
2026-07-25 21:57:44,197 - asyncssh - INFO - [conn=0, chan=686] Channel closed
2026-07-25 21:57:44,384 - asyncssh - INFO - [conn=0, chan=687] Requesting new SSH session
2026-07-25 21:57:44,385 - asyncssh - INFO - [conn=0, chan=687]   Command: kubectl logs log-generator -n default --tail=50
2026-07-25 21:57:44,449 - asyncssh - INFO - [conn=0, chan=687] Received exit status 0
2026-07-25 21:57:44,450 - asyncssh - INFO - [conn=0, chan=687] Received channel close
2026-07-25 21:57:44,450 - asyncssh - INFO - [conn=0, chan=687] Channel closed
2026-07-25 21:57:44,451 - asyncssh - INFO - [conn=0, chan=688] Requesting new SSH session
2026-07-25 21:57:44,452 - asyncssh - INFO - [conn=0, chan=688]   Command: kubectl top pod log-generator -n default --no-headers
2026-07-25 21:57:44,492 - asyncssh - INFO - [conn=0, chan=456] Requesting new SSH session
2026-07-25 21:57:44,493 - asyncssh - INFO - [conn=0, chan=457] Requesting new SSH session
2026-07-25 21:57:44,494 - asyncssh - INFO - [conn=0, chan=456]   Command: kubectl logs my-pod -n default --tail=50
2026-07-25 21:57:44,495 - asyncssh - INFO - [conn=0, chan=457]   Command: kubectl logs log-generator -n default --tail=50
2026-07-25 21:57:44,514 - asyncssh - INFO - [conn=0, chan=688] Received exit status 0
2026-07-25 21:57:44,514 - asyncssh - INFO - [conn=0, chan=688] Received channel close
2026-07-25 21:57:44,515 - asyncssh - INFO - [conn=0, chan=688] Channel closed
2026-07-25 21:57:44,516 - asyncssh - INFO - [conn=0, chan=689] Requesting new SSH session
2026-07-25 21:57:44,517 - asyncssh - INFO - [conn=0, chan=689]   Command: kubectl describe pod log-generator -n default | grep -A 5 'Limits:'
2026-07-25 21:57:44,567 - asyncssh - INFO - [conn=0, chan=456] Received exit status 0
2026-07-25 21:57:44,567 - asyncssh - INFO - [conn=0, chan=456] Received channel close
2026-07-25 21:57:44,568 - asyncssh - INFO - [conn=0, chan=456] Channel closed
2026-07-25 21:57:44,568 - asyncssh - INFO - [conn=0, chan=458] Requesting new SSH session
2026-07-25 21:57:44,569 - asyncssh - INFO - [conn=0, chan=458]   Command: kubectl top pod my-pod -n default --no-headers
2026-07-25 21:57:44,570 - asyncssh - INFO - [conn=0, chan=457] Received exit status 0
2026-07-25 21:57:44,570 - asyncssh - INFO - [conn=0, chan=457] Received channel close
2026-07-25 21:57:44,571 - asyncssh - INFO - [conn=0, chan=457] Channel closed
2026-07-25 21:57:44,571 - asyncssh - INFO - [conn=0, chan=459] Requesting new SSH session
2026-07-25 21:57:44,572 - asyncssh - INFO - [conn=0, chan=459]   Command: kubectl top pod log-generator -n default --no-headers
2026-07-25 21:57:44,593 - asyncssh - INFO - [conn=0, chan=689] Received exit status 0
2026-07-25 21:57:44,593 - asyncssh - INFO - [conn=0, chan=689] Received channel close
2026-07-25 21:57:44,594 - asyncssh - INFO - [conn=0, chan=689] Channel closed
2026-07-25 21:57:44,631 - asyncssh - INFO - [conn=0, chan=458] Received exit status 0
2026-07-25 21:57:44,631 - asyncssh - INFO - [conn=0, chan=459] Received exit status 0
2026-07-25 21:57:44,631 - asyncssh - INFO - [conn=0, chan=458] Received channel close
2026-07-25 21:57:44,632 - asyncssh - INFO - [conn=0, chan=459] Received channel close
2026-07-25 21:57:44,632 - asyncssh - INFO - [conn=0, chan=458] Channel closed
2026-07-25 21:57:44,632 - asyncssh - INFO - [conn=0, chan=459] Channel closed
2026-07-25 21:57:44,632 - asyncssh - INFO - [conn=0, chan=460] Requesting new SSH session
2026-07-25 21:57:44,633 - asyncssh - INFO - [conn=0, chan=461] Requesting new SSH session
2026-07-25 21:57:44,633 - asyncssh - INFO - [conn=0, chan=460]   Command: kubectl describe pod my-pod -n default | grep -A 5 'Limits:'
2026-07-25 21:57:44,634 - asyncssh - INFO - [conn=0, chan=461]   Command: kubectl describe pod log-generator -n default | grep -A 5 'Limits:'
2026-07-25 21:57:44,695 - asyncssh - INFO - [conn=0, chan=461] Received exit status 0
2026-07-25 21:57:44,696 - asyncssh - INFO - [conn=0, chan=461] Received channel close
2026-07-25 21:57:44,696 - asyncssh - INFO - [conn=0, chan=461] Channel closed
2026-07-25 21:57:44,696 - asyncssh - INFO - [conn=0, chan=460] Received exit status 1
2026-07-25 21:57:44,696 - asyncssh - INFO - [conn=0, chan=460] Received channel close
2026-07-25 21:57:44,697 - asyncssh - INFO - [conn=0, chan=460] Channel closed
2026-07-25 21:57:49,200 - asyncssh - INFO - [conn=0, chan=690] Requesting new SSH session
2026-07-25 21:57:49,201 - asyncssh - INFO - [conn=0, chan=690]   Command: kubectl logs my-pod -n default --tail=50
2026-07-25 21:57:49,270 - asyncssh - INFO - [conn=0, chan=690] Received exit status 0
2026-07-25 21:57:49,270 - asyncssh - INFO - [conn=0, chan=690] Received channel close
2026-07-25 21:57:49,271 - asyncssh - INFO - [conn=0, chan=690] Channel closed
2026-07-25 21:57:49,271 - asyncssh - INFO - [conn=0, chan=691] Requesting new SSH session
2026-07-25 21:57:49,272 - asyncssh - INFO - [conn=0, chan=691]   Command: kubectl top pod my-pod -n default --no-headers
2026-07-25 21:57:49,331 - asyncssh - INFO - [conn=0, chan=691] Received exit status 0
2026-07-25 21:57:49,332 - asyncssh - INFO - [conn=0, chan=691] Received channel close
2026-07-25 21:57:49,333 - asyncssh - INFO - [conn=0, chan=691] Channel closed
2026-07-25 21:57:49,333 - asyncssh - INFO - [conn=0, chan=692] Requesting new SSH session
2026-07-25 21:57:49,334 - asyncssh - INFO - [conn=0, chan=692]   Command: kubectl describe pod my-pod -n default | grep -A 5 'Limits:'
2026-07-25 21:57:49,399 - asyncssh - INFO - [conn=0, chan=692] Received exit status 1
2026-07-25 21:57:49,399 - asyncssh - INFO - [conn=0, chan=692] Received channel close
2026-07-25 21:57:49,400 - asyncssh - INFO - [conn=0, chan=692] Channel closed
2026-07-25 21:57:49,596 - asyncssh - INFO - [conn=0, chan=693] Requesting new SSH session
2026-07-25 21:57:49,597 - asyncssh - INFO - [conn=0, chan=693]   Command: kubectl logs log-generator -n default --tail=50
2026-07-25 21:57:49,667 - asyncssh - INFO - [conn=0, chan=693] Received exit status 0
2026-07-25 21:57:49,667 - asyncssh - INFO - [conn=0, chan=693] Received channel close
2026-07-25 21:57:49,668 - asyncssh - INFO - [conn=0, chan=693] Channel closed
2026-07-25 21:57:49,669 - asyncssh - INFO - [conn=0, chan=694] Requesting new SSH session
2026-07-25 21:57:49,670 - asyncssh - INFO - [conn=0, chan=694]   Command: kubectl top pod log-generator -n default --no-headers
2026-07-25 21:57:49,697 - asyncssh - INFO - [conn=0, chan=462] Requesting new SSH session
2026-07-25 21:57:49,698 - asyncssh - INFO - [conn=0, chan=463] Requesting new SSH session
2026-07-25 21:57:49,699 - asyncssh - INFO - [conn=0, chan=462]   Command: kubectl logs log-generator -n default --tail=50
2026-07-25 21:57:49,699 - asyncssh - INFO - [conn=0, chan=463]   Command: kubectl logs my-pod -n default --tail=50
2026-07-25 21:57:49,741 - asyncssh - INFO - [conn=0, chan=694] Received exit status 0
2026-07-25 21:57:49,741 - asyncssh - INFO - [conn=0, chan=694] Received channel close
2026-07-25 21:57:49,741 - asyncssh - INFO - [conn=0, chan=694] Channel closed
2026-07-25 21:57:49,742 - asyncssh - INFO - [conn=0, chan=695] Requesting new SSH session
2026-07-25 21:57:49,742 - asyncssh - INFO - [conn=0, chan=695]   Command: kubectl describe pod log-generator -n default | grep -A 5 'Limits:'
2026-07-25 21:57:49,780 - asyncssh - INFO - [conn=0, chan=462] Received exit status 0
2026-07-25 21:57:49,780 - asyncssh - INFO - [conn=0, chan=462] Received channel close
2026-07-25 21:57:49,781 - asyncssh - INFO - [conn=0, chan=462] Channel closed
2026-07-25 21:57:49,781 - asyncssh - INFO - [conn=0, chan=463] Received exit status 0
2026-07-25 21:57:49,781 - asyncssh - INFO - [conn=0, chan=463] Received channel close
2026-07-25 21:57:49,782 - asyncssh - INFO - [conn=0, chan=464] Requesting new SSH session
2026-07-25 21:57:49,782 - asyncssh - INFO - [conn=0, chan=463] Channel closed
2026-07-25 21:57:49,783 - asyncssh - INFO - [conn=0, chan=465] Requesting new SSH session
2026-07-25 21:57:49,784 - asyncssh - INFO - [conn=0, chan=464]   Command: kubectl top pod log-generator -n default --no-headers
2026-07-25 21:57:49,784 - asyncssh - INFO - [conn=0, chan=465]   Command: kubectl top pod my-pod -n default --no-headers
2026-07-25 21:57:49,815 - asyncssh - INFO - [conn=0, chan=695] Received exit status 0
2026-07-25 21:57:49,815 - asyncssh - INFO - [conn=0, chan=695] Received channel close
2026-07-25 21:57:49,815 - asyncssh - INFO - [conn=0, chan=695] Channel closed
2026-07-25 21:57:49,851 - asyncssh - INFO - [conn=0, chan=465] Received exit status 0
2026-07-25 21:57:49,851 - asyncssh - INFO - [conn=0, chan=465] Received channel close
2026-07-25 21:57:49,852 - asyncssh - INFO - [conn=0, chan=465] Channel closed
2026-07-25 21:57:49,853 - asyncssh - INFO - [conn=0, chan=464] Received exit status 0
2026-07-25 21:57:49,853 - asyncssh - INFO - [conn=0, chan=464] Received channel close
2026-07-25 21:57:49,854 - asyncssh - INFO - [conn=0, chan=466] Requesting new SSH session
2026-07-25 21:57:49,854 - asyncssh - INFO - [conn=0, chan=464] Channel closed
2026-07-25 21:57:49,855 - asyncssh - INFO - [conn=0, chan=467] Requesting new SSH session
2026-07-25 21:57:49,856 - asyncssh - INFO - [conn=0, chan=466]   Command: kubectl describe pod my-pod -n default | grep -A 5 'Limits:'
2026-07-25 21:57:49,856 - asyncssh - INFO - [conn=0, chan=467]   Command: kubectl describe pod log-generator -n default | grep -A 5 'Limits:'
2026-07-25 21:57:49,934 - asyncssh - INFO - [conn=0, chan=466] Received exit status 1
2026-07-25 21:57:49,935 - asyncssh - INFO - [conn=0, chan=466] Received channel close
2026-07-25 21:57:49,935 - asyncssh - INFO - [conn=0, chan=466] Channel closed
2026-07-25 21:57:49,937 - asyncssh - INFO - [conn=0, chan=467] Received exit status 0
2026-07-25 21:57:49,938 - asyncssh - INFO - [conn=0, chan=467] Received channel close
2026-07-25 21:57:49,938 - asyncssh - INFO - [conn=0, chan=467] Channel closed
2026-07-25 21:57:54,401 - asyncssh - INFO - [conn=0, chan=696] Requesting new SSH session
2026-07-25 21:57:54,402 - asyncssh - INFO - [conn=0, chan=696]   Command: kubectl logs my-pod -n default --tail=50
2026-07-25 21:57:54,463 - asyncssh - INFO - [conn=0, chan=696] Received exit status 0
2026-07-25 21:57:54,463 - asyncssh - INFO - [conn=0, chan=696] Received channel close
2026-07-25 21:57:54,464 - asyncssh - INFO - [conn=0, chan=696] Channel closed
2026-07-25 21:57:54,464 - asyncssh - INFO - [conn=0, chan=697] Requesting new SSH session
2026-07-25 21:57:54,465 - asyncssh - INFO - [conn=0, chan=697]   Command: kubectl top pod my-pod -n default --no-headers
2026-07-25 21:57:54,524 - asyncssh - INFO - [conn=0, chan=697] Received exit status 0
2026-07-25 21:57:54,525 - asyncssh - INFO - [conn=0, chan=697] Received channel close
2026-07-25 21:57:54,525 - asyncssh - INFO - [conn=0, chan=697] Channel closed
2026-07-25 21:57:54,525 - asyncssh - INFO - [conn=0, chan=698] Requesting new SSH session
2026-07-25 21:57:54,526 - asyncssh - INFO - [conn=0, chan=698]   Command: kubectl describe pod my-pod -n default | grep -A 5 'Limits:'
2026-07-25 21:57:54,590 - asyncssh - INFO - [conn=0, chan=698] Received exit status 1
2026-07-25 21:57:54,590 - asyncssh - INFO - [conn=0, chan=698] Received channel close
2026-07-25 21:57:54,590 - asyncssh - INFO - [conn=0, chan=698] Channel closed
2026-07-25 21:57:54,817 - asyncssh - INFO - [conn=0, chan=699] Requesting new SSH session
2026-07-25 21:57:54,818 - asyncssh - INFO - [conn=0, chan=699]   Command: kubectl logs log-generator -n default --tail=50
2026-07-25 21:57:54,886 - asyncssh - INFO - [conn=0, chan=699] Received exit status 0
2026-07-25 21:57:54,886 - asyncssh - INFO - [conn=0, chan=699] Received channel close
2026-07-25 21:57:54,887 - asyncssh - INFO - [conn=0, chan=699] Channel closed
2026-07-25 21:57:54,887 - asyncssh - INFO - [conn=0, chan=700] Requesting new SSH session
2026-07-25 21:57:54,888 - asyncssh - INFO - [conn=0, chan=700]   Command: kubectl top pod log-generator -n default --no-headers
2026-07-25 21:57:54,936 - asyncssh - INFO - [conn=0, chan=468] Requesting new SSH session
2026-07-25 21:57:54,937 - asyncssh - INFO - [conn=0, chan=468]   Command: kubectl logs my-pod -n default --tail=50
2026-07-25 21:57:54,938 - asyncssh - INFO - [conn=0, chan=469] Requesting new SSH session
2026-07-25 21:57:54,939 - asyncssh - INFO - [conn=0, chan=469]   Command: kubectl logs log-generator -n default --tail=50
2026-07-25 21:57:54,953 - asyncssh - INFO - [conn=0, chan=700] Received exit status 0
2026-07-25 21:57:54,953 - asyncssh - INFO - [conn=0, chan=700] Received channel close
2026-07-25 21:57:54,953 - asyncssh - INFO - [conn=0, chan=700] Channel closed
2026-07-25 21:57:54,954 - asyncssh - INFO - [conn=0, chan=701] Requesting new SSH session
2026-07-25 21:57:54,955 - asyncssh - INFO - [conn=0, chan=701]   Command: kubectl describe pod log-generator -n default | grep -A 5 'Limits:'
2026-07-25 21:57:55,027 - asyncssh - INFO - [conn=0, chan=468] Received exit status 0
2026-07-25 21:57:55,027 - asyncssh - INFO - [conn=0, chan=468] Received channel close
2026-07-25 21:57:55,028 - asyncssh - INFO - [conn=0, chan=468] Channel closed
2026-07-25 21:57:55,028 - asyncssh - INFO - [conn=0, chan=469] Received exit status 0
2026-07-25 21:57:55,028 - asyncssh - INFO - [conn=0, chan=469] Received channel close
2026-07-25 21:57:55,029 - asyncssh - INFO - [conn=0, chan=470] Requesting new SSH session
2026-07-25 21:57:55,029 - asyncssh - INFO - [conn=0, chan=469] Channel closed
2026-07-25 21:57:55,030 - asyncssh - INFO - [conn=0, chan=471] Requesting new SSH session
2026-07-25 21:57:55,030 - asyncssh - INFO - [conn=0, chan=470]   Command: kubectl top pod my-pod -n default --no-headers
2026-07-25 21:57:55,030 - asyncssh - INFO - [conn=0, chan=471]   Command: kubectl top pod log-generator -n default --no-headers
2026-07-25 21:57:55,033 - asyncssh - INFO - [conn=0, chan=701] Received exit status 0
2026-07-25 21:57:55,033 - asyncssh - INFO - [conn=0, chan=701] Received channel close
2026-07-25 21:57:55,033 - asyncssh - INFO - [conn=0, chan=701] Channel closed
2026-07-25 21:57:55,092 - asyncssh - INFO - [conn=0, chan=471] Received exit status 0
2026-07-25 21:57:55,092 - asyncssh - INFO - [conn=0, chan=471] Received channel close
2026-07-25 21:57:55,092 - asyncssh - INFO - [conn=0, chan=471] Channel closed
2026-07-25 21:57:55,093 - asyncssh - INFO - [conn=0, chan=472] Requesting new SSH session
2026-07-25 21:57:55,094 - asyncssh - INFO - [conn=0, chan=470] Received exit status 0
2026-07-25 21:57:55,094 - asyncssh - INFO - [conn=0, chan=470] Received channel close
2026-07-25 21:57:55,094 - asyncssh - INFO - [conn=0, chan=470] Channel closed
2026-07-25 21:57:55,094 - asyncssh - INFO - [conn=0, chan=472]   Command: kubectl describe pod log-generator -n default | grep -A 5 'Limits:'
2026-07-25 21:57:55,094 - asyncssh - INFO - [conn=0, chan=473] Requesting new SSH session
2026-07-25 21:57:55,096 - asyncssh - INFO - [conn=0, chan=473]   Command: kubectl describe pod my-pod -n default | grep -A 5 'Limits:'
2026-07-25 21:57:55,161 - asyncssh - INFO - [conn=0, chan=473] Received exit status 1
2026-07-25 21:57:55,161 - asyncssh - INFO - [conn=0, chan=473] Received channel close
2026-07-25 21:57:55,162 - asyncssh - INFO - [conn=0, chan=473] Channel closed
2026-07-25 21:57:55,163 - asyncssh - INFO - [conn=0, chan=472] Received exit status 0
2026-07-25 21:57:55,163 - asyncssh - INFO - [conn=0, chan=472] Received channel close
2026-07-25 21:57:55,163 - asyncssh - INFO - [conn=0, chan=472] Channel closed
2026-07-25 21:57:59,592 - asyncssh - INFO - [conn=0, chan=702] Requesting new SSH session
2026-07-25 21:57:59,594 - asyncssh - INFO - [conn=0, chan=702]   Command: kubectl logs my-pod -n default --tail=50
2026-07-25 21:57:59,664 - asyncssh - INFO - [conn=0, chan=702] Received exit status 0
2026-07-25 21:57:59,665 - asyncssh - INFO - [conn=0, chan=702] Received channel close
2026-07-25 21:57:59,665 - asyncssh - INFO - [conn=0, chan=702] Channel closed
2026-07-25 21:57:59,666 - asyncssh - INFO - [conn=0, chan=703] Requesting new SSH session
2026-07-25 21:57:59,666 - asyncssh - INFO - [conn=0, chan=703]   Command: kubectl top pod my-pod -n default --no-headers
2026-07-25 21:57:59,727 - asyncssh - INFO - [conn=0, chan=703] Received exit status 0
2026-07-25 21:57:59,728 - asyncssh - INFO - [conn=0, chan=703] Received channel close
2026-07-25 21:57:59,728 - asyncssh - INFO - [conn=0, chan=703] Channel closed
2026-07-25 21:57:59,728 - asyncssh - INFO - [conn=0, chan=704] Requesting new SSH session
2026-07-25 21:57:59,729 - asyncssh - INFO - [conn=0, chan=704]   Command: kubectl describe pod my-pod -n default | grep -A 5 'Limits:'
2026-07-25 21:57:59,797 - asyncssh - INFO - [conn=0, chan=704] Received exit status 1
2026-07-25 21:57:59,797 - asyncssh - INFO - [conn=0, chan=704] Received channel close
2026-07-25 21:57:59,798 - asyncssh - INFO - [conn=0, chan=704] Channel closed
2026-07-25 21:58:00,035 - asyncssh - INFO - [conn=0, chan=705] Requesting new SSH session
2026-07-25 21:58:00,036 - asyncssh - INFO - [conn=0, chan=705]   Command: kubectl logs log-generator -n default --tail=50
2026-07-25 21:58:00,104 - asyncssh - INFO - [conn=0, chan=705] Received exit status 0
2026-07-25 21:58:00,104 - asyncssh - INFO - [conn=0, chan=705] Received channel close
2026-07-25 21:58:00,105 - asyncssh - INFO - [conn=0, chan=705] Channel closed
2026-07-25 21:58:00,106 - asyncssh - INFO - [conn=0, chan=706] Requesting new SSH session
2026-07-25 21:58:00,106 - asyncssh - INFO - [conn=0, chan=706]   Command: kubectl top pod log-generator -n default --no-headers
2026-07-25 21:58:00,163 - asyncssh - INFO - [conn=0, chan=474] Requesting new SSH session
2026-07-25 21:58:00,164 - asyncssh - INFO - [conn=0, chan=474]   Command: kubectl logs my-pod -n default --tail=50
2026-07-25 21:58:00,164 - asyncssh - INFO - [conn=0, chan=475] Requesting new SSH session
2026-07-25 21:58:00,166 - asyncssh - INFO - [conn=0, chan=475]   Command: kubectl logs log-generator -n default --tail=50
2026-07-25 21:58:00,173 - asyncssh - INFO - [conn=0, chan=706] Received exit status 0
2026-07-25 21:58:00,173 - asyncssh - INFO - [conn=0, chan=706] Received channel close
2026-07-25 21:58:00,173 - asyncssh - INFO - [conn=0, chan=706] Channel closed
2026-07-25 21:58:00,174 - asyncssh - INFO - [conn=0, chan=707] Requesting new SSH session
2026-07-25 21:58:00,174 - asyncssh - INFO - [conn=0, chan=707]   Command: kubectl describe pod log-generator -n default | grep -A 5 'Limits:'
2026-07-25 21:58:00,244 - asyncssh - INFO - [conn=0, chan=474] Received exit status 0
2026-07-25 21:58:00,244 - asyncssh - INFO - [conn=0, chan=474] Received channel close
2026-07-25 21:58:00,244 - asyncssh - INFO - [conn=0, chan=474] Channel closed
2026-07-25 21:58:00,245 - asyncssh - INFO - [conn=0, chan=476] Requesting new SSH session
2026-07-25 21:58:00,245 - asyncssh - INFO - [conn=0, chan=476]   Command: kubectl top pod my-pod -n default --no-headers
2026-07-25 21:58:00,248 - asyncssh - INFO - [conn=0, chan=475] Received exit status 0
2026-07-25 21:58:00,248 - asyncssh - INFO - [conn=0, chan=475] Received channel close
2026-07-25 21:58:00,250 - asyncssh - INFO - [conn=0, chan=475] Channel closed
2026-07-25 21:58:00,251 - asyncssh - INFO - [conn=0, chan=477] Requesting new SSH session
2026-07-25 21:58:00,251 - asyncssh - INFO - [conn=0, chan=477]   Command: kubectl top pod log-generator -n default --no-headers
2026-07-25 21:58:00,260 - asyncssh - INFO - [conn=0, chan=707] Received exit status 0
2026-07-25 21:58:00,261 - asyncssh - INFO - [conn=0, chan=707] Received channel close
2026-07-25 21:58:00,261 - asyncssh - INFO - [conn=0, chan=707] Channel closed
2026-07-25 21:58:00,317 - asyncssh - INFO - [conn=0, chan=476] Received exit status 0
2026-07-25 21:58:00,317 - asyncssh - INFO - [conn=0, chan=476] Received channel close
2026-07-25 21:58:00,317 - asyncssh - INFO - [conn=0, chan=476] Channel closed
2026-07-25 21:58:00,318 - asyncssh - INFO - [conn=0, chan=478] Requesting new SSH session
2026-07-25 21:58:00,318 - asyncssh - INFO - [conn=0, chan=478]   Command: kubectl describe pod my-pod -n default | grep -A 5 'Limits:'
2026-07-25 21:58:00,318 - asyncssh - INFO - [conn=0, chan=477] Received exit status 0
2026-07-25 21:58:00,318 - asyncssh - INFO - [conn=0, chan=477] Received channel close
2026-07-25 21:58:00,319 - asyncssh - INFO - [conn=0, chan=477] Channel closed
2026-07-25 21:58:00,319 - asyncssh - INFO - [conn=0, chan=479] Requesting new SSH session
2026-07-25 21:58:00,319 - asyncssh - INFO - [conn=0, chan=479]   Command: kubectl describe pod log-generator -n default | grep -A 5 'Limits:'
2026-07-25 21:58:00,383 - asyncssh - INFO - [conn=0, chan=479] Received exit status 0
2026-07-25 21:58:00,383 - asyncssh - INFO - [conn=0, chan=479] Received channel close
2026-07-25 21:58:00,384 - asyncssh - INFO - [conn=0, chan=479] Channel closed
2026-07-25 21:58:00,387 - asyncssh - INFO - [conn=0, chan=478] Received exit status 1
2026-07-25 21:58:00,387 - asyncssh - INFO - [conn=0, chan=478] Received channel close
2026-07-25 21:58:00,388 - asyncssh - INFO - [conn=0, chan=478] Channel closed
2026-07-25 21:58:04,800 - asyncssh - INFO - [conn=0, chan=708] Requesting new SSH session
2026-07-25 21:58:04,801 - asyncssh - INFO - [conn=0, chan=708]   Command: kubectl logs my-pod -n default --tail=50
2026-07-25 21:58:04,870 - asyncssh - INFO - [conn=0, chan=708] Received exit status 0
2026-07-25 21:58:04,871 - asyncssh - INFO - [conn=0, chan=708] Received channel close
2026-07-25 21:58:04,871 - asyncssh - INFO - [conn=0, chan=708] Channel closed
2026-07-25 21:58:04,872 - asyncssh - INFO - [conn=0, chan=709] Requesting new SSH session
2026-07-25 21:58:04,873 - asyncssh - INFO - [conn=0, chan=709]   Command: kubectl top pod my-pod -n default --no-headers
2026-07-25 21:58:04,933 - asyncssh - INFO - [conn=0, chan=709] Received exit status 0
2026-07-25 21:58:04,933 - asyncssh - INFO - [conn=0, chan=709] Received channel close
2026-07-25 21:58:04,934 - asyncssh - INFO - [conn=0, chan=709] Channel closed
2026-07-25 21:58:04,934 - asyncssh - INFO - [conn=0, chan=710] Requesting new SSH session
2026-07-25 21:58:04,934 - asyncssh - INFO - [conn=0, chan=710]   Command: kubectl describe pod my-pod -n default | grep -A 5 'Limits:'
2026-07-25 21:58:05,002 - asyncssh - INFO - [conn=0, chan=710] Received exit status 1
2026-07-25 21:58:05,003 - asyncssh - INFO - [conn=0, chan=710] Received channel close
2026-07-25 21:58:05,003 - asyncssh - INFO - [conn=0, chan=710] Channel closed
2026-07-25 21:58:05,263 - asyncssh - INFO - [conn=0, chan=711] Requesting new SSH session
2026-07-25 21:58:05,264 - asyncssh - INFO - [conn=0, chan=711]   Command: kubectl logs log-generator -n default --tail=50
2026-07-25 21:58:05,331 - asyncssh - INFO - [conn=0, chan=711] Received exit status 0
2026-07-25 21:58:05,332 - asyncssh - INFO - [conn=0, chan=711] Received channel close
2026-07-25 21:58:05,332 - asyncssh - INFO - [conn=0, chan=711] Channel closed
2026-07-25 21:58:05,333 - asyncssh - INFO - [conn=0, chan=712] Requesting new SSH session
2026-07-25 21:58:05,333 - asyncssh - INFO - [conn=0, chan=712]   Command: kubectl top pod log-generator -n default --no-headers
2026-07-25 21:58:05,386 - asyncssh - INFO - [conn=0, chan=480] Requesting new SSH session
2026-07-25 21:58:05,387 - asyncssh - INFO - [conn=0, chan=480]   Command: kubectl logs log-generator -n default --tail=50
2026-07-25 21:58:05,388 - asyncssh - INFO - [conn=0, chan=481] Requesting new SSH session
2026-07-25 21:58:05,389 - asyncssh - INFO - [conn=0, chan=481]   Command: kubectl logs my-pod -n default --tail=50
2026-07-25 21:58:05,391 - asyncssh - INFO - [conn=0, chan=712] Received exit status 0
2026-07-25 21:58:05,391 - asyncssh - INFO - [conn=0, chan=712] Received channel close
2026-07-25 21:58:05,392 - asyncssh - INFO - [conn=0, chan=712] Channel closed
2026-07-25 21:58:05,392 - asyncssh - INFO - [conn=0, chan=713] Requesting new SSH session
2026-07-25 21:58:05,393 - asyncssh - INFO - [conn=0, chan=713]   Command: kubectl describe pod log-generator -n default | grep -A 5 'Limits:'
2026-07-25 21:58:05,462 - asyncssh - INFO - [conn=0, chan=480] Received exit status 0
2026-07-25 21:58:05,462 - asyncssh - INFO - [conn=0, chan=480] Received channel close
2026-07-25 21:58:05,462 - asyncssh - INFO - [conn=0, chan=480] Channel closed
2026-07-25 21:58:05,463 - asyncssh - INFO - [conn=0, chan=482] Requesting new SSH session
2026-07-25 21:58:05,463 - asyncssh - INFO - [conn=0, chan=481] Received exit status 0
2026-07-25 21:58:05,464 - asyncssh - INFO - [conn=0, chan=481] Received channel close
2026-07-25 21:58:05,464 - asyncssh - INFO - [conn=0, chan=481] Channel closed
2026-07-25 21:58:05,464 - asyncssh - INFO - [conn=0, chan=483] Requesting new SSH session
2026-07-25 21:58:05,465 - asyncssh - INFO - [conn=0, chan=482]   Command: kubectl top pod log-generator -n default --no-headers
2026-07-25 21:58:05,465 - asyncssh - INFO - [conn=0, chan=483]   Command: kubectl top pod my-pod -n default --no-headers
2026-07-25 21:58:05,479 - asyncssh - INFO - [conn=0, chan=713] Received exit status 0
2026-07-25 21:58:05,479 - asyncssh - INFO - [conn=0, chan=713] Received channel close
2026-07-25 21:58:05,479 - asyncssh - INFO - [conn=0, chan=713] Channel closed
2026-07-25 21:58:05,525 - asyncssh - INFO - [conn=0, chan=482] Received exit status 0
2026-07-25 21:58:05,526 - asyncssh - INFO - [conn=0, chan=482] Received channel close
2026-07-25 21:58:05,526 - asyncssh - INFO - [conn=0, chan=482] Channel closed
2026-07-25 21:58:05,526 - asyncssh - INFO - [conn=0, chan=484] Requesting new SSH session
2026-07-25 21:58:05,527 - asyncssh - INFO - [conn=0, chan=484]   Command: kubectl describe pod log-generator -n default | grep -A 5 'Limits:'
2026-07-25 21:58:05,533 - asyncssh - INFO - [conn=0, chan=483] Received exit status 0
2026-07-25 21:58:05,534 - asyncssh - INFO - [conn=0, chan=483] Received channel close
2026-07-25 21:58:05,534 - asyncssh - INFO - [conn=0, chan=483] Channel closed
2026-07-25 21:58:05,534 - asyncssh - INFO - [conn=0, chan=485] Requesting new SSH session
2026-07-25 21:58:05,535 - asyncssh - INFO - [conn=0, chan=485]   Command: kubectl describe pod my-pod -n default | grep -A 5 'Limits:'
2026-07-25 21:58:05,590 - asyncssh - INFO - [conn=0, chan=484] Received exit status 0
2026-07-25 21:58:05,590 - asyncssh - INFO - [conn=0, chan=484] Received channel close
2026-07-25 21:58:05,590 - asyncssh - INFO - [conn=0, chan=484] Channel closed
2026-07-25 21:58:05,606 - asyncssh - INFO - [conn=0, chan=485] Received exit status 1
2026-07-25 21:58:05,606 - asyncssh - INFO - [conn=0, chan=485] Received channel close
2026-07-25 21:58:05,606 - asyncssh - INFO - [conn=0, chan=485] Channel closed
2026-07-25 21:58:10,005 - asyncssh - INFO - [conn=0, chan=714] Requesting new SSH session
2026-07-25 21:58:10,006 - asyncssh - INFO - [conn=0, chan=714]   Command: kubectl logs my-pod -n default --tail=50
2026-07-25 21:58:10,067 - asyncssh - INFO - [conn=0, chan=714] Received exit status 0
2026-07-25 21:58:10,067 - asyncssh - INFO - [conn=0, chan=714] Received channel close
2026-07-25 21:58:10,067 - asyncssh - INFO - [conn=0, chan=714] Channel closed
2026-07-25 21:58:10,068 - asyncssh - INFO - [conn=0, chan=715] Requesting new SSH session
2026-07-25 21:58:10,069 - asyncssh - INFO - [conn=0, chan=715]   Command: kubectl top pod my-pod -n default --no-headers
2026-07-25 21:58:10,126 - asyncssh - INFO - [conn=0, chan=715] Received exit status 0
2026-07-25 21:58:10,127 - asyncssh - INFO - [conn=0, chan=715] Received channel close
2026-07-25 21:58:10,127 - asyncssh - INFO - [conn=0, chan=715] Channel closed
2026-07-25 21:58:10,128 - asyncssh - INFO - [conn=0, chan=716] Requesting new SSH session
2026-07-25 21:58:10,128 - asyncssh - INFO - [conn=0, chan=716]   Command: kubectl describe pod my-pod -n default | grep -A 5 'Limits:'
2026-07-25 21:58:10,191 - asyncssh - INFO - [conn=0, chan=716] Received exit status 1
2026-07-25 21:58:10,191 - asyncssh - INFO - [conn=0, chan=716] Received channel close
2026-07-25 21:58:10,192 - asyncssh - INFO - [conn=0, chan=716] Channel closed
2026-07-25 21:58:10,481 - asyncssh - INFO - [conn=0, chan=717] Requesting new SSH session
2026-07-25 21:58:10,482 - asyncssh - INFO - [conn=0, chan=717]   Command: kubectl logs log-generator -n default --tail=50
2026-07-25 21:58:10,549 - asyncssh - INFO - [conn=0, chan=717] Received exit status 0
2026-07-25 21:58:10,549 - asyncssh - INFO - [conn=0, chan=717] Received channel close
2026-07-25 21:58:10,550 - asyncssh - INFO - [conn=0, chan=717] Channel closed
2026-07-25 21:58:10,551 - asyncssh - INFO - [conn=0, chan=718] Requesting new SSH session
2026-07-25 21:58:10,551 - asyncssh - INFO - [conn=0, chan=718]   Command: kubectl top pod log-generator -n default --no-headers
2026-07-25 21:58:10,592 - asyncssh - INFO - [conn=0, chan=486] Requesting new SSH session
2026-07-25 21:58:10,593 - asyncssh - INFO - [conn=0, chan=486]   Command: kubectl logs log-generator -n default --tail=50
2026-07-25 21:58:10,603 - asyncssh - INFO - [conn=0, chan=718] Received exit status 0
2026-07-25 21:58:10,603 - asyncssh - INFO - [conn=0, chan=718] Received channel close
2026-07-25 21:58:10,604 - asyncssh - INFO - [conn=0, chan=718] Channel closed
2026-07-25 21:58:10,604 - asyncssh - INFO - [conn=0, chan=719] Requesting new SSH session
2026-07-25 21:58:10,604 - asyncssh - INFO - [conn=0, chan=719]   Command: kubectl describe pod log-generator -n default | grep -A 5 'Limits:'
2026-07-25 21:58:10,621 - asyncssh - INFO - [conn=0, chan=487] Requesting new SSH session
2026-07-25 21:58:10,622 - asyncssh - INFO - [conn=0, chan=487]   Command: kubectl logs my-pod -n default --tail=50
2026-07-25 21:58:10,678 - asyncssh - INFO - [conn=0, chan=486] Received exit status 0
2026-07-25 21:58:10,679 - asyncssh - INFO - [conn=0, chan=486] Received channel close
2026-07-25 21:58:10,679 - asyncssh - INFO - [conn=0, chan=486] Channel closed
2026-07-25 21:58:10,680 - asyncssh - INFO - [conn=0, chan=488] Requesting new SSH session
2026-07-25 21:58:10,682 - asyncssh - INFO - [conn=0, chan=488]   Command: kubectl top pod log-generator -n default --no-headers
2026-07-25 21:58:10,685 - asyncssh - INFO - [conn=0, chan=719] Received exit status 0
2026-07-25 21:58:10,685 - asyncssh - INFO - [conn=0, chan=719] Received channel close
2026-07-25 21:58:10,686 - asyncssh - INFO - [conn=0, chan=719] Channel closed
2026-07-25 21:58:10,708 - asyncssh - INFO - [conn=0, chan=487] Received exit status 0
2026-07-25 21:58:10,708 - asyncssh - INFO - [conn=0, chan=487] Received channel close
2026-07-25 21:58:10,709 - asyncssh - INFO - [conn=0, chan=487] Channel closed
2026-07-25 21:58:10,709 - asyncssh - INFO - [conn=0, chan=489] Requesting new SSH session
2026-07-25 21:58:10,710 - asyncssh - INFO - [conn=0, chan=489]   Command: kubectl top pod my-pod -n default --no-headers
2026-07-25 21:58:10,747 - asyncssh - INFO - [conn=0, chan=488] Received exit status 0
2026-07-25 21:58:10,748 - asyncssh - INFO - [conn=0, chan=488] Received channel close
2026-07-25 21:58:10,748 - asyncssh - INFO - [conn=0, chan=488] Channel closed
2026-07-25 21:58:10,748 - asyncssh - INFO - [conn=0, chan=490] Requesting new SSH session
2026-07-25 21:58:10,749 - asyncssh - INFO - [conn=0, chan=490]   Command: kubectl describe pod log-generator -n default | grep -A 5 'Limits:'
2026-07-25 21:58:10,770 - asyncssh - INFO - [conn=0, chan=489] Received exit status 0
2026-07-25 21:58:10,770 - asyncssh - INFO - [conn=0, chan=489] Received channel close
2026-07-25 21:58:10,771 - asyncssh - INFO - [conn=0, chan=489] Channel closed
2026-07-25 21:58:10,771 - asyncssh - INFO - [conn=0, chan=491] Requesting new SSH session
2026-07-25 21:58:10,771 - asyncssh - INFO - [conn=0, chan=491]   Command: kubectl describe pod my-pod -n default | grep -A 5 'Limits:'
2026-07-25 21:58:10,814 - asyncssh - INFO - [conn=0, chan=490] Received exit status 0
2026-07-25 21:58:10,815 - asyncssh - INFO - [conn=0, chan=490] Received channel close
2026-07-25 21:58:10,815 - asyncssh - INFO - [conn=0, chan=490] Channel closed
2026-07-25 21:58:10,836 - asyncssh - INFO - [conn=0, chan=491] Received exit status 1
2026-07-25 21:58:10,836 - asyncssh - INFO - [conn=0, chan=491] Received channel close
2026-07-25 21:58:10,836 - asyncssh - INFO - [conn=0, chan=491] Channel closed
2026-07-25 21:58:15,194 - asyncssh - INFO - [conn=0, chan=720] Requesting new SSH session
2026-07-25 21:58:15,195 - asyncssh - INFO - [conn=0, chan=720]   Command: kubectl logs my-pod -n default --tail=50
2026-07-25 21:58:15,259 - asyncssh - INFO - [conn=0, chan=720] Received exit status 0
2026-07-25 21:58:15,259 - asyncssh - INFO - [conn=0, chan=720] Received channel close
2026-07-25 21:58:15,260 - asyncssh - INFO - [conn=0, chan=720] Channel closed
2026-07-25 21:58:15,261 - asyncssh - INFO - [conn=0, chan=721] Requesting new SSH session
2026-07-25 21:58:15,261 - asyncssh - INFO - [conn=0, chan=721]   Command: kubectl top pod my-pod -n default --no-headers
2026-07-25 21:58:15,317 - asyncssh - INFO - [conn=0, chan=721] Received exit status 0
2026-07-25 21:58:15,317 - asyncssh - INFO - [conn=0, chan=721] Received channel close
2026-07-25 21:58:15,318 - asyncssh - INFO - [conn=0, chan=721] Channel closed
2026-07-25 21:58:15,318 - asyncssh - INFO - [conn=0, chan=722] Requesting new SSH session
2026-07-25 21:58:15,319 - asyncssh - INFO - [conn=0, chan=722]   Command: kubectl describe pod my-pod -n default | grep -A 5 'Limits:'
2026-07-25 21:58:15,378 - asyncssh - INFO - [conn=0, chan=722] Received exit status 1
2026-07-25 21:58:15,378 - asyncssh - INFO - [conn=0, chan=722] Received channel close
2026-07-25 21:58:15,379 - asyncssh - INFO - [conn=0, chan=722] Channel closed
2026-07-25 21:58:15,687 - asyncssh - INFO - [conn=0, chan=723] Requesting new SSH session
2026-07-25 21:58:15,688 - asyncssh - INFO - [conn=0, chan=723]   Command: kubectl logs log-generator -n default --tail=50
2026-07-25 21:58:15,752 - asyncssh - INFO - [conn=0, chan=723] Received exit status 0
2026-07-25 21:58:15,752 - asyncssh - INFO - [conn=0, chan=723] Received channel close
2026-07-25 21:58:15,753 - asyncssh - INFO - [conn=0, chan=723] Channel closed
2026-07-25 21:58:15,753 - asyncssh - INFO - [conn=0, chan=724] Requesting new SSH session
2026-07-25 21:58:15,754 - asyncssh - INFO - [conn=0, chan=724]   Command: kubectl top pod log-generator -n default --no-headers
2026-07-25 21:58:15,812 - asyncssh - INFO - [conn=0, chan=724] Received exit status 0
2026-07-25 21:58:15,813 - asyncssh - INFO - [conn=0, chan=724] Received channel close
2026-07-25 21:58:15,813 - asyncssh - INFO - [conn=0, chan=724] Channel closed
2026-07-25 21:58:15,813 - asyncssh - INFO - [conn=0, chan=725] Requesting new SSH session
2026-07-25 21:58:15,814 - asyncssh - INFO - [conn=0, chan=725]   Command: kubectl describe pod log-generator -n default | grep -A 5 'Limits:'
2026-07-25 21:58:15,817 - asyncssh - INFO - [conn=0, chan=492] Requesting new SSH session
2026-07-25 21:58:15,818 - asyncssh - INFO - [conn=0, chan=492]   Command: kubectl logs log-generator -n default --tail=50
2026-07-25 21:58:15,837 - asyncssh - INFO - [conn=0, chan=493] Requesting new SSH session
2026-07-25 21:58:15,838 - asyncssh - INFO - [conn=0, chan=493]   Command: kubectl logs my-pod -n default --tail=50
2026-07-25 21:58:15,897 - asyncssh - INFO - [conn=0, chan=725] Received exit status 0
2026-07-25 21:58:15,898 - asyncssh - INFO - [conn=0, chan=725] Received channel close
2026-07-25 21:58:15,900 - asyncssh - INFO - [conn=0, chan=725] Channel closed
2026-07-25 21:58:15,902 - asyncssh - INFO - [conn=0, chan=492] Received exit status 0
2026-07-25 21:58:15,902 - asyncssh - INFO - [conn=0, chan=492] Received channel close
2026-07-25 21:58:15,902 - asyncssh - INFO - [conn=0, chan=492] Channel closed
2026-07-25 21:58:15,903 - asyncssh - INFO - [conn=0, chan=494] Requesting new SSH session
2026-07-25 21:58:15,904 - asyncssh - INFO - [conn=0, chan=494]   Command: kubectl top pod log-generator -n default --no-headers
2026-07-25 21:58:15,918 - asyncssh - INFO - [conn=0, chan=493] Received exit status 0
2026-07-25 21:58:15,919 - asyncssh - INFO - [conn=0, chan=493] Received channel close
2026-07-25 21:58:15,919 - asyncssh - INFO - [conn=0, chan=493] Channel closed
2026-07-25 21:58:15,920 - asyncssh - INFO - [conn=0, chan=495] Requesting new SSH session
2026-07-25 21:58:15,921 - asyncssh - INFO - [conn=0, chan=495]   Command: kubectl top pod my-pod -n default --no-headers
2026-07-25 21:58:15,969 - asyncssh - INFO - [conn=0, chan=494] Received exit status 0
2026-07-25 21:58:15,970 - asyncssh - INFO - [conn=0, chan=494] Received channel close
2026-07-25 21:58:15,970 - asyncssh - INFO - [conn=0, chan=494] Channel closed
2026-07-25 21:58:15,970 - asyncssh - INFO - [conn=0, chan=496] Requesting new SSH session
2026-07-25 21:58:15,971 - asyncssh - INFO - [conn=0, chan=496]   Command: kubectl describe pod log-generator -n default | grep -A 5 'Limits:'
2026-07-25 21:58:15,991 - asyncssh - INFO - [conn=0, chan=495] Received exit status 0
2026-07-25 21:58:15,991 - asyncssh - INFO - [conn=0, chan=495] Received channel close
2026-07-25 21:58:15,991 - asyncssh - INFO - [conn=0, chan=495] Channel closed
2026-07-25 21:58:15,992 - asyncssh - INFO - [conn=0, chan=497] Requesting new SSH session
2026-07-25 21:58:15,992 - asyncssh - INFO - [conn=0, chan=497]   Command: kubectl describe pod my-pod -n default | grep -A 5 'Limits:'
2026-07-25 21:58:16,035 - asyncssh - INFO - [conn=0, chan=496] Received exit status 0
2026-07-25 21:58:16,036 - asyncssh - INFO - [conn=0, chan=496] Received channel close
2026-07-25 21:58:16,036 - asyncssh - INFO - [conn=0, chan=496] Channel closed
2026-07-25 21:58:16,054 - asyncssh - INFO - [conn=0, chan=497] Received exit status 1
2026-07-25 21:58:16,055 - asyncssh - INFO - [conn=0, chan=497] Received channel close
2026-07-25 21:58:16,055 - asyncssh - INFO - [conn=0, chan=497] Channel closed
2026-07-25 21:58:20,380 - asyncssh - INFO - [conn=0, chan=726] Requesting new SSH session
2026-07-25 21:58:20,381 - asyncssh - INFO - [conn=0, chan=726]   Command: kubectl logs my-pod -n default --tail=50
2026-07-25 21:58:20,445 - asyncssh - INFO - [conn=0, chan=726] Received exit status 0
2026-07-25 21:58:20,445 - asyncssh - INFO - [conn=0, chan=726] Received channel close
2026-07-25 21:58:20,445 - asyncssh - INFO - [conn=0, chan=726] Channel closed
2026-07-25 21:58:20,446 - asyncssh - INFO - [conn=0, chan=727] Requesting new SSH session
2026-07-25 21:58:20,446 - asyncssh - INFO - [conn=0, chan=727]   Command: kubectl top pod my-pod -n default --no-headers
2026-07-25 21:58:20,506 - asyncssh - INFO - [conn=0, chan=727] Received exit status 0
2026-07-25 21:58:20,506 - asyncssh - INFO - [conn=0, chan=727] Received channel close
2026-07-25 21:58:20,507 - asyncssh - INFO - [conn=0, chan=727] Channel closed
2026-07-25 21:58:20,507 - asyncssh - INFO - [conn=0, chan=728] Requesting new SSH session
2026-07-25 21:58:20,508 - asyncssh - INFO - [conn=0, chan=728]   Command: kubectl describe pod my-pod -n default | grep -A 5 'Limits:'
2026-07-25 21:58:20,572 - asyncssh - INFO - [conn=0, chan=728] Received exit status 1
2026-07-25 21:58:20,573 - asyncssh - INFO - [conn=0, chan=728] Received channel close
2026-07-25 21:58:20,573 - asyncssh - INFO - [conn=0, chan=728] Channel closed
2026-07-25 21:58:20,901 - asyncssh - INFO - [conn=0, chan=729] Requesting new SSH session
2026-07-25 21:58:20,902 - asyncssh - INFO - [conn=0, chan=729]   Command: kubectl logs log-generator -n default --tail=50
2026-07-25 21:58:20,994 - asyncssh - INFO - [conn=0, chan=729] Received exit status 0
2026-07-25 21:58:20,995 - asyncssh - INFO - [conn=0, chan=729] Received channel close
2026-07-25 21:58:20,995 - asyncssh - INFO - [conn=0, chan=729] Channel closed
2026-07-25 21:58:20,995 - asyncssh - INFO - [conn=0, chan=730] Requesting new SSH session
2026-07-25 21:58:20,996 - asyncssh - INFO - [conn=0, chan=730]   Command: kubectl top pod log-generator -n default --no-headers
2026-07-25 21:58:21,038 - asyncssh - INFO - [conn=0, chan=498] Requesting new SSH session
2026-07-25 21:58:21,039 - asyncssh - INFO - [conn=0, chan=498]   Command: kubectl logs log-generator -n default --tail=50
2026-07-25 21:58:21,056 - asyncssh - INFO - [conn=0, chan=499] Requesting new SSH session
2026-07-25 21:58:21,058 - asyncssh - INFO - [conn=0, chan=499]   Command: kubectl logs my-pod -n default --tail=50
2026-07-25 21:58:21,066 - asyncssh - INFO - [conn=0, chan=730] Received exit status 0
2026-07-25 21:58:21,066 - asyncssh - INFO - [conn=0, chan=730] Received channel close
2026-07-25 21:58:21,067 - asyncssh - INFO - [conn=0, chan=730] Channel closed
2026-07-25 21:58:21,067 - asyncssh - INFO - [conn=0, chan=731] Requesting new SSH session
2026-07-25 21:58:21,068 - asyncssh - INFO - [conn=0, chan=731]   Command: kubectl describe pod log-generator -n default | grep -A 5 'Limits:'
2026-07-25 21:58:21,128 - asyncssh - INFO - [conn=0, chan=498] Received exit status 0
2026-07-25 21:58:21,128 - asyncssh - INFO - [conn=0, chan=498] Received channel close
2026-07-25 21:58:21,129 - asyncssh - INFO - [conn=0, chan=498] Channel closed
2026-07-25 21:58:21,130 - asyncssh - INFO - [conn=0, chan=500] Requesting new SSH session
2026-07-25 21:58:21,131 - asyncssh - INFO - [conn=0, chan=500]   Command: kubectl top pod log-generator -n default --no-headers
2026-07-25 21:58:21,150 - asyncssh - INFO - [conn=0, chan=499] Received exit status 0
2026-07-25 21:58:21,150 - asyncssh - INFO - [conn=0, chan=499] Received channel close
2026-07-25 21:58:21,150 - asyncssh - INFO - [conn=0, chan=499] Channel closed
2026-07-25 21:58:21,150 - asyncssh - INFO - [conn=0, chan=731] Received exit status 0
2026-07-25 21:58:21,151 - asyncssh - INFO - [conn=0, chan=501] Requesting new SSH session
2026-07-25 21:58:21,151 - asyncssh - INFO - [conn=0, chan=731] Received channel close
2026-07-25 21:58:21,151 - asyncssh - INFO - [conn=0, chan=731] Channel closed
2026-07-25 21:58:21,151 - asyncssh - INFO - [conn=0, chan=501]   Command: kubectl top pod my-pod -n default --no-headers
2026-07-25 21:58:21,197 - asyncssh - INFO - [conn=0, chan=500] Received exit status 0
2026-07-25 21:58:21,198 - asyncssh - INFO - [conn=0, chan=500] Received channel close
2026-07-25 21:58:21,198 - asyncssh - INFO - [conn=0, chan=500] Channel closed
2026-07-25 21:58:21,198 - asyncssh - INFO - [conn=0, chan=502] Requesting new SSH session
2026-07-25 21:58:21,199 - asyncssh - INFO - [conn=0, chan=502]   Command: kubectl describe pod log-generator -n default | grep -A 5 'Limits:'
2026-07-25 21:58:21,218 - asyncssh - INFO - [conn=0, chan=501] Received exit status 0
2026-07-25 21:58:21,218 - asyncssh - INFO - [conn=0, chan=501] Received channel close
2026-07-25 21:58:21,218 - asyncssh - INFO - [conn=0, chan=501] Channel closed
2026-07-25 21:58:21,218 - asyncssh - INFO - [conn=0, chan=503] Requesting new SSH session
2026-07-25 21:58:21,219 - asyncssh - INFO - [conn=0, chan=503]   Command: kubectl describe pod my-pod -n default | grep -A 5 'Limits:'
2026-07-25 21:58:21,261 - asyncssh - INFO - [conn=0, chan=502] Received exit status 0
2026-07-25 21:58:21,262 - asyncssh - INFO - [conn=0, chan=502] Received channel close
2026-07-25 21:58:21,262 - asyncssh - INFO - [conn=0, chan=502] Channel closed
2026-07-25 21:58:21,279 - asyncssh - INFO - [conn=0, chan=503] Received exit status 1
2026-07-25 21:58:21,279 - asyncssh - INFO - [conn=0, chan=503] Received channel close
2026-07-25 21:58:21,279 - asyncssh - INFO - [conn=0, chan=503] Channel closed
2026-07-25 21:58:25,574 - asyncssh - INFO - [conn=0, chan=732] Requesting new SSH session
2026-07-25 21:58:25,576 - asyncssh - INFO - [conn=0, chan=732]   Command: kubectl logs my-pod -n default --tail=50
2026-07-25 21:58:25,647 - asyncssh - INFO - [conn=0, chan=732] Received exit status 0
2026-07-25 21:58:25,647 - asyncssh - INFO - [conn=0, chan=732] Received channel close
2026-07-25 21:58:25,648 - asyncssh - INFO - [conn=0, chan=732] Channel closed
2026-07-25 21:58:25,648 - asyncssh - INFO - [conn=0, chan=733] Requesting new SSH session
2026-07-25 21:58:25,649 - asyncssh - INFO - [conn=0, chan=733]   Command: kubectl top pod my-pod -n default --no-headers
2026-07-25 21:58:25,711 - asyncssh - INFO - [conn=0, chan=733] Received exit status 0
2026-07-25 21:58:25,712 - asyncssh - INFO - [conn=0, chan=733] Received channel close
2026-07-25 21:58:25,712 - asyncssh - INFO - [conn=0, chan=733] Channel closed
2026-07-25 21:58:25,713 - asyncssh - INFO - [conn=0, chan=734] Requesting new SSH session
2026-07-25 21:58:25,714 - asyncssh - INFO - [conn=0, chan=734]   Command: kubectl describe pod my-pod -n default | grep -A 5 'Limits:'
2026-07-25 21:58:25,782 - asyncssh - INFO - [conn=0, chan=734] Received exit status 1
2026-07-25 21:58:25,783 - asyncssh - INFO - [conn=0, chan=734] Received channel close
2026-07-25 21:58:25,783 - asyncssh - INFO - [conn=0, chan=734] Channel closed
2026-07-25 21:58:26,153 - asyncssh - INFO - [conn=0, chan=735] Requesting new SSH session
2026-07-25 21:58:26,154 - asyncssh - INFO - [conn=0, chan=735]   Command: kubectl logs log-generator -n default --tail=50
2026-07-25 21:58:26,222 - asyncssh - INFO - [conn=0, chan=735] Received exit status 0
2026-07-25 21:58:26,223 - asyncssh - INFO - [conn=0, chan=735] Received channel close
2026-07-25 21:58:26,223 - asyncssh - INFO - [conn=0, chan=735] Channel closed
2026-07-25 21:58:26,224 - asyncssh - INFO - [conn=0, chan=736] Requesting new SSH session
2026-07-25 21:58:26,224 - asyncssh - INFO - [conn=0, chan=736]   Command: kubectl top pod log-generator -n default --no-headers
2026-07-25 21:58:26,265 - asyncssh - INFO - [conn=0, chan=504] Requesting new SSH session
2026-07-25 21:58:26,266 - asyncssh - INFO - [conn=0, chan=504]   Command: kubectl logs log-generator -n default --tail=50
2026-07-25 21:58:26,280 - asyncssh - INFO - [conn=0, chan=505] Requesting new SSH session
2026-07-25 21:58:26,281 - asyncssh - INFO - [conn=0, chan=505]   Command: kubectl logs my-pod -n default --tail=50
2026-07-25 21:58:26,292 - asyncssh - INFO - [conn=0, chan=736] Received exit status 0
2026-07-25 21:58:26,292 - asyncssh - INFO - [conn=0, chan=736] Received channel close
2026-07-25 21:58:26,293 - asyncssh - INFO - [conn=0, chan=736] Channel closed
2026-07-25 21:58:26,294 - asyncssh - INFO - [conn=0, chan=737] Requesting new SSH session
2026-07-25 21:58:26,295 - asyncssh - INFO - [conn=0, chan=737]   Command: kubectl describe pod log-generator -n default | grep -A 5 'Limits:'
2026-07-25 21:58:26,348 - asyncssh - INFO - [conn=0, chan=504] Received exit status 0
2026-07-25 21:58:26,349 - asyncssh - INFO - [conn=0, chan=504] Received channel close
2026-07-25 21:58:26,349 - asyncssh - INFO - [conn=0, chan=504] Channel closed
2026-07-25 21:58:26,350 - asyncssh - INFO - [conn=0, chan=506] Requesting new SSH session
2026-07-25 21:58:26,351 - asyncssh - INFO - [conn=0, chan=506]   Command: kubectl top pod log-generator -n default --no-headers
2026-07-25 21:58:26,364 - asyncssh - INFO - [conn=0, chan=505] Received exit status 0
2026-07-25 21:58:26,364 - asyncssh - INFO - [conn=0, chan=505] Received channel close
2026-07-25 21:58:26,365 - asyncssh - INFO - [conn=0, chan=505] Channel closed
2026-07-25 21:58:26,365 - asyncssh - INFO - [conn=0, chan=507] Requesting new SSH session
2026-07-25 21:58:26,366 - asyncssh - INFO - [conn=0, chan=507]   Command: kubectl top pod my-pod -n default --no-headers
2026-07-25 21:58:26,376 - asyncssh - INFO - [conn=0, chan=737] Received exit status 0
2026-07-25 21:58:26,376 - asyncssh - INFO - [conn=0, chan=737] Received channel close
2026-07-25 21:58:26,377 - asyncssh - INFO - [conn=0, chan=737] Channel closed
2026-07-25 21:58:26,414 - asyncssh - INFO - [conn=0, chan=506] Received exit status 0
2026-07-25 21:58:26,415 - asyncssh - INFO - [conn=0, chan=506] Received channel close
2026-07-25 21:58:26,415 - asyncssh - INFO - [conn=0, chan=506] Channel closed
2026-07-25 21:58:26,415 - asyncssh - INFO - [conn=0, chan=508] Requesting new SSH session
2026-07-25 21:58:26,416 - asyncssh - INFO - [conn=0, chan=508]   Command: kubectl describe pod log-generator -n default | grep -A 5 'Limits:'
2026-07-25 21:58:26,429 - asyncssh - INFO - [conn=0, chan=507] Received exit status 0
2026-07-25 21:58:26,430 - asyncssh - INFO - [conn=0, chan=507] Received channel close
2026-07-25 21:58:26,430 - asyncssh - INFO - [conn=0, chan=507] Channel closed
2026-07-25 21:58:26,430 - asyncssh - INFO - [conn=0, chan=509] Requesting new SSH session
2026-07-25 21:58:26,431 - asyncssh - INFO - [conn=0, chan=509]   Command: kubectl describe pod my-pod -n default | grep -A 5 'Limits:'
2026-07-25 21:58:26,481 - asyncssh - INFO - [conn=0, chan=508] Received exit status 0
2026-07-25 21:58:26,482 - asyncssh - INFO - [conn=0, chan=508] Received channel close
2026-07-25 21:58:26,482 - asyncssh - INFO - [conn=0, chan=508] Channel closed
2026-07-25 21:58:26,493 - asyncssh - INFO - [conn=0, chan=509] Received exit status 1
2026-07-25 21:58:26,493 - asyncssh - INFO - [conn=0, chan=509] Received channel close
2026-07-25 21:58:26,494 - asyncssh - INFO - [conn=0, chan=509] Channel closed
2026-07-25 21:58:30,785 - asyncssh - INFO - [conn=0, chan=738] Requesting new SSH session
2026-07-25 21:58:30,786 - asyncssh - INFO - [conn=0, chan=738]   Command: kubectl logs my-pod -n default --tail=50
2026-07-25 21:58:30,856 - asyncssh - INFO - [conn=0, chan=738] Received exit status 0
2026-07-25 21:58:30,857 - asyncssh - INFO - [conn=0, chan=738] Received channel close
2026-07-25 21:58:30,858 - asyncssh - INFO - [conn=0, chan=738] Channel closed
2026-07-25 21:58:30,859 - asyncssh - INFO - [conn=0, chan=739] Requesting new SSH session
2026-07-25 21:58:30,860 - asyncssh - INFO - [conn=0, chan=739]   Command: kubectl top pod my-pod -n default --no-headers
2026-07-25 21:58:30,921 - asyncssh - INFO - [conn=0, chan=739] Received exit status 0
2026-07-25 21:58:30,921 - asyncssh - INFO - [conn=0, chan=739] Received channel close
2026-07-25 21:58:30,922 - asyncssh - INFO - [conn=0, chan=739] Channel closed
2026-07-25 21:58:30,922 - asyncssh - INFO - [conn=0, chan=740] Requesting new SSH session
2026-07-25 21:58:30,923 - asyncssh - INFO - [conn=0, chan=740]   Command: kubectl describe pod my-pod -n default | grep -A 5 'Limits:'
2026-07-25 21:58:30,992 - asyncssh - INFO - [conn=0, chan=740] Received exit status 1
2026-07-25 21:58:30,992 - asyncssh - INFO - [conn=0, chan=740] Received channel close
2026-07-25 21:58:30,993 - asyncssh - INFO - [conn=0, chan=740] Channel closed
2026-07-25 21:58:31,378 - asyncssh - INFO - [conn=0, chan=741] Requesting new SSH session
2026-07-25 21:58:31,379 - asyncssh - INFO - [conn=0, chan=741]   Command: kubectl logs log-generator -n default --tail=50
2026-07-25 21:58:31,455 - asyncssh - INFO - [conn=0, chan=741] Received exit status 0
2026-07-25 21:58:31,455 - asyncssh - INFO - [conn=0, chan=741] Received channel close
2026-07-25 21:58:31,455 - asyncssh - INFO - [conn=0, chan=741] Channel closed
2026-07-25 21:58:31,456 - asyncssh - INFO - [conn=0, chan=742] Requesting new SSH session
2026-07-25 21:58:31,457 - asyncssh - INFO - [conn=0, chan=742]   Command: kubectl top pod log-generator -n default --no-headers
2026-07-25 21:58:31,484 - asyncssh - INFO - [conn=0, chan=510] Requesting new SSH session
2026-07-25 21:58:31,485 - asyncssh - INFO - [conn=0, chan=510]   Command: kubectl logs log-generator -n default --tail=50
2026-07-25 21:58:31,494 - asyncssh - INFO - [conn=0, chan=511] Requesting new SSH session
2026-07-25 21:58:31,495 - asyncssh - INFO - [conn=0, chan=511]   Command: kubectl logs my-pod -n default --tail=50
2026-07-25 21:58:31,525 - asyncssh - INFO - [conn=0, chan=742] Received exit status 0
2026-07-25 21:58:31,525 - asyncssh - INFO - [conn=0, chan=742] Received channel close
2026-07-25 21:58:31,526 - asyncssh - INFO - [conn=0, chan=742] Channel closed
2026-07-25 21:58:31,527 - asyncssh - INFO - [conn=0, chan=743] Requesting new SSH session
2026-07-25 21:58:31,528 - asyncssh - INFO - [conn=0, chan=743]   Command: kubectl describe pod log-generator -n default | grep -A 5 'Limits:'
2026-07-25 21:58:31,565 - asyncssh - INFO - [conn=0, chan=510] Received exit status 0
2026-07-25 21:58:31,565 - asyncssh - INFO - [conn=0, chan=510] Received channel close
2026-07-25 21:58:31,566 - asyncssh - INFO - [conn=0, chan=510] Channel closed
2026-07-25 21:58:31,568 - asyncssh - INFO - [conn=0, chan=512] Requesting new SSH session
2026-07-25 21:58:31,569 - asyncssh - INFO - [conn=0, chan=512]   Command: kubectl top pod log-generator -n default --no-headers
2026-07-25 21:58:31,578 - asyncssh - INFO - [conn=0, chan=511] Received exit status 0
2026-07-25 21:58:31,578 - asyncssh - INFO - [conn=0, chan=511] Received channel close
2026-07-25 21:58:31,578 - asyncssh - INFO - [conn=0, chan=511] Channel closed
2026-07-25 21:58:31,579 - asyncssh - INFO - [conn=0, chan=513] Requesting new SSH session
2026-07-25 21:58:31,580 - asyncssh - INFO - [conn=0, chan=513]   Command: kubectl top pod my-pod -n default --no-headers
2026-07-25 21:58:31,610 - asyncssh - INFO - [conn=0, chan=743] Received exit status 0
2026-07-25 21:58:31,610 - asyncssh - INFO - [conn=0, chan=743] Received channel close
2026-07-25 21:58:31,611 - asyncssh - INFO - [conn=0, chan=743] Channel closed
2026-07-25 21:58:31,639 - asyncssh - INFO - [conn=0, chan=512] Received exit status 0
2026-07-25 21:58:31,639 - asyncssh - INFO - [conn=0, chan=512] Received channel close
2026-07-25 21:58:31,639 - asyncssh - INFO - [conn=0, chan=512] Channel closed
2026-07-25 21:58:31,640 - asyncssh - INFO - [conn=0, chan=514] Requesting new SSH session
2026-07-25 21:58:31,640 - asyncssh - INFO - [conn=0, chan=514]   Command: kubectl describe pod log-generator -n default | grep -A 5 'Limits:'
2026-07-25 21:58:31,649 - asyncssh - INFO - [conn=0, chan=513] Received exit status 0
2026-07-25 21:58:31,649 - asyncssh - INFO - [conn=0, chan=513] Received channel close
2026-07-25 21:58:31,650 - asyncssh - INFO - [conn=0, chan=513] Channel closed
2026-07-25 21:58:31,650 - asyncssh - INFO - [conn=0, chan=515] Requesting new SSH session
2026-07-25 21:58:31,651 - asyncssh - INFO - [conn=0, chan=515]   Command: kubectl describe pod my-pod -n default | grep -A 5 'Limits:'
2026-07-25 21:58:31,717 - asyncssh - INFO - [conn=0, chan=514] Received exit status 0
2026-07-25 21:58:31,717 - asyncssh - INFO - [conn=0, chan=514] Received channel close
2026-07-25 21:58:31,717 - asyncssh - INFO - [conn=0, chan=514] Channel closed
2026-07-25 21:58:31,718 - asyncssh - INFO - [conn=0, chan=515] Received exit status 1
2026-07-25 21:58:31,718 - asyncssh - INFO - [conn=0, chan=515] Received channel close
2026-07-25 21:58:31,718 - asyncssh - INFO - [conn=0, chan=515] Channel closed
2026-07-25 21:58:35,994 - asyncssh - INFO - [conn=0, chan=744] Requesting new SSH session
2026-07-25 21:58:35,995 - asyncssh - INFO - [conn=0, chan=744]   Command: kubectl logs my-pod -n default --tail=50
2026-07-25 21:58:36,063 - asyncssh - INFO - [conn=0, chan=744] Received exit status 0
2026-07-25 21:58:36,063 - asyncssh - INFO - [conn=0, chan=744] Received channel close
2026-07-25 21:58:36,063 - asyncssh - INFO - [conn=0, chan=744] Channel closed
2026-07-25 21:58:36,064 - asyncssh - INFO - [conn=0, chan=745] Requesting new SSH session
2026-07-25 21:58:36,065 - asyncssh - INFO - [conn=0, chan=745]   Command: kubectl top pod my-pod -n default --no-headers
2026-07-25 21:58:36,129 - asyncssh - INFO - [conn=0, chan=745] Received exit status 0
2026-07-25 21:58:36,129 - asyncssh - INFO - [conn=0, chan=745] Received channel close
2026-07-25 21:58:36,131 - asyncssh - INFO - [conn=0, chan=745] Channel closed
2026-07-25 21:58:36,131 - asyncssh - INFO - [conn=0, chan=746] Requesting new SSH session
2026-07-25 21:58:36,132 - asyncssh - INFO - [conn=0, chan=746]   Command: kubectl describe pod my-pod -n default | grep -A 5 'Limits:'
2026-07-25 21:58:36,203 - asyncssh - INFO - [conn=0, chan=746] Received exit status 1
2026-07-25 21:58:36,203 - asyncssh - INFO - [conn=0, chan=746] Received channel close
2026-07-25 21:58:36,203 - asyncssh - INFO - [conn=0, chan=746] Channel closed
2026-07-25 21:58:36,612 - asyncssh - INFO - [conn=0, chan=747] Requesting new SSH session
2026-07-25 21:58:36,614 - asyncssh - INFO - [conn=0, chan=747]   Command: kubectl logs log-generator -n default --tail=50
2026-07-25 21:58:36,679 - asyncssh - INFO - [conn=0, chan=747] Received exit status 0
2026-07-25 21:58:36,679 - asyncssh - INFO - [conn=0, chan=747] Received channel close
2026-07-25 21:58:36,679 - asyncssh - INFO - [conn=0, chan=747] Channel closed
2026-07-25 21:58:36,680 - asyncssh - INFO - [conn=0, chan=748] Requesting new SSH session
2026-07-25 21:58:36,681 - asyncssh - INFO - [conn=0, chan=748]   Command: kubectl top pod log-generator -n default --no-headers
2026-07-25 21:58:36,719 - asyncssh - INFO - [conn=0, chan=516] Requesting new SSH session
2026-07-25 21:58:36,720 - asyncssh - INFO - [conn=0, chan=517] Requesting new SSH session
2026-07-25 21:58:36,721 - asyncssh - INFO - [conn=0, chan=516]   Command: kubectl logs log-generator -n default --tail=50
2026-07-25 21:58:36,721 - asyncssh - INFO - [conn=0, chan=517]   Command: kubectl logs my-pod -n default --tail=50
2026-07-25 21:58:36,748 - asyncssh - INFO - [conn=0, chan=748] Received exit status 0
2026-07-25 21:58:36,748 - asyncssh - INFO - [conn=0, chan=748] Received channel close
2026-07-25 21:58:36,749 - asyncssh - INFO - [conn=0, chan=748] Channel closed
2026-07-25 21:58:36,750 - asyncssh - INFO - [conn=0, chan=749] Requesting new SSH session
2026-07-25 21:58:36,751 - asyncssh - INFO - [conn=0, chan=749]   Command: kubectl describe pod log-generator -n default | grep -A 5 'Limits:'
2026-07-25 21:58:36,804 - asyncssh - INFO - [conn=0, chan=517] Received exit status 0
2026-07-25 21:58:36,804 - asyncssh - INFO - [conn=0, chan=517] Received channel close
2026-07-25 21:58:36,805 - asyncssh - INFO - [conn=0, chan=517] Channel closed
2026-07-25 21:58:36,806 - asyncssh - INFO - [conn=0, chan=518] Requesting new SSH session
2026-07-25 21:58:36,806 - asyncssh - INFO - [conn=0, chan=518]   Command: kubectl top pod my-pod -n default --no-headers
2026-07-25 21:58:36,807 - asyncssh - INFO - [conn=0, chan=516] Received exit status 0
2026-07-25 21:58:36,807 - asyncssh - INFO - [conn=0, chan=516] Received channel close
2026-07-25 21:58:36,807 - asyncssh - INFO - [conn=0, chan=516] Channel closed
2026-07-25 21:58:36,808 - asyncssh - INFO - [conn=0, chan=519] Requesting new SSH session
2026-07-25 21:58:36,809 - asyncssh - INFO - [conn=0, chan=519]   Command: kubectl top pod log-generator -n default --no-headers
2026-07-25 21:58:36,836 - asyncssh - INFO - [conn=0, chan=749] Received exit status 0
2026-07-25 21:58:36,836 - asyncssh - INFO - [conn=0, chan=749] Received channel close
2026-07-25 21:58:36,836 - asyncssh - INFO - [conn=0, chan=749] Channel closed
2026-07-25 21:58:36,873 - asyncssh - INFO - [conn=0, chan=518] Received exit status 0
2026-07-25 21:58:36,874 - asyncssh - INFO - [conn=0, chan=518] Received channel close
2026-07-25 21:58:36,874 - asyncssh - INFO - [conn=0, chan=518] Channel closed
2026-07-25 21:58:36,874 - asyncssh - INFO - [conn=0, chan=519] Received exit status 0
2026-07-25 21:58:36,874 - asyncssh - INFO - [conn=0, chan=519] Received channel close
2026-07-25 21:58:36,875 - asyncssh - INFO - [conn=0, chan=520] Requesting new SSH session
2026-07-25 21:58:36,875 - asyncssh - INFO - [conn=0, chan=519] Channel closed
2026-07-25 21:58:36,875 - asyncssh - INFO - [conn=0, chan=521] Requesting new SSH session
2026-07-25 21:58:36,876 - asyncssh - INFO - [conn=0, chan=520]   Command: kubectl describe pod my-pod -n default | grep -A 5 'Limits:'
2026-07-25 21:58:36,876 - asyncssh - INFO - [conn=0, chan=521]   Command: kubectl describe pod log-generator -n default | grep -A 5 'Limits:'
2026-07-25 21:58:36,944 - asyncssh - INFO - [conn=0, chan=521] Received exit status 0
2026-07-25 21:58:36,944 - asyncssh - INFO - [conn=0, chan=521] Received channel close
2026-07-25 21:58:36,944 - asyncssh - INFO - [conn=0, chan=521] Channel closed
2026-07-25 21:58:36,945 - asyncssh - INFO - [conn=0, chan=520] Received exit status 1
2026-07-25 21:58:36,945 - asyncssh - INFO - [conn=0, chan=520] Received channel close
2026-07-25 21:58:36,945 - asyncssh - INFO - [conn=0, chan=520] Channel closed
2026-07-25 21:58:41,204 - asyncssh - INFO - [conn=0, chan=750] Requesting new SSH session
2026-07-25 21:58:41,205 - asyncssh - INFO - [conn=0, chan=750]   Command: kubectl logs my-pod -n default --tail=50
2026-07-25 21:58:41,279 - asyncssh - INFO - [conn=0, chan=750] Received exit status 0
2026-07-25 21:58:41,279 - asyncssh - INFO - [conn=0, chan=750] Received channel close
2026-07-25 21:58:41,280 - asyncssh - INFO - [conn=0, chan=750] Channel closed
2026-07-25 21:58:41,280 - asyncssh - INFO - [conn=0, chan=751] Requesting new SSH session
2026-07-25 21:58:41,281 - asyncssh - INFO - [conn=0, chan=751]   Command: kubectl top pod my-pod -n default --no-headers
2026-07-25 21:58:41,338 - asyncssh - INFO - [conn=0, chan=751] Received exit status 0
2026-07-25 21:58:41,339 - asyncssh - INFO - [conn=0, chan=751] Received channel close
2026-07-25 21:58:41,339 - asyncssh - INFO - [conn=0, chan=751] Channel closed
2026-07-25 21:58:41,339 - asyncssh - INFO - [conn=0, chan=752] Requesting new SSH session
2026-07-25 21:58:41,340 - asyncssh - INFO - [conn=0, chan=752]   Command: kubectl describe pod my-pod -n default | grep -A 5 'Limits:'
2026-07-25 21:58:41,411 - asyncssh - INFO - [conn=0, chan=752] Received exit status 1
2026-07-25 21:58:41,411 - asyncssh - INFO - [conn=0, chan=752] Received channel close
2026-07-25 21:58:41,412 - asyncssh - INFO - [conn=0, chan=752] Channel closed
2026-07-25 21:58:41,837 - asyncssh - INFO - [conn=0, chan=753] Requesting new SSH session
2026-07-25 21:58:41,838 - asyncssh - INFO - [conn=0, chan=753]   Command: kubectl logs log-generator -n default --tail=50
2026-07-25 21:58:41,910 - asyncssh - INFO - [conn=0, chan=753] Received exit status 0
2026-07-25 21:58:41,911 - asyncssh - INFO - [conn=0, chan=753] Received channel close
2026-07-25 21:58:41,911 - asyncssh - INFO - [conn=0, chan=753] Channel closed
2026-07-25 21:58:41,912 - asyncssh - INFO - [conn=0, chan=754] Requesting new SSH session
2026-07-25 21:58:41,912 - asyncssh - INFO - [conn=0, chan=754]   Command: kubectl top pod log-generator -n default --no-headers
2026-07-25 21:58:41,947 - asyncssh - INFO - [conn=0, chan=522] Requesting new SSH session
2026-07-25 21:58:41,948 - asyncssh - INFO - [conn=0, chan=523] Requesting new SSH session
2026-07-25 21:58:41,949 - asyncssh - INFO - [conn=0, chan=522]   Command: kubectl logs log-generator -n default --tail=50
2026-07-25 21:58:41,950 - asyncssh - INFO - [conn=0, chan=523]   Command: kubectl logs my-pod -n default --tail=50
2026-07-25 21:58:41,989 - asyncssh - INFO - [conn=0, chan=754] Received exit status 0
2026-07-25 21:58:41,989 - asyncssh - INFO - [conn=0, chan=754] Received channel close
2026-07-25 21:58:41,989 - asyncssh - INFO - [conn=0, chan=754] Channel closed
2026-07-25 21:58:41,990 - asyncssh - INFO - [conn=0, chan=755] Requesting new SSH session
2026-07-25 21:58:41,990 - asyncssh - INFO - [conn=0, chan=755]   Command: kubectl describe pod log-generator -n default | grep -A 5 'Limits:'
2026-07-25 21:58:42,055 - asyncssh - INFO - [conn=0, chan=523] Received exit status 0
2026-07-25 21:58:42,056 - asyncssh - INFO - [conn=0, chan=523] Received channel close
2026-07-25 21:58:42,057 - asyncssh - INFO - [conn=0, chan=523] Channel closed
2026-07-25 21:58:42,058 - asyncssh - INFO - [conn=0, chan=524] Requesting new SSH session
2026-07-25 21:58:42,059 - asyncssh - INFO - [conn=0, chan=524]   Command: kubectl top pod my-pod -n default --no-headers
2026-07-25 21:58:42,096 - asyncssh - INFO - [conn=0, chan=522] Received exit status 0
2026-07-25 21:58:42,097 - asyncssh - INFO - [conn=0, chan=522] Received channel close
2026-07-25 21:58:42,097 - asyncssh - INFO - [conn=0, chan=522] Channel closed
2026-07-25 21:58:42,098 - asyncssh - INFO - [conn=0, chan=525] Requesting new SSH session
2026-07-25 21:58:42,098 - asyncssh - INFO - [conn=0, chan=525]   Command: kubectl top pod log-generator -n default --no-headers
2026-07-25 21:58:42,109 - asyncssh - INFO - [conn=0, chan=755] Received exit status 0
2026-07-25 21:58:42,110 - asyncssh - INFO - [conn=0, chan=755] Received channel close
2026-07-25 21:58:42,111 - asyncssh - INFO - [conn=0, chan=755] Channel closed
2026-07-25 21:58:42,151 - asyncssh - INFO - [conn=0, chan=524] Received exit status 0
2026-07-25 21:58:42,152 - asyncssh - INFO - [conn=0, chan=524] Received channel close
2026-07-25 21:58:42,152 - asyncssh - INFO - [conn=0, chan=524] Channel closed
2026-07-25 21:58:42,152 - asyncssh - INFO - [conn=0, chan=526] Requesting new SSH session
2026-07-25 21:58:42,153 - asyncssh - INFO - [conn=0, chan=526]   Command: kubectl describe pod my-pod -n default | grep -A 5 'Limits:'
2026-07-25 21:58:42,169 - asyncssh - INFO - [conn=0, chan=525] Received exit status 0
2026-07-25 21:58:42,169 - asyncssh - INFO - [conn=0, chan=525] Received channel close
2026-07-25 21:58:42,169 - asyncssh - INFO - [conn=0, chan=525] Channel closed
2026-07-25 21:58:42,170 - asyncssh - INFO - [conn=0, chan=527] Requesting new SSH session
2026-07-25 21:58:42,170 - asyncssh - INFO - [conn=0, chan=527]   Command: kubectl describe pod log-generator -n default | grep -A 5 'Limits:'
2026-07-25 21:58:42,221 - asyncssh - INFO - [conn=0, chan=526] Received exit status 1
2026-07-25 21:58:42,221 - asyncssh - INFO - [conn=0, chan=526] Received channel close
2026-07-25 21:58:42,221 - asyncssh - INFO - [conn=0, chan=526] Channel closed
2026-07-25 21:58:42,236 - asyncssh - INFO - [conn=0, chan=527] Received exit status 0
2026-07-25 21:58:42,236 - asyncssh - INFO - [conn=0, chan=527] Received channel close
2026-07-25 21:58:42,236 - asyncssh - INFO - [conn=0, chan=527] Channel closed
2026-07-25 21:58:46,414 - asyncssh - INFO - [conn=0, chan=756] Requesting new SSH session
2026-07-25 21:58:46,415 - asyncssh - INFO - [conn=0, chan=756]   Command: kubectl logs my-pod -n default --tail=50
2026-07-25 21:58:46,483 - asyncssh - INFO - [conn=0, chan=756] Received exit status 0
2026-07-25 21:58:46,483 - asyncssh - INFO - [conn=0, chan=756] Received channel close
2026-07-25 21:58:46,485 - asyncssh - INFO - [conn=0, chan=756] Channel closed
2026-07-25 21:58:46,485 - asyncssh - INFO - [conn=0, chan=757] Requesting new SSH session
2026-07-25 21:58:46,486 - asyncssh - INFO - [conn=0, chan=757]   Command: kubectl top pod my-pod -n default --no-headers
2026-07-25 21:58:46,544 - asyncssh - INFO - [conn=0, chan=757] Received exit status 0
2026-07-25 21:58:46,545 - asyncssh - INFO - [conn=0, chan=757] Received channel close
2026-07-25 21:58:46,545 - asyncssh - INFO - [conn=0, chan=757] Channel closed
2026-07-25 21:58:46,546 - asyncssh - INFO - [conn=0, chan=758] Requesting new SSH session
2026-07-25 21:58:46,547 - asyncssh - INFO - [conn=0, chan=758]   Command: kubectl describe pod my-pod -n default | grep -A 5 'Limits:'
2026-07-25 21:58:46,618 - asyncssh - INFO - [conn=0, chan=758] Received exit status 1
2026-07-25 21:58:46,618 - asyncssh - INFO - [conn=0, chan=758] Received channel close
2026-07-25 21:58:46,618 - asyncssh - INFO - [conn=0, chan=758] Channel closed
2026-07-25 21:58:47,112 - asyncssh - INFO - [conn=0, chan=759] Requesting new SSH session
2026-07-25 21:58:47,113 - asyncssh - INFO - [conn=0, chan=759]   Command: kubectl logs log-generator -n default --tail=50
2026-07-25 21:58:47,182 - asyncssh - INFO - [conn=0, chan=759] Received exit status 0
2026-07-25 21:58:47,182 - asyncssh - INFO - [conn=0, chan=759] Received channel close
2026-07-25 21:58:47,183 - asyncssh - INFO - [conn=0, chan=759] Channel closed
2026-07-25 21:58:47,184 - asyncssh - INFO - [conn=0, chan=760] Requesting new SSH session
2026-07-25 21:58:47,184 - asyncssh - INFO - [conn=0, chan=760]   Command: kubectl top pod log-generator -n default --no-headers
2026-07-25 21:58:47,222 - asyncssh - INFO - [conn=0, chan=528] Requesting new SSH session
2026-07-25 21:58:47,223 - asyncssh - INFO - [conn=0, chan=528]   Command: kubectl logs my-pod -n default --tail=50
2026-07-25 21:58:47,237 - asyncssh - INFO - [conn=0, chan=529] Requesting new SSH session
2026-07-25 21:58:47,237 - asyncssh - INFO - [conn=0, chan=529]   Command: kubectl logs log-generator -n default --tail=50
2026-07-25 21:58:47,246 - asyncssh - INFO - [conn=0, chan=760] Received exit status 0
2026-07-25 21:58:47,246 - asyncssh - INFO - [conn=0, chan=760] Received channel close
2026-07-25 21:58:47,247 - asyncssh - INFO - [conn=0, chan=760] Channel closed
2026-07-25 21:58:47,248 - asyncssh - INFO - [conn=0, chan=761] Requesting new SSH session
2026-07-25 21:58:47,249 - asyncssh - INFO - [conn=0, chan=761]   Command: kubectl describe pod log-generator -n default | grep -A 5 'Limits:'
2026-07-25 21:58:47,297 - asyncssh - INFO - [conn=0, chan=528] Received exit status 0
2026-07-25 21:58:47,297 - asyncssh - INFO - [conn=0, chan=528] Received channel close
2026-07-25 21:58:47,297 - asyncssh - INFO - [conn=0, chan=528] Channel closed
2026-07-25 21:58:47,298 - asyncssh - INFO - [conn=0, chan=530] Requesting new SSH session
2026-07-25 21:58:47,299 - asyncssh - INFO - [conn=0, chan=530]   Command: kubectl top pod my-pod -n default --no-headers
2026-07-25 21:58:47,319 - asyncssh - INFO - [conn=0, chan=529] Received exit status 0
2026-07-25 21:58:47,319 - asyncssh - INFO - [conn=0, chan=529] Received channel close
2026-07-25 21:58:47,319 - asyncssh - INFO - [conn=0, chan=529] Channel closed
2026-07-25 21:58:47,320 - asyncssh - INFO - [conn=0, chan=531] Requesting new SSH session
2026-07-25 21:58:47,320 - asyncssh - INFO - [conn=0, chan=531]   Command: kubectl top pod log-generator -n default --no-headers
2026-07-25 21:58:47,325 - asyncssh - INFO - [conn=0, chan=761] Received exit status 0
2026-07-25 21:58:47,325 - asyncssh - INFO - [conn=0, chan=761] Received channel close
2026-07-25 21:58:47,326 - asyncssh - INFO - [conn=0, chan=761] Channel closed
2026-07-25 21:58:47,369 - asyncssh - INFO - [conn=0, chan=530] Received exit status 0
2026-07-25 21:58:47,370 - asyncssh - INFO - [conn=0, chan=530] Received channel close
2026-07-25 21:58:47,370 - asyncssh - INFO - [conn=0, chan=530] Channel closed
2026-07-25 21:58:47,371 - asyncssh - INFO - [conn=0, chan=532] Requesting new SSH session
2026-07-25 21:58:47,372 - asyncssh - INFO - [conn=0, chan=532]   Command: kubectl describe pod my-pod -n default | grep -A 5 'Limits:'
2026-07-25 21:58:47,391 - asyncssh - INFO - [conn=0, chan=531] Received exit status 0
2026-07-25 21:58:47,391 - asyncssh - INFO - [conn=0, chan=531] Received channel close
2026-07-25 21:58:47,392 - asyncssh - INFO - [conn=0, chan=531] Channel closed
2026-07-25 21:58:47,392 - asyncssh - INFO - [conn=0, chan=533] Requesting new SSH session
2026-07-25 21:58:47,393 - asyncssh - INFO - [conn=0, chan=533]   Command: kubectl describe pod log-generator -n default | grep -A 5 'Limits:'
2026-07-25 21:58:47,438 - asyncssh - INFO - [conn=0, chan=532] Received exit status 1
2026-07-25 21:58:47,439 - asyncssh - INFO - [conn=0, chan=532] Received channel close
2026-07-25 21:58:47,439 - asyncssh - INFO - [conn=0, chan=532] Channel closed
2026-07-25 21:58:47,456 - asyncssh - INFO - [conn=0, chan=533] Received exit status 0
2026-07-25 21:58:47,456 - asyncssh - INFO - [conn=0, chan=533] Received channel close
2026-07-25 21:58:47,456 - asyncssh - INFO - [conn=0, chan=533] Channel closed
2026-07-25 21:58:51,620 - asyncssh - INFO - [conn=0, chan=762] Requesting new SSH session
2026-07-25 21:58:51,621 - asyncssh - INFO - [conn=0, chan=762]   Command: kubectl logs my-pod -n default --tail=50
2026-07-25 21:58:51,688 - asyncssh - INFO - [conn=0, chan=762] Received exit status 0
2026-07-25 21:58:51,689 - asyncssh - INFO - [conn=0, chan=762] Received channel close
2026-07-25 21:58:51,689 - asyncssh - INFO - [conn=0, chan=762] Channel closed
2026-07-25 21:58:51,690 - asyncssh - INFO - [conn=0, chan=763] Requesting new SSH session
2026-07-25 21:58:51,690 - asyncssh - INFO - [conn=0, chan=763]   Command: kubectl top pod my-pod -n default --no-headers
2026-07-25 21:58:51,755 - asyncssh - INFO - [conn=0, chan=763] Received exit status 0
2026-07-25 21:58:51,755 - asyncssh - INFO - [conn=0, chan=763] Received channel close
2026-07-25 21:58:51,756 - asyncssh - INFO - [conn=0, chan=763] Channel closed
2026-07-25 21:58:51,756 - asyncssh - INFO - [conn=0, chan=764] Requesting new SSH session
2026-07-25 21:58:51,757 - asyncssh - INFO - [conn=0, chan=764]   Command: kubectl describe pod my-pod -n default | grep -A 5 'Limits:'
2026-07-25 21:58:51,823 - asyncssh - INFO - [conn=0, chan=764] Received exit status 1
2026-07-25 21:58:51,823 - asyncssh - INFO - [conn=0, chan=764] Received channel close
2026-07-25 21:58:51,824 - asyncssh - INFO - [conn=0, chan=764] Channel closed
2026-07-25 21:58:52,327 - asyncssh - INFO - [conn=0, chan=765] Requesting new SSH session
2026-07-25 21:58:52,329 - asyncssh - INFO - [conn=0, chan=765]   Command: kubectl logs log-generator -n default --tail=50
2026-07-25 21:58:52,394 - asyncssh - INFO - [conn=0, chan=765] Received exit status 0
2026-07-25 21:58:52,395 - asyncssh - INFO - [conn=0, chan=765] Received channel close
2026-07-25 21:58:52,395 - asyncssh - INFO - [conn=0, chan=765] Channel closed
2026-07-25 21:58:52,395 - asyncssh - INFO - [conn=0, chan=766] Requesting new SSH session
2026-07-25 21:58:52,396 - asyncssh - INFO - [conn=0, chan=766]   Command: kubectl top pod log-generator -n default --no-headers
2026-07-25 21:58:52,441 - asyncssh - INFO - [conn=0, chan=534] Requesting new SSH session
2026-07-25 21:58:52,443 - asyncssh - INFO - [conn=0, chan=534]   Command: kubectl logs my-pod -n default --tail=50
2026-07-25 21:58:52,452 - asyncssh - INFO - [conn=0, chan=766] Received exit status 0
2026-07-25 21:58:52,452 - asyncssh - INFO - [conn=0, chan=766] Received channel close
2026-07-25 21:58:52,453 - asyncssh - INFO - [conn=0, chan=766] Channel closed
2026-07-25 21:58:52,453 - asyncssh - INFO - [conn=0, chan=767] Requesting new SSH session
2026-07-25 21:58:52,454 - asyncssh - INFO - [conn=0, chan=767]   Command: kubectl describe pod log-generator -n default | grep -A 5 'Limits:'
2026-07-25 21:58:52,459 - asyncssh - INFO - [conn=0, chan=535] Requesting new SSH session
2026-07-25 21:58:52,460 - asyncssh - INFO - [conn=0, chan=535]   Command: kubectl logs log-generator -n default --tail=50
2026-07-25 21:58:52,521 - asyncssh - INFO - [conn=0, chan=534] Received exit status 0
2026-07-25 21:58:52,521 - asyncssh - INFO - [conn=0, chan=534] Received channel close
2026-07-25 21:58:52,522 - asyncssh - INFO - [conn=0, chan=534] Channel closed
2026-07-25 21:58:52,522 - asyncssh - INFO - [conn=0, chan=536] Requesting new SSH session
2026-07-25 21:58:52,523 - asyncssh - INFO - [conn=0, chan=536]   Command: kubectl top pod my-pod -n default --no-headers
2026-07-25 21:58:52,539 - asyncssh - INFO - [conn=0, chan=767] Received exit status 0
2026-07-25 21:58:52,540 - asyncssh - INFO - [conn=0, chan=767] Received channel close
2026-07-25 21:58:52,540 - asyncssh - INFO - [conn=0, chan=767] Channel closed
2026-07-25 21:58:52,545 - asyncssh - INFO - [conn=0, chan=535] Received exit status 0
2026-07-25 21:58:52,545 - asyncssh - INFO - [conn=0, chan=535] Received channel close
2026-07-25 21:58:52,546 - asyncssh - INFO - [conn=0, chan=535] Channel closed
2026-07-25 21:58:52,546 - asyncssh - INFO - [conn=0, chan=537] Requesting new SSH session
2026-07-25 21:58:52,547 - asyncssh - INFO - [conn=0, chan=537]   Command: kubectl top pod log-generator -n default --no-headers
2026-07-25 21:58:52,591 - asyncssh - INFO - [conn=0, chan=536] Received exit status 0
2026-07-25 21:58:52,591 - asyncssh - INFO - [conn=0, chan=536] Received channel close
2026-07-25 21:58:52,591 - asyncssh - INFO - [conn=0, chan=536] Channel closed
2026-07-25 21:58:52,591 - asyncssh - INFO - [conn=0, chan=538] Requesting new SSH session
2026-07-25 21:58:52,592 - asyncssh - INFO - [conn=0, chan=538]   Command: kubectl describe pod my-pod -n default | grep -A 5 'Limits:'
2026-07-25 21:58:52,612 - asyncssh - INFO - [conn=0, chan=537] Received exit status 0
2026-07-25 21:58:52,612 - asyncssh - INFO - [conn=0, chan=537] Received channel close
2026-07-25 21:58:52,613 - asyncssh - INFO - [conn=0, chan=537] Channel closed
2026-07-25 21:58:52,613 - asyncssh - INFO - [conn=0, chan=539] Requesting new SSH session
2026-07-25 21:58:52,613 - asyncssh - INFO - [conn=0, chan=539]   Command: kubectl describe pod log-generator -n default | grep -A 5 'Limits:'
2026-07-25 21:58:52,660 - asyncssh - INFO - [conn=0, chan=538] Received exit status 1
2026-07-25 21:58:52,660 - asyncssh - INFO - [conn=0, chan=538] Received channel close
2026-07-25 21:58:52,660 - asyncssh - INFO - [conn=0, chan=538] Channel closed
2026-07-25 21:58:52,672 - asyncssh - INFO - [conn=0, chan=539] Received exit status 0
2026-07-25 21:58:52,672 - asyncssh - INFO - [conn=0, chan=539] Received channel close
2026-07-25 21:58:52,672 - asyncssh - INFO - [conn=0, chan=539] Channel closed
2026-07-25 21:58:56,825 - asyncssh - INFO - [conn=0, chan=768] Requesting new SSH session
2026-07-25 21:58:56,826 - asyncssh - INFO - [conn=0, chan=768]   Command: kubectl logs my-pod -n default --tail=50
2026-07-25 21:58:56,896 - asyncssh - INFO - [conn=0, chan=768] Received exit status 0
2026-07-25 21:58:56,896 - asyncssh - INFO - [conn=0, chan=768] Received channel close
2026-07-25 21:58:56,896 - asyncssh - INFO - [conn=0, chan=768] Channel closed
2026-07-25 21:58:56,897 - asyncssh - INFO - [conn=0, chan=769] Requesting new SSH session
2026-07-25 21:58:56,897 - asyncssh - INFO - [conn=0, chan=769]   Command: kubectl top pod my-pod -n default --no-headers
2026-07-25 21:58:56,960 - asyncssh - INFO - [conn=0, chan=769] Received exit status 0
2026-07-25 21:58:56,961 - asyncssh - INFO - [conn=0, chan=769] Received channel close
2026-07-25 21:58:56,961 - asyncssh - INFO - [conn=0, chan=769] Channel closed
2026-07-25 21:58:56,962 - asyncssh - INFO - [conn=0, chan=770] Requesting new SSH session
2026-07-25 21:58:56,962 - asyncssh - INFO - [conn=0, chan=770]   Command: kubectl describe pod my-pod -n default | grep -A 5 'Limits:'
2026-07-25 21:58:57,043 - asyncssh - INFO - [conn=0, chan=770] Received exit status 1
2026-07-25 21:58:57,043 - asyncssh - INFO - [conn=0, chan=770] Received channel close
2026-07-25 21:58:57,044 - asyncssh - INFO - [conn=0, chan=770] Channel closed
2026-07-25 21:58:57,510 - pod_monitor.main - INFO - Starting Pod Monitor with 2 pods (mode=ssh)
2026-07-25 21:58:57,510 - pod_monitor.main - INFO - AI Analysis: Enabled
2026-07-25 21:58:57,510 - pod_monitor.main - INFO - AI Provider: mock
2026-07-25 21:58:57,542 - asyncssh - INFO - [conn=0, chan=771] Requesting new SSH session
2026-07-25 21:58:57,543 - asyncssh - INFO - [conn=0, chan=771]   Command: kubectl logs log-generator -n default --tail=50
2026-07-25 21:58:57,611 - asyncssh - INFO - [conn=0, chan=771] Received exit status 0
2026-07-25 21:58:57,611 - asyncssh - INFO - [conn=0, chan=771] Received channel close
2026-07-25 21:58:57,611 - asyncssh - INFO - [conn=0, chan=771] Channel closed
2026-07-25 21:58:57,612 - asyncssh - INFO - [conn=0, chan=772] Requesting new SSH session
2026-07-25 21:58:57,613 - asyncssh - INFO - [conn=0, chan=772]   Command: kubectl top pod log-generator -n default --no-headers
2026-07-25 21:58:57,621 - pod_monitor.ssh_client - INFO - Connected to 192.168.49.2
2026-07-25 21:58:57,621 - pod_monitor.monitor - INFO - SSH: monitoring pod default/log-generator via 192.168.49.2
2026-07-25 21:58:57,621 - pod_monitor.monitor - INFO - SSH: monitoring pod default/my-pod via 192.168.49.2
2026-07-25 21:58:57,622 - pod_monitor.monitor - INFO - Monitoring 2 pods (mode=ssh)
2026-07-25 21:58:57,694 - asyncssh - INFO - [conn=0, chan=772] Received exit status 0
2026-07-25 21:58:57,694 - asyncssh - INFO - [conn=0, chan=772] Received channel close
2026-07-25 21:58:57,695 - asyncssh - INFO - [conn=0, chan=772] Channel closed
2026-07-25 21:58:57,695 - asyncssh - INFO - [conn=0, chan=773] Requesting new SSH session
2026-07-25 21:58:57,696 - asyncssh - INFO - [conn=0, chan=773]   Command: kubectl describe pod log-generator -n default | grep -A 5 'Limits:'
2026-07-25 21:58:57,797 - asyncssh - INFO - [conn=0, chan=773] Received exit status 0
2026-07-25 21:58:57,797 - asyncssh - INFO - [conn=0, chan=773] Received channel close
2026-07-25 21:58:57,798 - asyncssh - INFO - [conn=0, chan=773] Channel closed
2026-07-25 21:58:57,944 - pod_monitor.ssh_client - WARNING - SSH command failed (1): kubectl describe pod my-pod -n default | grep -A 5 'Limits:'
2026-07-25 21:59:02,045 - asyncssh - INFO - [conn=0, chan=774] Requesting new SSH session
2026-07-25 21:59:02,046 - asyncssh - INFO - [conn=0, chan=774]   Command: kubectl logs my-pod -n default --tail=50
2026-07-25 21:59:02,122 - asyncssh - INFO - [conn=0, chan=774] Received exit status 0
2026-07-25 21:59:02,123 - asyncssh - INFO - [conn=0, chan=774] Received channel close
2026-07-25 21:59:02,123 - asyncssh - INFO - [conn=0, chan=774] Channel closed
2026-07-25 21:59:02,124 - asyncssh - INFO - [conn=0, chan=775] Requesting new SSH session
2026-07-25 21:59:02,127 - asyncssh - INFO - [conn=0, chan=775]   Command: kubectl top pod my-pod -n default --no-headers
2026-07-25 21:59:02,190 - asyncssh - INFO - [conn=0, chan=775] Received exit status 0
2026-07-25 21:59:02,190 - asyncssh - INFO - [conn=0, chan=775] Received channel close
2026-07-25 21:59:02,190 - asyncssh - INFO - [conn=0, chan=775] Channel closed
2026-07-25 21:59:02,191 - asyncssh - INFO - [conn=0, chan=776] Requesting new SSH session
2026-07-25 21:59:02,191 - asyncssh - INFO - [conn=0, chan=776]   Command: kubectl describe pod my-pod -n default | grep -A 5 'Limits:'
2026-07-25 21:59:02,255 - asyncssh - INFO - [conn=0, chan=776] Received exit status 1
2026-07-25 21:59:02,255 - asyncssh - INFO - [conn=0, chan=776] Received channel close
2026-07-25 21:59:02,256 - asyncssh - INFO - [conn=0, chan=776] Channel closed
2026-07-25 21:59:02,800 - asyncssh - INFO - [conn=0, chan=777] Requesting new SSH session
2026-07-25 21:59:02,801 - asyncssh - INFO - [conn=0, chan=777]   Command: kubectl logs log-generator -n default --tail=50
2026-07-25 21:59:02,866 - asyncssh - INFO - [conn=0, chan=777] Received exit status 0
2026-07-25 21:59:02,866 - asyncssh - INFO - [conn=0, chan=777] Received channel close
2026-07-25 21:59:02,867 - asyncssh - INFO - [conn=0, chan=777] Channel closed
2026-07-25 21:59:02,868 - asyncssh - INFO - [conn=0, chan=778] Requesting new SSH session
2026-07-25 21:59:02,868 - asyncssh - INFO - [conn=0, chan=778]   Command: kubectl top pod log-generator -n default --no-headers
2026-07-25 21:59:02,928 - asyncssh - INFO - [conn=0, chan=778] Received exit status 0
2026-07-25 21:59:02,928 - asyncssh - INFO - [conn=0, chan=778] Received channel close
2026-07-25 21:59:02,929 - asyncssh - INFO - [conn=0, chan=778] Channel closed
2026-07-25 21:59:02,929 - asyncssh - INFO - [conn=0, chan=779] Requesting new SSH session
2026-07-25 21:59:02,930 - asyncssh - INFO - [conn=0, chan=779]   Command: kubectl describe pod log-generator -n default | grep -A 5 'Limits:'
2026-07-25 21:59:03,005 - asyncssh - INFO - [conn=0, chan=779] Received exit status 0
2026-07-25 21:59:03,005 - asyncssh - INFO - [conn=0, chan=779] Received channel close
2026-07-25 21:59:03,005 - asyncssh - INFO - [conn=0, chan=779] Channel closed
2026-07-25 21:59:03,140 - pod_monitor.ssh_client - WARNING - SSH command failed (1): kubectl describe pod my-pod -n default | grep -A 5 'Limits:'
2026-07-25 21:59:07,257 - asyncssh - INFO - [conn=0, chan=780] Requesting new SSH session
2026-07-25 21:59:07,258 - asyncssh - INFO - [conn=0, chan=780]   Command: kubectl logs my-pod -n default --tail=50
2026-07-25 21:59:07,327 - asyncssh - INFO - [conn=0, chan=780] Received exit status 0
2026-07-25 21:59:07,327 - asyncssh - INFO - [conn=0, chan=780] Received channel close
2026-07-25 21:59:07,328 - asyncssh - INFO - [conn=0, chan=780] Channel closed
2026-07-25 21:59:07,328 - asyncssh - INFO - [conn=0, chan=781] Requesting new SSH session
2026-07-25 21:59:07,329 - asyncssh - INFO - [conn=0, chan=781]   Command: kubectl top pod my-pod -n default --no-headers
2026-07-25 21:59:07,389 - asyncssh - INFO - [conn=0, chan=781] Received exit status 0
2026-07-25 21:59:07,389 - asyncssh - INFO - [conn=0, chan=781] Received channel close
2026-07-25 21:59:07,390 - asyncssh - INFO - [conn=0, chan=781] Channel closed
2026-07-25 21:59:07,390 - asyncssh - INFO - [conn=0, chan=782] Requesting new SSH session
2026-07-25 21:59:07,390 - asyncssh - INFO - [conn=0, chan=782]   Command: kubectl describe pod my-pod -n default | grep -A 5 'Limits:'
2026-07-25 21:59:07,452 - asyncssh - INFO - [conn=0, chan=782] Received exit status 1
2026-07-25 21:59:07,452 - asyncssh - INFO - [conn=0, chan=782] Received channel close
2026-07-25 21:59:07,453 - asyncssh - INFO - [conn=0, chan=782] Channel closed
2026-07-25 21:59:08,006 - asyncssh - INFO - [conn=0, chan=783] Requesting new SSH session
2026-07-25 21:59:08,007 - asyncssh - INFO - [conn=0, chan=783]   Command: kubectl logs log-generator -n default --tail=50
2026-07-25 21:59:08,071 - asyncssh - INFO - [conn=0, chan=783] Received exit status 0
2026-07-25 21:59:08,071 - asyncssh - INFO - [conn=0, chan=783] Received channel close
2026-07-25 21:59:08,072 - asyncssh - INFO - [conn=0, chan=783] Channel closed
2026-07-25 21:59:08,073 - asyncssh - INFO - [conn=0, chan=784] Requesting new SSH session
2026-07-25 21:59:08,073 - asyncssh - INFO - [conn=0, chan=784]   Command: kubectl top pod log-generator -n default --no-headers
2026-07-25 21:59:08,134 - asyncssh - INFO - [conn=0, chan=784] Received exit status 0
2026-07-25 21:59:08,135 - asyncssh - INFO - [conn=0, chan=784] Received channel close
2026-07-25 21:59:08,135 - asyncssh - INFO - [conn=0, chan=784] Channel closed
2026-07-25 21:59:08,136 - asyncssh - INFO - [conn=0, chan=785] Requesting new SSH session
2026-07-25 21:59:08,136 - asyncssh - INFO - [conn=0, chan=785]   Command: kubectl describe pod log-generator -n default | grep -A 5 'Limits:'
2026-07-25 21:59:08,218 - asyncssh - INFO - [conn=0, chan=785] Received exit status 0
2026-07-25 21:59:08,218 - asyncssh - INFO - [conn=0, chan=785] Received channel close
2026-07-25 21:59:08,219 - asyncssh - INFO - [conn=0, chan=785] Channel closed
2026-07-25 21:59:08,340 - pod_monitor.ssh_client - WARNING - SSH command failed (1): kubectl describe pod my-pod -n default | grep -A 5 'Limits:'
2026-07-25 21:59:12,454 - asyncssh - INFO - [conn=0, chan=786] Requesting new SSH session
2026-07-25 21:59:12,455 - asyncssh - INFO - [conn=0, chan=786]   Command: kubectl logs my-pod -n default --tail=50
2026-07-25 21:59:12,523 - asyncssh - INFO - [conn=0, chan=786] Received exit status 0
2026-07-25 21:59:12,523 - asyncssh - INFO - [conn=0, chan=786] Received channel close
2026-07-25 21:59:12,523 - asyncssh - INFO - [conn=0, chan=786] Channel closed
2026-07-25 21:59:12,524 - asyncssh - INFO - [conn=0, chan=787] Requesting new SSH session
2026-07-25 21:59:12,525 - asyncssh - INFO - [conn=0, chan=787]   Command: kubectl top pod my-pod -n default --no-headers
2026-07-25 21:59:12,586 - asyncssh - INFO - [conn=0, chan=787] Received exit status 0
2026-07-25 21:59:12,586 - asyncssh - INFO - [conn=0, chan=787] Received channel close
2026-07-25 21:59:12,587 - asyncssh - INFO - [conn=0, chan=787] Channel closed
2026-07-25 21:59:12,587 - asyncssh - INFO - [conn=0, chan=788] Requesting new SSH session
2026-07-25 21:59:12,588 - asyncssh - INFO - [conn=0, chan=788]   Command: kubectl describe pod my-pod -n default | grep -A 5 'Limits:'
2026-07-25 21:59:12,652 - asyncssh - INFO - [conn=0, chan=788] Received exit status 1
2026-07-25 21:59:12,652 - asyncssh - INFO - [conn=0, chan=788] Received channel close
2026-07-25 21:59:12,653 - asyncssh - INFO - [conn=0, chan=788] Channel closed
2026-07-25 21:59:13,221 - asyncssh - INFO - [conn=0, chan=789] Requesting new SSH session
2026-07-25 21:59:13,222 - asyncssh - INFO - [conn=0, chan=789]   Command: kubectl logs log-generator -n default --tail=50
2026-07-25 21:59:13,292 - asyncssh - INFO - [conn=0, chan=789] Received exit status 0
2026-07-25 21:59:13,292 - asyncssh - INFO - [conn=0, chan=789] Received channel close
2026-07-25 21:59:13,292 - asyncssh - INFO - [conn=0, chan=789] Channel closed
2026-07-25 21:59:13,293 - asyncssh - INFO - [conn=0, chan=790] Requesting new SSH session
2026-07-25 21:59:13,293 - asyncssh - INFO - [conn=0, chan=790]   Command: kubectl top pod log-generator -n default --no-headers
2026-07-25 21:59:13,351 - asyncssh - INFO - [conn=0, chan=790] Received exit status 0
2026-07-25 21:59:13,351 - asyncssh - INFO - [conn=0, chan=790] Received channel close
2026-07-25 21:59:13,352 - asyncssh - INFO - [conn=0, chan=790] Channel closed
2026-07-25 21:59:13,352 - asyncssh - INFO - [conn=0, chan=791] Requesting new SSH session
2026-07-25 21:59:13,352 - asyncssh - INFO - [conn=0, chan=791]   Command: kubectl describe pod log-generator -n default | grep -A 5 'Limits:'
2026-07-25 21:59:13,428 - asyncssh - INFO - [conn=0, chan=791] Received exit status 0
2026-07-25 21:59:13,428 - asyncssh - INFO - [conn=0, chan=791] Received channel close
2026-07-25 21:59:13,429 - asyncssh - INFO - [conn=0, chan=791] Channel closed
2026-07-25 21:59:13,561 - pod_monitor.ssh_client - WARNING - SSH command failed (1): kubectl describe pod my-pod -n default | grep -A 5 'Limits:'
2026-07-25 21:59:17,655 - asyncssh - INFO - [conn=0, chan=792] Requesting new SSH session
2026-07-25 21:59:17,656 - asyncssh - INFO - [conn=0, chan=792]   Command: kubectl logs my-pod -n default --tail=50
2026-07-25 21:59:17,721 - asyncssh - INFO - [conn=0, chan=792] Received exit status 0
2026-07-25 21:59:17,721 - asyncssh - INFO - [conn=0, chan=792] Received channel close
2026-07-25 21:59:17,721 - asyncssh - INFO - [conn=0, chan=792] Channel closed
2026-07-25 21:59:17,722 - asyncssh - INFO - [conn=0, chan=793] Requesting new SSH session
2026-07-25 21:59:17,723 - asyncssh - INFO - [conn=0, chan=793]   Command: kubectl top pod my-pod -n default --no-headers
2026-07-25 21:59:17,787 - asyncssh - INFO - [conn=0, chan=793] Received exit status 0
2026-07-25 21:59:17,787 - asyncssh - INFO - [conn=0, chan=793] Received channel close
2026-07-25 21:59:17,788 - asyncssh - INFO - [conn=0, chan=793] Channel closed
2026-07-25 21:59:17,789 - asyncssh - INFO - [conn=0, chan=794] Requesting new SSH session
2026-07-25 21:59:17,790 - asyncssh - INFO - [conn=0, chan=794]   Command: kubectl describe pod my-pod -n default | grep -A 5 'Limits:'
2026-07-25 21:59:17,867 - asyncssh - INFO - [conn=0, chan=794] Received exit status 1
2026-07-25 21:59:17,868 - asyncssh - INFO - [conn=0, chan=794] Received channel close
2026-07-25 21:59:17,868 - asyncssh - INFO - [conn=0, chan=794] Channel closed
2026-07-25 21:59:18,430 - asyncssh - INFO - [conn=0, chan=795] Requesting new SSH session
2026-07-25 21:59:18,431 - asyncssh - INFO - [conn=0, chan=795]   Command: kubectl logs log-generator -n default --tail=50
2026-07-25 21:59:18,497 - asyncssh - INFO - [conn=0, chan=795] Received exit status 0
2026-07-25 21:59:18,497 - asyncssh - INFO - [conn=0, chan=795] Received channel close
2026-07-25 21:59:18,498 - asyncssh - INFO - [conn=0, chan=795] Channel closed
2026-07-25 21:59:18,499 - asyncssh - INFO - [conn=0, chan=796] Requesting new SSH session
2026-07-25 21:59:18,499 - asyncssh - INFO - [conn=0, chan=796]   Command: kubectl top pod log-generator -n default --no-headers
2026-07-25 21:59:18,562 - asyncssh - INFO - [conn=0, chan=796] Received exit status 0
2026-07-25 21:59:18,562 - asyncssh - INFO - [conn=0, chan=796] Received channel close
2026-07-25 21:59:18,562 - asyncssh - INFO - [conn=0, chan=796] Channel closed
2026-07-25 21:59:18,563 - asyncssh - INFO - [conn=0, chan=797] Requesting new SSH session
2026-07-25 21:59:18,563 - asyncssh - INFO - [conn=0, chan=797]   Command: kubectl describe pod log-generator -n default | grep -A 5 'Limits:'
2026-07-25 21:59:18,643 - asyncssh - INFO - [conn=0, chan=797] Received exit status 0
2026-07-25 21:59:18,643 - asyncssh - INFO - [conn=0, chan=797] Received channel close
2026-07-25 21:59:18,644 - asyncssh - INFO - [conn=0, chan=797] Channel closed
2026-07-25 21:59:18,775 - pod_monitor.ssh_client - WARNING - SSH command failed (1): kubectl describe pod my-pod -n default | grep -A 5 'Limits:'
2026-07-25 21:59:22,879 - asyncssh - INFO - [conn=0, chan=798] Requesting new SSH session
2026-07-25 21:59:22,880 - asyncssh - INFO - [conn=0, chan=798]   Command: kubectl logs my-pod -n default --tail=50
2026-07-25 21:59:22,949 - asyncssh - INFO - [conn=0, chan=798] Received exit status 0
2026-07-25 21:59:22,950 - asyncssh - INFO - [conn=0, chan=798] Received channel close
2026-07-25 21:59:22,950 - asyncssh - INFO - [conn=0, chan=798] Channel closed
2026-07-25 21:59:22,951 - asyncssh - INFO - [conn=0, chan=799] Requesting new SSH session
2026-07-25 21:59:22,951 - asyncssh - INFO - [conn=0, chan=799]   Command: kubectl top pod my-pod -n default --no-headers
2026-07-25 21:59:23,022 - asyncssh - INFO - [conn=0, chan=799] Received exit status 0
2026-07-25 21:59:23,022 - asyncssh - INFO - [conn=0, chan=799] Received channel close
2026-07-25 21:59:23,022 - asyncssh - INFO - [conn=0, chan=799] Channel closed
2026-07-25 21:59:23,023 - asyncssh - INFO - [conn=0, chan=800] Requesting new SSH session
2026-07-25 21:59:23,024 - asyncssh - INFO - [conn=0, chan=800]   Command: kubectl describe pod my-pod -n default | grep -A 5 'Limits:'
2026-07-25 21:59:23,099 - asyncssh - INFO - [conn=0, chan=800] Received exit status 1
2026-07-25 21:59:23,099 - asyncssh - INFO - [conn=0, chan=800] Received channel close
2026-07-25 21:59:23,100 - asyncssh - INFO - [conn=0, chan=800] Channel closed
2026-07-25 21:59:23,645 - asyncssh - INFO - [conn=0, chan=801] Requesting new SSH session
2026-07-25 21:59:23,646 - asyncssh - INFO - [conn=0, chan=801]   Command: kubectl logs log-generator -n default --tail=50
2026-07-25 21:59:23,713 - asyncssh - INFO - [conn=0, chan=801] Received exit status 0
2026-07-25 21:59:23,713 - asyncssh - INFO - [conn=0, chan=801] Received channel close
2026-07-25 21:59:23,714 - asyncssh - INFO - [conn=0, chan=801] Channel closed
2026-07-25 21:59:23,714 - asyncssh - INFO - [conn=0, chan=802] Requesting new SSH session
2026-07-25 21:59:23,715 - asyncssh - INFO - [conn=0, chan=802]   Command: kubectl top pod log-generator -n default --no-headers
2026-07-25 21:59:23,780 - asyncssh - INFO - [conn=0, chan=802] Received exit status 0
2026-07-25 21:59:23,781 - asyncssh - INFO - [conn=0, chan=802] Received channel close
2026-07-25 21:59:23,781 - asyncssh - INFO - [conn=0, chan=802] Channel closed
2026-07-25 21:59:23,781 - asyncssh - INFO - [conn=0, chan=803] Requesting new SSH session
2026-07-25 21:59:23,784 - asyncssh - INFO - [conn=0, chan=803]   Command: kubectl describe pod log-generator -n default | grep -A 5 'Limits:'
2026-07-25 21:59:23,870 - asyncssh - INFO - [conn=0, chan=803] Received exit status 0
2026-07-25 21:59:23,871 - asyncssh - INFO - [conn=0, chan=803] Received channel close
2026-07-25 21:59:23,886 - asyncssh - INFO - [conn=0, chan=803] Channel closed
2026-07-25 21:59:24,059 - pod_monitor.ssh_client - WARNING - SSH command failed (1): kubectl describe pod my-pod -n default | grep -A 5 'Limits:'
2026-07-25 21:59:28,101 - asyncssh - INFO - [conn=0, chan=804] Requesting new SSH session
2026-07-25 21:59:28,102 - asyncssh - INFO - [conn=0, chan=804]   Command: kubectl logs my-pod -n default --tail=50
2026-07-25 21:59:28,167 - asyncssh - INFO - [conn=0, chan=804] Received exit status 0
2026-07-25 21:59:28,167 - asyncssh - INFO - [conn=0, chan=804] Received channel close
2026-07-25 21:59:28,168 - asyncssh - INFO - [conn=0, chan=804] Channel closed
2026-07-25 21:59:28,169 - asyncssh - INFO - [conn=0, chan=805] Requesting new SSH session
2026-07-25 21:59:28,170 - asyncssh - INFO - [conn=0, chan=805]   Command: kubectl top pod my-pod -n default --no-headers
2026-07-25 21:59:28,235 - asyncssh - INFO - [conn=0, chan=805] Received exit status 0
2026-07-25 21:59:28,235 - asyncssh - INFO - [conn=0, chan=805] Received channel close
2026-07-25 21:59:28,235 - asyncssh - INFO - [conn=0, chan=805] Channel closed
2026-07-25 21:59:28,236 - asyncssh - INFO - [conn=0, chan=806] Requesting new SSH session
2026-07-25 21:59:28,236 - asyncssh - INFO - [conn=0, chan=806]   Command: kubectl describe pod my-pod -n default | grep -A 5 'Limits:'
2026-07-25 21:59:28,305 - asyncssh - INFO - [conn=0, chan=806] Received exit status 1
2026-07-25 21:59:28,306 - asyncssh - INFO - [conn=0, chan=806] Received channel close
2026-07-25 21:59:28,306 - asyncssh - INFO - [conn=0, chan=806] Channel closed
2026-07-25 21:59:28,892 - asyncssh - INFO - [conn=0, chan=807] Requesting new SSH session
2026-07-25 21:59:28,893 - asyncssh - INFO - [conn=0, chan=807]   Command: kubectl logs log-generator -n default --tail=50
2026-07-25 21:59:28,962 - asyncssh - INFO - [conn=0, chan=807] Received exit status 0
2026-07-25 21:59:28,962 - asyncssh - INFO - [conn=0, chan=807] Received channel close
2026-07-25 21:59:28,963 - asyncssh - INFO - [conn=0, chan=807] Channel closed
2026-07-25 21:59:28,963 - asyncssh - INFO - [conn=0, chan=808] Requesting new SSH session
2026-07-25 21:59:28,964 - asyncssh - INFO - [conn=0, chan=808]   Command: kubectl top pod log-generator -n default --no-headers
2026-07-25 21:59:29,027 - asyncssh - INFO - [conn=0, chan=808] Received exit status 0
2026-07-25 21:59:29,027 - asyncssh - INFO - [conn=0, chan=808] Received channel close
2026-07-25 21:59:29,028 - asyncssh - INFO - [conn=0, chan=808] Channel closed
2026-07-25 21:59:29,028 - asyncssh - INFO - [conn=0, chan=809] Requesting new SSH session
2026-07-25 21:59:29,029 - asyncssh - INFO - [conn=0, chan=809]   Command: kubectl describe pod log-generator -n default | grep -A 5 'Limits:'
2026-07-25 21:59:29,110 - asyncssh - INFO - [conn=0, chan=809] Received exit status 0
2026-07-25 21:59:29,110 - asyncssh - INFO - [conn=0, chan=809] Received channel close
2026-07-25 21:59:29,111 - asyncssh - INFO - [conn=0, chan=809] Channel closed
2026-07-25 21:59:29,263 - pod_monitor.ssh_client - WARNING - SSH command failed (1): kubectl describe pod my-pod -n default | grep -A 5 'Limits:'
2026-07-25 21:59:33,308 - asyncssh - INFO - [conn=0, chan=810] Requesting new SSH session
2026-07-25 21:59:33,309 - asyncssh - INFO - [conn=0, chan=810]   Command: kubectl logs my-pod -n default --tail=50
2026-07-25 21:59:33,376 - asyncssh - INFO - [conn=0, chan=810] Received exit status 0
2026-07-25 21:59:33,376 - asyncssh - INFO - [conn=0, chan=810] Received channel close
2026-07-25 21:59:33,377 - asyncssh - INFO - [conn=0, chan=810] Channel closed
2026-07-25 21:59:33,377 - asyncssh - INFO - [conn=0, chan=811] Requesting new SSH session
2026-07-25 21:59:33,379 - asyncssh - INFO - [conn=0, chan=811]   Command: kubectl top pod my-pod -n default --no-headers
2026-07-25 21:59:33,444 - asyncssh - INFO - [conn=0, chan=811] Received exit status 0
2026-07-25 21:59:33,444 - asyncssh - INFO - [conn=0, chan=811] Received channel close
2026-07-25 21:59:33,445 - asyncssh - INFO - [conn=0, chan=811] Channel closed
2026-07-25 21:59:33,445 - asyncssh - INFO - [conn=0, chan=812] Requesting new SSH session
2026-07-25 21:59:33,446 - asyncssh - INFO - [conn=0, chan=812]   Command: kubectl describe pod my-pod -n default | grep -A 5 'Limits:'
2026-07-25 21:59:33,512 - asyncssh - INFO - [conn=0, chan=812] Received exit status 1
2026-07-25 21:59:33,512 - asyncssh - INFO - [conn=0, chan=812] Received channel close
2026-07-25 21:59:33,512 - asyncssh - INFO - [conn=0, chan=812] Channel closed
2026-07-25 21:59:34,112 - asyncssh - INFO - [conn=0, chan=813] Requesting new SSH session
2026-07-25 21:59:34,114 - asyncssh - INFO - [conn=0, chan=813]   Command: kubectl logs log-generator -n default --tail=50
2026-07-25 21:59:34,181 - asyncssh - INFO - [conn=0, chan=813] Received exit status 0
2026-07-25 21:59:34,181 - asyncssh - INFO - [conn=0, chan=813] Received channel close
2026-07-25 21:59:34,182 - asyncssh - INFO - [conn=0, chan=813] Channel closed
2026-07-25 21:59:34,182 - asyncssh - INFO - [conn=0, chan=814] Requesting new SSH session
2026-07-25 21:59:34,183 - asyncssh - INFO - [conn=0, chan=814]   Command: kubectl top pod log-generator -n default --no-headers
2026-07-25 21:59:34,241 - asyncssh - INFO - [conn=0, chan=814] Received exit status 0
2026-07-25 21:59:34,241 - asyncssh - INFO - [conn=0, chan=814] Received channel close
2026-07-25 21:59:34,242 - asyncssh - INFO - [conn=0, chan=814] Channel closed
2026-07-25 21:59:34,242 - asyncssh - INFO - [conn=0, chan=815] Requesting new SSH session
2026-07-25 21:59:34,242 - asyncssh - INFO - [conn=0, chan=815]   Command: kubectl describe pod log-generator -n default | grep -A 5 'Limits:'
2026-07-25 21:59:34,311 - asyncssh - INFO - [conn=0, chan=815] Received exit status 0
2026-07-25 21:59:34,311 - asyncssh - INFO - [conn=0, chan=815] Received channel close
2026-07-25 21:59:34,311 - asyncssh - INFO - [conn=0, chan=815] Channel closed
2026-07-25 21:59:34,471 - pod_monitor.ssh_client - WARNING - SSH command failed (1): kubectl describe pod my-pod -n default | grep -A 5 'Limits:'
2026-07-25 21:59:38,514 - asyncssh - INFO - [conn=0, chan=816] Requesting new SSH session
2026-07-25 21:59:38,515 - asyncssh - INFO - [conn=0, chan=816]   Command: kubectl logs my-pod -n default --tail=50
2026-07-25 21:59:38,584 - asyncssh - INFO - [conn=0, chan=816] Received exit status 0
2026-07-25 21:59:38,584 - asyncssh - INFO - [conn=0, chan=816] Received channel close
2026-07-25 21:59:38,584 - asyncssh - INFO - [conn=0, chan=816] Channel closed
2026-07-25 21:59:38,585 - asyncssh - INFO - [conn=0, chan=817] Requesting new SSH session
2026-07-25 21:59:38,585 - asyncssh - INFO - [conn=0, chan=817]   Command: kubectl top pod my-pod -n default --no-headers
2026-07-25 21:59:38,644 - asyncssh - INFO - [conn=0, chan=817] Received exit status 0
2026-07-25 21:59:38,645 - asyncssh - INFO - [conn=0, chan=817] Received channel close
2026-07-25 21:59:38,645 - asyncssh - INFO - [conn=0, chan=817] Channel closed
2026-07-25 21:59:38,645 - asyncssh - INFO - [conn=0, chan=818] Requesting new SSH session
2026-07-25 21:59:38,646 - asyncssh - INFO - [conn=0, chan=818]   Command: kubectl describe pod my-pod -n default | grep -A 5 'Limits:'
2026-07-25 21:59:38,718 - asyncssh - INFO - [conn=0, chan=818] Received exit status 1
2026-07-25 21:59:38,718 - asyncssh - INFO - [conn=0, chan=818] Received channel close
2026-07-25 21:59:38,718 - asyncssh - INFO - [conn=0, chan=818] Channel closed
2026-07-25 21:59:39,313 - asyncssh - INFO - [conn=0, chan=819] Requesting new SSH session
2026-07-25 21:59:39,314 - asyncssh - INFO - [conn=0, chan=819]   Command: kubectl logs log-generator -n default --tail=50
2026-07-25 21:59:39,379 - asyncssh - INFO - [conn=0, chan=819] Received exit status 0
2026-07-25 21:59:39,379 - asyncssh - INFO - [conn=0, chan=819] Received channel close
2026-07-25 21:59:39,379 - asyncssh - INFO - [conn=0, chan=819] Channel closed
2026-07-25 21:59:39,380 - asyncssh - INFO - [conn=0, chan=820] Requesting new SSH session
2026-07-25 21:59:39,380 - asyncssh - INFO - [conn=0, chan=820]   Command: kubectl top pod log-generator -n default --no-headers
2026-07-25 21:59:39,440 - asyncssh - INFO - [conn=0, chan=820] Received exit status 0
2026-07-25 21:59:39,440 - asyncssh - INFO - [conn=0, chan=820] Received channel close
2026-07-25 21:59:39,440 - asyncssh - INFO - [conn=0, chan=820] Channel closed
2026-07-25 21:59:39,441 - asyncssh - INFO - [conn=0, chan=821] Requesting new SSH session
2026-07-25 21:59:39,441 - asyncssh - INFO - [conn=0, chan=821]   Command: kubectl describe pod log-generator -n default | grep -A 5 'Limits:'
2026-07-25 21:59:39,522 - asyncssh - INFO - [conn=0, chan=821] Received exit status 0
2026-07-25 21:59:39,522 - asyncssh - INFO - [conn=0, chan=821] Received channel close
2026-07-25 21:59:39,523 - asyncssh - INFO - [conn=0, chan=821] Channel closed
2026-07-25 21:59:39,678 - pod_monitor.ssh_client - WARNING - SSH command failed (1): kubectl describe pod my-pod -n default | grep -A 5 'Limits:'
2026-07-25 21:59:43,719 - asyncssh - INFO - [conn=0, chan=822] Requesting new SSH session
2026-07-25 21:59:43,720 - asyncssh - INFO - [conn=0, chan=822]   Command: kubectl logs my-pod -n default --tail=50
2026-07-25 21:59:43,789 - asyncssh - INFO - [conn=0, chan=822] Received exit status 0
2026-07-25 21:59:43,790 - asyncssh - INFO - [conn=0, chan=822] Received channel close
2026-07-25 21:59:43,790 - asyncssh - INFO - [conn=0, chan=822] Channel closed
2026-07-25 21:59:43,791 - asyncssh - INFO - [conn=0, chan=823] Requesting new SSH session
2026-07-25 21:59:43,792 - asyncssh - INFO - [conn=0, chan=823]   Command: kubectl top pod my-pod -n default --no-headers
2026-07-25 21:59:43,866 - asyncssh - INFO - [conn=0, chan=823] Received exit status 0
2026-07-25 21:59:43,867 - asyncssh - INFO - [conn=0, chan=823] Received channel close
2026-07-25 21:59:43,868 - asyncssh - INFO - [conn=0, chan=823] Channel closed
2026-07-25 21:59:43,882 - asyncssh - INFO - [conn=0, chan=824] Requesting new SSH session
2026-07-25 21:59:43,886 - asyncssh - INFO - [conn=0, chan=824]   Command: kubectl describe pod my-pod -n default | grep -A 5 'Limits:'
2026-07-25 21:59:43,956 - asyncssh - INFO - [conn=0, chan=824] Received exit status 1
2026-07-25 21:59:43,956 - asyncssh - INFO - [conn=0, chan=824] Received channel close
2026-07-25 21:59:43,957 - asyncssh - INFO - [conn=0, chan=824] Channel closed
2026-07-25 21:59:44,525 - asyncssh - INFO - [conn=0, chan=825] Requesting new SSH session
2026-07-25 21:59:44,526 - asyncssh - INFO - [conn=0, chan=825]   Command: kubectl logs log-generator -n default --tail=50
2026-07-25 21:59:44,592 - asyncssh - INFO - [conn=0, chan=825] Received exit status 0
2026-07-25 21:59:44,592 - asyncssh - INFO - [conn=0, chan=825] Received channel close
2026-07-25 21:59:44,592 - asyncssh - INFO - [conn=0, chan=825] Channel closed
2026-07-25 21:59:44,593 - asyncssh - INFO - [conn=0, chan=826] Requesting new SSH session
2026-07-25 21:59:44,594 - asyncssh - INFO - [conn=0, chan=826]   Command: kubectl top pod log-generator -n default --no-headers
2026-07-25 21:59:44,651 - asyncssh - INFO - [conn=0, chan=826] Received exit status 0
2026-07-25 21:59:44,651 - asyncssh - INFO - [conn=0, chan=826] Received channel close
2026-07-25 21:59:44,652 - asyncssh - INFO - [conn=0, chan=826] Channel closed
2026-07-25 21:59:44,652 - asyncssh - INFO - [conn=0, chan=827] Requesting new SSH session
2026-07-25 21:59:44,652 - asyncssh - INFO - [conn=0, chan=827]   Command: kubectl describe pod log-generator -n default | grep -A 5 'Limits:'
2026-07-25 21:59:44,738 - asyncssh - INFO - [conn=0, chan=827] Received exit status 0
2026-07-25 21:59:44,738 - asyncssh - INFO - [conn=0, chan=827] Received channel close
2026-07-25 21:59:44,739 - asyncssh - INFO - [conn=0, chan=827] Channel closed
2026-07-25 21:59:44,892 - pod_monitor.ssh_client - WARNING - SSH command failed (1): kubectl describe pod my-pod -n default | grep -A 5 'Limits:'
2026-07-25 21:59:48,958 - asyncssh - INFO - [conn=0, chan=828] Requesting new SSH session
2026-07-25 21:59:48,959 - asyncssh - INFO - [conn=0, chan=828]   Command: kubectl logs my-pod -n default --tail=50
2026-07-25 21:59:49,028 - asyncssh - INFO - [conn=0, chan=828] Received exit status 0
2026-07-25 21:59:49,028 - asyncssh - INFO - [conn=0, chan=828] Received channel close
2026-07-25 21:59:49,029 - asyncssh - INFO - [conn=0, chan=828] Channel closed
2026-07-25 21:59:49,029 - asyncssh - INFO - [conn=0, chan=829] Requesting new SSH session
2026-07-25 21:59:49,030 - asyncssh - INFO - [conn=0, chan=829]   Command: kubectl top pod my-pod -n default --no-headers
2026-07-25 21:59:49,086 - asyncssh - INFO - [conn=0, chan=829] Received exit status 0
2026-07-25 21:59:49,087 - asyncssh - INFO - [conn=0, chan=829] Received channel close
2026-07-25 21:59:49,087 - asyncssh - INFO - [conn=0, chan=829] Channel closed
2026-07-25 21:59:49,087 - asyncssh - INFO - [conn=0, chan=830] Requesting new SSH session
2026-07-25 21:59:49,088 - asyncssh - INFO - [conn=0, chan=830]   Command: kubectl describe pod my-pod -n default | grep -A 5 'Limits:'
2026-07-25 21:59:49,154 - asyncssh - INFO - [conn=0, chan=830] Received exit status 1
2026-07-25 21:59:49,154 - asyncssh - INFO - [conn=0, chan=830] Received channel close
2026-07-25 21:59:49,155 - asyncssh - INFO - [conn=0, chan=830] Channel closed
2026-07-25 21:59:49,741 - asyncssh - INFO - [conn=0, chan=831] Requesting new SSH session
2026-07-25 21:59:49,742 - asyncssh - INFO - [conn=0, chan=831]   Command: kubectl logs log-generator -n default --tail=50
2026-07-25 21:59:49,811 - asyncssh - INFO - [conn=0, chan=831] Received exit status 0
2026-07-25 21:59:49,811 - asyncssh - INFO - [conn=0, chan=831] Received channel close
2026-07-25 21:59:49,811 - asyncssh - INFO - [conn=0, chan=831] Channel closed
2026-07-25 21:59:49,812 - asyncssh - INFO - [conn=0, chan=832] Requesting new SSH session
2026-07-25 21:59:49,813 - asyncssh - INFO - [conn=0, chan=832]   Command: kubectl top pod log-generator -n default --no-headers
2026-07-25 21:59:49,885 - asyncssh - INFO - [conn=0, chan=832] Received exit status 0
2026-07-25 21:59:49,886 - asyncssh - INFO - [conn=0, chan=832] Received channel close
2026-07-25 21:59:49,887 - asyncssh - INFO - [conn=0, chan=832] Channel closed
2026-07-25 21:59:49,888 - asyncssh - INFO - [conn=0, chan=833] Requesting new SSH session
2026-07-25 21:59:49,888 - asyncssh - INFO - [conn=0, chan=833]   Command: kubectl describe pod log-generator -n default | grep -A 5 'Limits:'
2026-07-25 21:59:49,978 - asyncssh - INFO - [conn=0, chan=833] Received exit status 0
2026-07-25 21:59:49,979 - asyncssh - INFO - [conn=0, chan=833] Received channel close
2026-07-25 21:59:49,979 - asyncssh - INFO - [conn=0, chan=833] Channel closed
2026-07-25 21:59:50,107 - pod_monitor.ssh_client - WARNING - SSH command failed (1): kubectl describe pod my-pod -n default | grep -A 5 'Limits:'
2026-07-25 21:59:54,156 - asyncssh - INFO - [conn=0, chan=834] Requesting new SSH session
2026-07-25 21:59:54,157 - asyncssh - INFO - [conn=0, chan=834]   Command: kubectl logs my-pod -n default --tail=50
2026-07-25 21:59:54,223 - asyncssh - INFO - [conn=0, chan=834] Received exit status 0
2026-07-25 21:59:54,224 - asyncssh - INFO - [conn=0, chan=834] Received channel close
2026-07-25 21:59:54,224 - asyncssh - INFO - [conn=0, chan=834] Channel closed
2026-07-25 21:59:54,225 - asyncssh - INFO - [conn=0, chan=835] Requesting new SSH session
2026-07-25 21:59:54,226 - asyncssh - INFO - [conn=0, chan=835]   Command: kubectl top pod my-pod -n default --no-headers
2026-07-25 21:59:54,285 - asyncssh - INFO - [conn=0, chan=835] Received exit status 0
2026-07-25 21:59:54,285 - asyncssh - INFO - [conn=0, chan=835] Received channel close
2026-07-25 21:59:54,285 - asyncssh - INFO - [conn=0, chan=835] Channel closed
2026-07-25 21:59:54,285 - asyncssh - INFO - [conn=0, chan=836] Requesting new SSH session
2026-07-25 21:59:54,286 - asyncssh - INFO - [conn=0, chan=836]   Command: kubectl describe pod my-pod -n default | grep -A 5 'Limits:'
2026-07-25 21:59:54,361 - asyncssh - INFO - [conn=0, chan=836] Received exit status 1
2026-07-25 21:59:54,361 - asyncssh - INFO - [conn=0, chan=836] Received channel close
2026-07-25 21:59:54,362 - asyncssh - INFO - [conn=0, chan=836] Channel closed
2026-07-25 21:59:54,981 - asyncssh - INFO - [conn=0, chan=837] Requesting new SSH session
2026-07-25 21:59:54,982 - asyncssh - INFO - [conn=0, chan=837]   Command: kubectl logs log-generator -n default --tail=50
2026-07-25 21:59:55,055 - asyncssh - INFO - [conn=0, chan=837] Received exit status 0
2026-07-25 21:59:55,055 - asyncssh - INFO - [conn=0, chan=837] Received channel close
2026-07-25 21:59:55,055 - asyncssh - INFO - [conn=0, chan=837] Channel closed
2026-07-25 21:59:55,056 - asyncssh - INFO - [conn=0, chan=838] Requesting new SSH session
2026-07-25 21:59:55,057 - asyncssh - INFO - [conn=0, chan=838]   Command: kubectl top pod log-generator -n default --no-headers
2026-07-25 21:59:55,121 - asyncssh - INFO - [conn=0, chan=838] Received exit status 0
2026-07-25 21:59:55,122 - asyncssh - INFO - [conn=0, chan=838] Received channel close
2026-07-25 21:59:55,122 - asyncssh - INFO - [conn=0, chan=838] Channel closed
2026-07-25 21:59:55,123 - asyncssh - INFO - [conn=0, chan=839] Requesting new SSH session
2026-07-25 21:59:55,124 - asyncssh - INFO - [conn=0, chan=839]   Command: kubectl describe pod log-generator -n default | grep -A 5 'Limits:'
2026-07-25 21:59:55,208 - asyncssh - INFO - [conn=0, chan=839] Received exit status 0
2026-07-25 21:59:55,208 - asyncssh - INFO - [conn=0, chan=839] Received channel close
2026-07-25 21:59:55,209 - asyncssh - INFO - [conn=0, chan=839] Channel closed
2026-07-25 21:59:55,333 - pod_monitor.ssh_client - WARNING - SSH command failed (1): kubectl describe pod my-pod -n default | grep -A 5 'Limits:'
2026-07-25 21:59:59,363 - asyncssh - INFO - [conn=0, chan=840] Requesting new SSH session
2026-07-25 21:59:59,364 - asyncssh - INFO - [conn=0, chan=840]   Command: kubectl logs my-pod -n default --tail=50
2026-07-25 21:59:59,433 - asyncssh - INFO - [conn=0, chan=840] Received exit status 0
2026-07-25 21:59:59,433 - asyncssh - INFO - [conn=0, chan=840] Received channel close
2026-07-25 21:59:59,433 - asyncssh - INFO - [conn=0, chan=840] Channel closed
2026-07-25 21:59:59,434 - asyncssh - INFO - [conn=0, chan=841] Requesting new SSH session
2026-07-25 21:59:59,434 - asyncssh - INFO - [conn=0, chan=841]   Command: kubectl top pod my-pod -n default --no-headers
2026-07-25 21:59:59,496 - asyncssh - INFO - [conn=0, chan=841] Received exit status 0
2026-07-25 21:59:59,496 - asyncssh - INFO - [conn=0, chan=841] Received channel close
2026-07-25 21:59:59,496 - asyncssh - INFO - [conn=0, chan=841] Channel closed
2026-07-25 21:59:59,496 - asyncssh - INFO - [conn=0, chan=842] Requesting new SSH session
2026-07-25 21:59:59,497 - asyncssh - INFO - [conn=0, chan=842]   Command: kubectl describe pod my-pod -n default | grep -A 5 'Limits:'
2026-07-25 21:59:59,565 - asyncssh - INFO - [conn=0, chan=842] Received exit status 1
2026-07-25 21:59:59,565 - asyncssh - INFO - [conn=0, chan=842] Received channel close
2026-07-25 21:59:59,566 - asyncssh - INFO - [conn=0, chan=842] Channel closed
2026-07-25 22:00:00,211 - asyncssh - INFO - [conn=0, chan=843] Requesting new SSH session
2026-07-25 22:00:00,212 - asyncssh - INFO - [conn=0, chan=843]   Command: kubectl logs log-generator -n default --tail=50
2026-07-25 22:00:00,282 - asyncssh - INFO - [conn=0, chan=843] Received exit status 0
2026-07-25 22:00:00,282 - asyncssh - INFO - [conn=0, chan=843] Received channel close
2026-07-25 22:00:00,283 - asyncssh - INFO - [conn=0, chan=843] Channel closed
2026-07-25 22:00:00,284 - asyncssh - INFO - [conn=0, chan=844] Requesting new SSH session
2026-07-25 22:00:00,285 - asyncssh - INFO - [conn=0, chan=844]   Command: kubectl top pod log-generator -n default --no-headers
2026-07-25 22:00:00,346 - asyncssh - INFO - [conn=0, chan=844] Received exit status 0
2026-07-25 22:00:00,346 - asyncssh - INFO - [conn=0, chan=844] Received channel close
2026-07-25 22:00:00,347 - asyncssh - INFO - [conn=0, chan=844] Channel closed
2026-07-25 22:00:00,347 - asyncssh - INFO - [conn=0, chan=845] Requesting new SSH session
2026-07-25 22:00:00,348 - asyncssh - INFO - [conn=0, chan=845]   Command: kubectl describe pod log-generator -n default | grep -A 5 'Limits:'
2026-07-25 22:00:00,424 - asyncssh - INFO - [conn=0, chan=845] Received exit status 0
2026-07-25 22:00:00,425 - asyncssh - INFO - [conn=0, chan=845] Received channel close
2026-07-25 22:00:00,425 - asyncssh - INFO - [conn=0, chan=845] Channel closed
2026-07-25 22:00:00,551 - pod_monitor.ssh_client - WARNING - SSH command failed (1): kubectl describe pod my-pod -n default | grep -A 5 'Limits:'
2026-07-25 22:00:04,567 - asyncssh - INFO - [conn=0, chan=846] Requesting new SSH session
2026-07-25 22:00:04,568 - asyncssh - INFO - [conn=0, chan=846]   Command: kubectl logs my-pod -n default --tail=50
2026-07-25 22:00:04,658 - asyncssh - INFO - [conn=0, chan=846] Received exit status 0
2026-07-25 22:00:04,658 - asyncssh - INFO - [conn=0, chan=846] Received channel close
2026-07-25 22:00:04,659 - asyncssh - INFO - [conn=0, chan=846] Channel closed
2026-07-25 22:00:04,660 - asyncssh - INFO - [conn=0, chan=847] Requesting new SSH session
2026-07-25 22:00:04,662 - asyncssh - INFO - [conn=0, chan=847]   Command: kubectl top pod my-pod -n default --no-headers
2026-07-25 22:00:04,729 - asyncssh - INFO - [conn=0, chan=847] Received exit status 0
2026-07-25 22:00:04,729 - asyncssh - INFO - [conn=0, chan=847] Received channel close
2026-07-25 22:00:04,729 - asyncssh - INFO - [conn=0, chan=847] Channel closed
2026-07-25 22:00:04,730 - asyncssh - INFO - [conn=0, chan=848] Requesting new SSH session
2026-07-25 22:00:04,730 - asyncssh - INFO - [conn=0, chan=848]   Command: kubectl describe pod my-pod -n default | grep -A 5 'Limits:'
2026-07-25 22:00:04,797 - asyncssh - INFO - [conn=0, chan=848] Received exit status 1
2026-07-25 22:00:04,798 - asyncssh - INFO - [conn=0, chan=848] Received channel close
2026-07-25 22:00:04,798 - asyncssh - INFO - [conn=0, chan=848] Channel closed
2026-07-25 22:00:05,427 - asyncssh - INFO - [conn=0, chan=849] Requesting new SSH session
2026-07-25 22:00:05,429 - asyncssh - INFO - [conn=0, chan=849]   Command: kubectl logs log-generator -n default --tail=50
2026-07-25 22:00:05,500 - asyncssh - INFO - [conn=0, chan=849] Received exit status 0
2026-07-25 22:00:05,501 - asyncssh - INFO - [conn=0, chan=849] Received channel close
2026-07-25 22:00:05,501 - asyncssh - INFO - [conn=0, chan=849] Channel closed
2026-07-25 22:00:05,502 - asyncssh - INFO - [conn=0, chan=850] Requesting new SSH session
2026-07-25 22:00:05,502 - asyncssh - INFO - [conn=0, chan=850]   Command: kubectl top pod log-generator -n default --no-headers
2026-07-25 22:00:05,565 - asyncssh - INFO - [conn=0, chan=850] Received exit status 0
2026-07-25 22:00:05,566 - asyncssh - INFO - [conn=0, chan=850] Received channel close
2026-07-25 22:00:05,566 - asyncssh - INFO - [conn=0, chan=850] Channel closed
2026-07-25 22:00:05,566 - asyncssh - INFO - [conn=0, chan=851] Requesting new SSH session
2026-07-25 22:00:05,567 - asyncssh - INFO - [conn=0, chan=851]   Command: kubectl describe pod log-generator -n default | grep -A 5 'Limits:'
2026-07-25 22:00:05,648 - asyncssh - INFO - [conn=0, chan=851] Received exit status 0
2026-07-25 22:00:05,648 - asyncssh - INFO - [conn=0, chan=851] Received channel close
2026-07-25 22:00:05,648 - asyncssh - INFO - [conn=0, chan=851] Channel closed
2026-07-25 22:00:05,792 - pod_monitor.ssh_client - WARNING - SSH command failed (1): kubectl describe pod my-pod -n default | grep -A 5 'Limits:'
2026-07-25 22:00:09,800 - asyncssh - INFO - [conn=0, chan=852] Requesting new SSH session
2026-07-25 22:00:09,802 - asyncssh - INFO - [conn=0, chan=852]   Command: kubectl logs my-pod -n default --tail=50
2026-07-25 22:00:09,885 - asyncssh - INFO - [conn=0, chan=852] Received exit status 0
2026-07-25 22:00:09,885 - asyncssh - INFO - [conn=0, chan=852] Received channel close
2026-07-25 22:00:09,887 - asyncssh - INFO - [conn=0, chan=852] Channel closed
2026-07-25 22:00:09,887 - asyncssh - INFO - [conn=0, chan=853] Requesting new SSH session
2026-07-25 22:00:09,888 - asyncssh - INFO - [conn=0, chan=853]   Command: kubectl top pod my-pod -n default --no-headers
2026-07-25 22:00:09,948 - asyncssh - INFO - [conn=0, chan=853] Received exit status 0
2026-07-25 22:00:09,949 - asyncssh - INFO - [conn=0, chan=853] Received channel close
2026-07-25 22:00:09,949 - asyncssh - INFO - [conn=0, chan=853] Channel closed
2026-07-25 22:00:09,949 - asyncssh - INFO - [conn=0, chan=854] Requesting new SSH session
2026-07-25 22:00:09,950 - asyncssh - INFO - [conn=0, chan=854]   Command: kubectl describe pod my-pod -n default | grep -A 5 'Limits:'
2026-07-25 22:00:10,015 - asyncssh - INFO - [conn=0, chan=854] Received exit status 1
2026-07-25 22:00:10,015 - asyncssh - INFO - [conn=0, chan=854] Received channel close
2026-07-25 22:00:10,015 - asyncssh - INFO - [conn=0, chan=854] Channel closed
2026-07-25 22:00:10,650 - asyncssh - INFO - [conn=0, chan=855] Requesting new SSH session
2026-07-25 22:00:10,651 - asyncssh - INFO - [conn=0, chan=855]   Command: kubectl logs log-generator -n default --tail=50
2026-07-25 22:00:10,717 - asyncssh - INFO - [conn=0, chan=855] Received exit status 0
2026-07-25 22:00:10,717 - asyncssh - INFO - [conn=0, chan=855] Received channel close
2026-07-25 22:00:10,718 - asyncssh - INFO - [conn=0, chan=855] Channel closed
2026-07-25 22:00:10,718 - asyncssh - INFO - [conn=0, chan=856] Requesting new SSH session
2026-07-25 22:00:10,719 - asyncssh - INFO - [conn=0, chan=856]   Command: kubectl top pod log-generator -n default --no-headers
2026-07-25 22:00:10,782 - asyncssh - INFO - [conn=0, chan=856] Received exit status 0
2026-07-25 22:00:10,783 - asyncssh - INFO - [conn=0, chan=856] Received channel close
2026-07-25 22:00:10,784 - asyncssh - INFO - [conn=0, chan=856] Channel closed
2026-07-25 22:00:10,784 - asyncssh - INFO - [conn=0, chan=857] Requesting new SSH session
2026-07-25 22:00:10,784 - asyncssh - INFO - [conn=0, chan=857]   Command: kubectl describe pod log-generator -n default | grep -A 5 'Limits:'
2026-07-25 22:00:10,865 - asyncssh - INFO - [conn=0, chan=857] Received exit status 0
2026-07-25 22:00:10,865 - asyncssh - INFO - [conn=0, chan=857] Received channel close
2026-07-25 22:00:10,865 - asyncssh - INFO - [conn=0, chan=857] Channel closed
2026-07-25 22:00:11,005 - pod_monitor.ssh_client - WARNING - SSH command failed (1): kubectl describe pod my-pod -n default | grep -A 5 'Limits:'
2026-07-25 22:00:15,016 - asyncssh - INFO - [conn=0, chan=858] Requesting new SSH session
2026-07-25 22:00:15,018 - asyncssh - INFO - [conn=0, chan=858]   Command: kubectl logs my-pod -n default --tail=50
2026-07-25 22:00:15,089 - asyncssh - INFO - [conn=0, chan=858] Received exit status 0
2026-07-25 22:00:15,089 - asyncssh - INFO - [conn=0, chan=858] Received channel close
2026-07-25 22:00:15,089 - asyncssh - INFO - [conn=0, chan=858] Channel closed
2026-07-25 22:00:15,090 - asyncssh - INFO - [conn=0, chan=859] Requesting new SSH session
2026-07-25 22:00:15,090 - asyncssh - INFO - [conn=0, chan=859]   Command: kubectl top pod my-pod -n default --no-headers
2026-07-25 22:00:15,150 - asyncssh - INFO - [conn=0, chan=859] Received exit status 0
2026-07-25 22:00:15,150 - asyncssh - INFO - [conn=0, chan=859] Received channel close
2026-07-25 22:00:15,151 - asyncssh - INFO - [conn=0, chan=859] Channel closed
2026-07-25 22:00:15,151 - asyncssh - INFO - [conn=0, chan=860] Requesting new SSH session
2026-07-25 22:00:15,151 - asyncssh - INFO - [conn=0, chan=860]   Command: kubectl describe pod my-pod -n default | grep -A 5 'Limits:'
2026-07-25 22:00:15,220 - asyncssh - INFO - [conn=0, chan=860] Received exit status 1
2026-07-25 22:00:15,221 - asyncssh - INFO - [conn=0, chan=860] Received channel close
2026-07-25 22:00:15,221 - asyncssh - INFO - [conn=0, chan=860] Channel closed
2026-07-25 22:00:15,879 - asyncssh - INFO - [conn=0, chan=861] Requesting new SSH session
2026-07-25 22:00:15,883 - asyncssh - INFO - [conn=0, chan=861]   Command: kubectl logs log-generator -n default --tail=50
2026-07-25 22:00:15,954 - asyncssh - INFO - [conn=0, chan=861] Received exit status 0
2026-07-25 22:00:15,954 - asyncssh - INFO - [conn=0, chan=861] Received channel close
2026-07-25 22:00:15,955 - asyncssh - INFO - [conn=0, chan=861] Channel closed
2026-07-25 22:00:15,956 - asyncssh - INFO - [conn=0, chan=862] Requesting new SSH session
2026-07-25 22:00:15,956 - asyncssh - INFO - [conn=0, chan=862]   Command: kubectl top pod log-generator -n default --no-headers
2026-07-25 22:00:16,021 - asyncssh - INFO - [conn=0, chan=862] Received exit status 0
2026-07-25 22:00:16,022 - asyncssh - INFO - [conn=0, chan=862] Received channel close
2026-07-25 22:00:16,022 - asyncssh - INFO - [conn=0, chan=862] Channel closed
2026-07-25 22:00:16,022 - asyncssh - INFO - [conn=0, chan=863] Requesting new SSH session
2026-07-25 22:00:16,023 - asyncssh - INFO - [conn=0, chan=863]   Command: kubectl describe pod log-generator -n default | grep -A 5 'Limits:'
2026-07-25 22:00:16,097 - asyncssh - INFO - [conn=0, chan=863] Received exit status 0
2026-07-25 22:00:16,097 - asyncssh - INFO - [conn=0, chan=863] Received channel close
2026-07-25 22:00:16,097 - asyncssh - INFO - [conn=0, chan=863] Channel closed
2026-07-25 22:00:16,219 - pod_monitor.ssh_client - WARNING - SSH command failed (1): kubectl describe pod my-pod -n default | grep -A 5 'Limits:'
2026-07-25 22:00:20,224 - asyncssh - INFO - [conn=0, chan=864] Requesting new SSH session
2026-07-25 22:00:20,225 - asyncssh - INFO - [conn=0, chan=864]   Command: kubectl logs my-pod -n default --tail=50
2026-07-25 22:00:20,292 - asyncssh - INFO - [conn=0, chan=864] Received exit status 0
2026-07-25 22:00:20,292 - asyncssh - INFO - [conn=0, chan=864] Received channel close
2026-07-25 22:00:20,293 - asyncssh - INFO - [conn=0, chan=864] Channel closed
2026-07-25 22:00:20,293 - asyncssh - INFO - [conn=0, chan=865] Requesting new SSH session
2026-07-25 22:00:20,294 - asyncssh - INFO - [conn=0, chan=865]   Command: kubectl top pod my-pod -n default --no-headers
2026-07-25 22:00:20,352 - asyncssh - INFO - [conn=0, chan=865] Received exit status 0
2026-07-25 22:00:20,352 - asyncssh - INFO - [conn=0, chan=865] Received channel close
2026-07-25 22:00:20,353 - asyncssh - INFO - [conn=0, chan=865] Channel closed
2026-07-25 22:00:20,353 - asyncssh - INFO - [conn=0, chan=866] Requesting new SSH session
2026-07-25 22:00:20,354 - asyncssh - INFO - [conn=0, chan=866]   Command: kubectl describe pod my-pod -n default | grep -A 5 'Limits:'
2026-07-25 22:00:20,419 - asyncssh - INFO - [conn=0, chan=866] Received exit status 1
2026-07-25 22:00:20,419 - asyncssh - INFO - [conn=0, chan=866] Received channel close
2026-07-25 22:00:20,419 - asyncssh - INFO - [conn=0, chan=866] Channel closed
2026-07-25 22:00:21,099 - asyncssh - INFO - [conn=0, chan=867] Requesting new SSH session
2026-07-25 22:00:21,100 - asyncssh - INFO - [conn=0, chan=867]   Command: kubectl logs log-generator -n default --tail=50
2026-07-25 22:00:21,161 - asyncssh - INFO - [conn=0, chan=867] Received exit status 0
2026-07-25 22:00:21,162 - asyncssh - INFO - [conn=0, chan=867] Received channel close
2026-07-25 22:00:21,162 - asyncssh - INFO - [conn=0, chan=867] Channel closed
2026-07-25 22:00:21,163 - asyncssh - INFO - [conn=0, chan=868] Requesting new SSH session
2026-07-25 22:00:21,164 - asyncssh - INFO - [conn=0, chan=868]   Command: kubectl top pod log-generator -n default --no-headers
2026-07-25 22:00:21,225 - asyncssh - INFO - [conn=0, chan=868] Received exit status 0
2026-07-25 22:00:21,226 - asyncssh - INFO - [conn=0, chan=868] Received channel close
2026-07-25 22:00:21,229 - asyncssh - INFO - [conn=0, chan=868] Channel closed
2026-07-25 22:00:21,229 - asyncssh - INFO - [conn=0, chan=869] Requesting new SSH session
2026-07-25 22:00:21,230 - asyncssh - INFO - [conn=0, chan=869]   Command: kubectl describe pod log-generator -n default | grep -A 5 'Limits:'
2026-07-25 22:00:21,306 - asyncssh - INFO - [conn=0, chan=869] Received exit status 0
2026-07-25 22:00:21,307 - asyncssh - INFO - [conn=0, chan=869] Received channel close
2026-07-25 22:00:21,307 - asyncssh - INFO - [conn=0, chan=869] Channel closed
2026-07-25 22:00:21,433 - pod_monitor.ssh_client - WARNING - SSH command failed (1): kubectl describe pod my-pod -n default | grep -A 5 'Limits:'
2026-07-25 22:00:25,421 - asyncssh - INFO - [conn=0, chan=870] Requesting new SSH session
2026-07-25 22:00:25,422 - asyncssh - INFO - [conn=0, chan=870]   Command: kubectl logs my-pod -n default --tail=50
2026-07-25 22:00:25,496 - asyncssh - INFO - [conn=0, chan=870] Received exit status 0
2026-07-25 22:00:25,496 - asyncssh - INFO - [conn=0, chan=870] Received channel close
2026-07-25 22:00:25,496 - asyncssh - INFO - [conn=0, chan=870] Channel closed
2026-07-25 22:00:25,497 - asyncssh - INFO - [conn=0, chan=871] Requesting new SSH session
2026-07-25 22:00:25,498 - asyncssh - INFO - [conn=0, chan=871]   Command: kubectl top pod my-pod -n default --no-headers
2026-07-25 22:00:25,566 - asyncssh - INFO - [conn=0, chan=871] Received exit status 0
2026-07-25 22:00:25,566 - asyncssh - INFO - [conn=0, chan=871] Received channel close
2026-07-25 22:00:25,567 - asyncssh - INFO - [conn=0, chan=871] Channel closed
2026-07-25 22:00:25,567 - asyncssh - INFO - [conn=0, chan=872] Requesting new SSH session
2026-07-25 22:00:25,568 - asyncssh - INFO - [conn=0, chan=872]   Command: kubectl describe pod my-pod -n default | grep -A 5 'Limits:'
2026-07-25 22:00:25,675 - asyncssh - INFO - [conn=0, chan=872] Received exit status 1
2026-07-25 22:00:25,676 - asyncssh - INFO - [conn=0, chan=872] Received channel close
2026-07-25 22:00:25,677 - asyncssh - INFO - [conn=0, chan=872] Channel closed
2026-07-25 22:00:26,308 - asyncssh - INFO - [conn=0, chan=873] Requesting new SSH session
2026-07-25 22:00:26,309 - asyncssh - INFO - [conn=0, chan=873]   Command: kubectl logs log-generator -n default --tail=50
2026-07-25 22:00:26,375 - asyncssh - INFO - [conn=0, chan=873] Received exit status 0
2026-07-25 22:00:26,375 - asyncssh - INFO - [conn=0, chan=873] Received channel close
2026-07-25 22:00:26,376 - asyncssh - INFO - [conn=0, chan=873] Channel closed
2026-07-25 22:00:26,376 - asyncssh - INFO - [conn=0, chan=874] Requesting new SSH session
2026-07-25 22:00:26,377 - asyncssh - INFO - [conn=0, chan=874]   Command: kubectl top pod log-generator -n default --no-headers
2026-07-25 22:00:26,439 - asyncssh - INFO - [conn=0, chan=874] Received exit status 0
2026-07-25 22:00:26,439 - asyncssh - INFO - [conn=0, chan=874] Received channel close
2026-07-25 22:00:26,440 - asyncssh - INFO - [conn=0, chan=874] Channel closed
2026-07-25 22:00:26,440 - asyncssh - INFO - [conn=0, chan=875] Requesting new SSH session
2026-07-25 22:00:26,441 - asyncssh - INFO - [conn=0, chan=875]   Command: kubectl describe pod log-generator -n default | grep -A 5 'Limits:'
2026-07-25 22:00:26,534 - asyncssh - INFO - [conn=0, chan=875] Received exit status 0
2026-07-25 22:00:26,535 - asyncssh - INFO - [conn=0, chan=875] Received channel close
2026-07-25 22:00:26,535 - asyncssh - INFO - [conn=0, chan=875] Channel closed
2026-07-25 22:00:26,717 - pod_monitor.ssh_client - WARNING - SSH command failed (1): kubectl describe pod my-pod -n default | grep -A 5 'Limits:'
2026-07-25 22:00:30,679 - asyncssh - INFO - [conn=0, chan=876] Requesting new SSH session
2026-07-25 22:00:30,680 - asyncssh - INFO - [conn=0, chan=876]   Command: kubectl logs my-pod -n default --tail=50
2026-07-25 22:00:30,746 - asyncssh - INFO - [conn=0, chan=876] Received exit status 0
2026-07-25 22:00:30,746 - asyncssh - INFO - [conn=0, chan=876] Received channel close
2026-07-25 22:00:30,746 - asyncssh - INFO - [conn=0, chan=876] Channel closed
2026-07-25 22:00:30,747 - asyncssh - INFO - [conn=0, chan=877] Requesting new SSH session
2026-07-25 22:00:30,747 - asyncssh - INFO - [conn=0, chan=877]   Command: kubectl top pod my-pod -n default --no-headers
2026-07-25 22:00:30,811 - asyncssh - INFO - [conn=0, chan=877] Received exit status 0
2026-07-25 22:00:30,811 - asyncssh - INFO - [conn=0, chan=877] Received channel close
2026-07-25 22:00:30,812 - asyncssh - INFO - [conn=0, chan=877] Channel closed
2026-07-25 22:00:30,812 - asyncssh - INFO - [conn=0, chan=878] Requesting new SSH session
2026-07-25 22:00:30,812 - asyncssh - INFO - [conn=0, chan=878]   Command: kubectl describe pod my-pod -n default | grep -A 5 'Limits:'
2026-07-25 22:00:30,885 - asyncssh - INFO - [conn=0, chan=878] Received exit status 1
2026-07-25 22:00:30,885 - asyncssh - INFO - [conn=0, chan=878] Received channel close
2026-07-25 22:00:30,885 - asyncssh - INFO - [conn=0, chan=878] Channel closed
2026-07-25 22:00:31,538 - asyncssh - INFO - [conn=0, chan=879] Requesting new SSH session
2026-07-25 22:00:31,539 - asyncssh - INFO - [conn=0, chan=879]   Command: kubectl logs log-generator -n default --tail=50
2026-07-25 22:00:31,603 - asyncssh - INFO - [conn=0, chan=879] Received exit status 0
2026-07-25 22:00:31,603 - asyncssh - INFO - [conn=0, chan=879] Received channel close
2026-07-25 22:00:31,604 - asyncssh - INFO - [conn=0, chan=879] Channel closed
2026-07-25 22:00:31,605 - asyncssh - INFO - [conn=0, chan=880] Requesting new SSH session
2026-07-25 22:00:31,605 - asyncssh - INFO - [conn=0, chan=880]   Command: kubectl top pod log-generator -n default --no-headers
2026-07-25 22:00:31,676 - asyncssh - INFO - [conn=0, chan=880] Received exit status 0
2026-07-25 22:00:31,676 - asyncssh - INFO - [conn=0, chan=880] Received channel close
2026-07-25 22:00:31,676 - asyncssh - INFO - [conn=0, chan=880] Channel closed
2026-07-25 22:00:31,676 - asyncssh - INFO - [conn=0, chan=881] Requesting new SSH session
2026-07-25 22:00:31,677 - asyncssh - INFO - [conn=0, chan=881]   Command: kubectl describe pod log-generator -n default | grep -A 5 'Limits:'
2026-07-25 22:00:31,751 - asyncssh - INFO - [conn=0, chan=881] Received exit status 0
2026-07-25 22:00:31,751 - asyncssh - INFO - [conn=0, chan=881] Received channel close
2026-07-25 22:00:31,751 - asyncssh - INFO - [conn=0, chan=881] Channel closed
2026-07-25 22:00:35,887 - asyncssh - INFO - [conn=0, chan=882] Requesting new SSH session
2026-07-25 22:00:35,888 - asyncssh - INFO - [conn=0, chan=882]   Command: kubectl logs my-pod -n default --tail=50
2026-07-25 22:00:35,957 - asyncssh - INFO - [conn=0, chan=882] Received exit status 0
2026-07-25 22:00:35,957 - asyncssh - INFO - [conn=0, chan=882] Received channel close
2026-07-25 22:00:35,957 - asyncssh - INFO - [conn=0, chan=882] Channel closed
2026-07-25 22:00:35,958 - asyncssh - INFO - [conn=0, chan=883] Requesting new SSH session
2026-07-25 22:00:35,958 - asyncssh - INFO - [conn=0, chan=883]   Command: kubectl top pod my-pod -n default --no-headers
2026-07-25 22:00:36,019 - asyncssh - INFO - [conn=0, chan=883] Received exit status 0
2026-07-25 22:00:36,020 - asyncssh - INFO - [conn=0, chan=883] Received channel close
2026-07-25 22:00:36,020 - asyncssh - INFO - [conn=0, chan=883] Channel closed
2026-07-25 22:00:36,020 - asyncssh - INFO - [conn=0, chan=884] Requesting new SSH session
2026-07-25 22:00:36,020 - asyncssh - INFO - [conn=0, chan=884]   Command: kubectl describe pod my-pod -n default | grep -A 5 'Limits:'
2026-07-25 22:00:36,082 - asyncssh - INFO - [conn=0, chan=884] Received exit status 1
2026-07-25 22:00:36,083 - asyncssh - INFO - [conn=0, chan=884] Received channel close
2026-07-25 22:00:36,083 - asyncssh - INFO - [conn=0, chan=884] Channel closed
2026-07-25 22:00:36,753 - asyncssh - INFO - [conn=0, chan=885] Requesting new SSH session
2026-07-25 22:00:36,754 - asyncssh - INFO - [conn=0, chan=885]   Command: kubectl logs log-generator -n default --tail=50
2026-07-25 22:00:36,822 - asyncssh - INFO - [conn=0, chan=885] Received exit status 0
2026-07-25 22:00:36,823 - asyncssh - INFO - [conn=0, chan=885] Received channel close
2026-07-25 22:00:36,823 - asyncssh - INFO - [conn=0, chan=885] Channel closed
2026-07-25 22:00:36,824 - asyncssh - INFO - [conn=0, chan=886] Requesting new SSH session
2026-07-25 22:00:36,824 - asyncssh - INFO - [conn=0, chan=886]   Command: kubectl top pod log-generator -n default --no-headers
2026-07-25 22:00:36,889 - asyncssh - INFO - [conn=0, chan=886] Received exit status 0
2026-07-25 22:00:36,889 - asyncssh - INFO - [conn=0, chan=886] Received channel close
2026-07-25 22:00:36,890 - asyncssh - INFO - [conn=0, chan=886] Channel closed
2026-07-25 22:00:36,890 - asyncssh - INFO - [conn=0, chan=887] Requesting new SSH session
2026-07-25 22:00:36,891 - asyncssh - INFO - [conn=0, chan=887]   Command: kubectl describe pod log-generator -n default | grep -A 5 'Limits:'
2026-07-25 22:00:36,959 - asyncssh - INFO - [conn=0, chan=887] Received exit status 0
2026-07-25 22:00:36,960 - asyncssh - INFO - [conn=0, chan=887] Received channel close
2026-07-25 22:00:36,960 - asyncssh - INFO - [conn=0, chan=887] Channel closed
2026-07-25 22:00:41,085 - asyncssh - INFO - [conn=0, chan=888] Requesting new SSH session
2026-07-25 22:00:41,086 - asyncssh - INFO - [conn=0, chan=888]   Command: kubectl logs my-pod -n default --tail=50
2026-07-25 22:00:41,155 - asyncssh - INFO - [conn=0, chan=888] Received exit status 0
2026-07-25 22:00:41,156 - asyncssh - INFO - [conn=0, chan=888] Received channel close
2026-07-25 22:00:41,156 - asyncssh - INFO - [conn=0, chan=888] Channel closed
2026-07-25 22:00:41,157 - asyncssh - INFO - [conn=0, chan=889] Requesting new SSH session
2026-07-25 22:00:41,158 - asyncssh - INFO - [conn=0, chan=889]   Command: kubectl top pod my-pod -n default --no-headers
2026-07-25 22:00:41,222 - asyncssh - INFO - [conn=0, chan=889] Received exit status 0
2026-07-25 22:00:41,222 - asyncssh - INFO - [conn=0, chan=889] Received channel close
2026-07-25 22:00:41,222 - asyncssh - INFO - [conn=0, chan=889] Channel closed
2026-07-25 22:00:41,223 - asyncssh - INFO - [conn=0, chan=890] Requesting new SSH session
2026-07-25 22:00:41,223 - asyncssh - INFO - [conn=0, chan=890]   Command: kubectl describe pod my-pod -n default | grep -A 5 'Limits:'
2026-07-25 22:00:41,289 - asyncssh - INFO - [conn=0, chan=890] Received exit status 1
2026-07-25 22:00:41,290 - asyncssh - INFO - [conn=0, chan=890] Received channel close
2026-07-25 22:00:41,290 - asyncssh - INFO - [conn=0, chan=890] Channel closed
2026-07-25 22:00:41,961 - asyncssh - INFO - [conn=0, chan=891] Requesting new SSH session
2026-07-25 22:00:41,963 - asyncssh - INFO - [conn=0, chan=891]   Command: kubectl logs log-generator -n default --tail=50
2026-07-25 22:00:42,055 - asyncssh - INFO - [conn=0, chan=891] Received exit status 0
2026-07-25 22:00:42,055 - asyncssh - INFO - [conn=0, chan=891] Received channel close
2026-07-25 22:00:42,056 - asyncssh - INFO - [conn=0, chan=891] Channel closed
2026-07-25 22:00:42,056 - asyncssh - INFO - [conn=0, chan=892] Requesting new SSH session
2026-07-25 22:00:42,057 - asyncssh - INFO - [conn=0, chan=892]   Command: kubectl top pod log-generator -n default --no-headers
2026-07-25 22:00:42,117 - asyncssh - INFO - [conn=0, chan=892] Received exit status 0
2026-07-25 22:00:42,117 - asyncssh - INFO - [conn=0, chan=892] Received channel close
2026-07-25 22:00:42,117 - asyncssh - INFO - [conn=0, chan=892] Channel closed
2026-07-25 22:00:42,118 - asyncssh - INFO - [conn=0, chan=893] Requesting new SSH session
2026-07-25 22:00:42,118 - asyncssh - INFO - [conn=0, chan=893]   Command: kubectl describe pod log-generator -n default | grep -A 5 'Limits:'
2026-07-25 22:00:42,196 - asyncssh - INFO - [conn=0, chan=893] Received exit status 0
2026-07-25 22:00:42,196 - asyncssh - INFO - [conn=0, chan=893] Received channel close
2026-07-25 22:00:42,196 - asyncssh - INFO - [conn=0, chan=893] Channel closed
2026-07-25 22:00:46,291 - asyncssh - INFO - [conn=0, chan=894] Requesting new SSH session
2026-07-25 22:00:46,293 - asyncssh - INFO - [conn=0, chan=894]   Command: kubectl logs my-pod -n default --tail=50
2026-07-25 22:00:46,365 - asyncssh - INFO - [conn=0, chan=894] Received exit status 0
2026-07-25 22:00:46,366 - asyncssh - INFO - [conn=0, chan=894] Received channel close
2026-07-25 22:00:46,366 - asyncssh - INFO - [conn=0, chan=894] Channel closed
2026-07-25 22:00:46,367 - asyncssh - INFO - [conn=0, chan=895] Requesting new SSH session
2026-07-25 22:00:46,367 - asyncssh - INFO - [conn=0, chan=895]   Command: kubectl top pod my-pod -n default --no-headers
2026-07-25 22:00:46,423 - asyncssh - INFO - [conn=0, chan=895] Received exit status 0
2026-07-25 22:00:46,423 - asyncssh - INFO - [conn=0, chan=895] Received channel close
2026-07-25 22:00:46,424 - asyncssh - INFO - [conn=0, chan=895] Channel closed
2026-07-25 22:00:46,424 - asyncssh - INFO - [conn=0, chan=896] Requesting new SSH session
2026-07-25 22:00:46,424 - asyncssh - INFO - [conn=0, chan=896]   Command: kubectl describe pod my-pod -n default | grep -A 5 'Limits:'
2026-07-25 22:00:46,490 - asyncssh - INFO - [conn=0, chan=896] Received exit status 1
2026-07-25 22:00:46,491 - asyncssh - INFO - [conn=0, chan=896] Received channel close
2026-07-25 22:00:46,492 - asyncssh - INFO - [conn=0, chan=896] Channel closed
2026-07-25 22:00:47,199 - asyncssh - INFO - [conn=0, chan=897] Requesting new SSH session
2026-07-25 22:00:47,200 - asyncssh - INFO - [conn=0, chan=897]   Command: kubectl logs log-generator -n default --tail=50
2026-07-25 22:00:47,271 - asyncssh - INFO - [conn=0, chan=897] Received exit status 0
2026-07-25 22:00:47,272 - asyncssh - INFO - [conn=0, chan=897] Received channel close
2026-07-25 22:00:47,272 - asyncssh - INFO - [conn=0, chan=897] Channel closed
2026-07-25 22:00:47,273 - asyncssh - INFO - [conn=0, chan=898] Requesting new SSH session
2026-07-25 22:00:47,274 - asyncssh - INFO - [conn=0, chan=898]   Command: kubectl top pod log-generator -n default --no-headers
2026-07-25 22:00:47,330 - asyncssh - INFO - [conn=0, chan=898] Received exit status 0
2026-07-25 22:00:47,331 - asyncssh - INFO - [conn=0, chan=898] Received channel close
2026-07-25 22:00:47,331 - asyncssh - INFO - [conn=0, chan=898] Channel closed
2026-07-25 22:00:47,331 - asyncssh - INFO - [conn=0, chan=899] Requesting new SSH session
2026-07-25 22:00:47,332 - asyncssh - INFO - [conn=0, chan=899]   Command: kubectl describe pod log-generator -n default | grep -A 5 'Limits:'
2026-07-25 22:00:47,402 - asyncssh - INFO - [conn=0, chan=899] Received exit status 0
2026-07-25 22:00:47,402 - asyncssh - INFO - [conn=0, chan=899] Received channel close
2026-07-25 22:00:47,402 - asyncssh - INFO - [conn=0, chan=899] Channel closed
2026-07-25 22:00:51,494 - asyncssh - INFO - [conn=0, chan=900] Requesting new SSH session
2026-07-25 22:00:51,495 - asyncssh - INFO - [conn=0, chan=900]   Command: kubectl logs my-pod -n default --tail=50
2026-07-25 22:00:51,559 - asyncssh - INFO - [conn=0, chan=900] Received exit status 0
2026-07-25 22:00:51,560 - asyncssh - INFO - [conn=0, chan=900] Received channel close
2026-07-25 22:00:51,560 - asyncssh - INFO - [conn=0, chan=900] Channel closed
2026-07-25 22:00:51,560 - asyncssh - INFO - [conn=0, chan=901] Requesting new SSH session
2026-07-25 22:00:51,561 - asyncssh - INFO - [conn=0, chan=901]   Command: kubectl top pod my-pod -n default --no-headers
2026-07-25 22:00:51,628 - asyncssh - INFO - [conn=0, chan=901] Received exit status 0
2026-07-25 22:00:51,628 - asyncssh - INFO - [conn=0, chan=901] Received channel close
2026-07-25 22:00:51,628 - asyncssh - INFO - [conn=0, chan=901] Channel closed
2026-07-25 22:00:51,629 - asyncssh - INFO - [conn=0, chan=902] Requesting new SSH session
2026-07-25 22:00:51,629 - asyncssh - INFO - [conn=0, chan=902]   Command: kubectl describe pod my-pod -n default | grep -A 5 'Limits:'
2026-07-25 22:00:51,700 - asyncssh - INFO - [conn=0, chan=902] Received exit status 1
2026-07-25 22:00:51,700 - asyncssh - INFO - [conn=0, chan=902] Received channel close
2026-07-25 22:00:51,700 - asyncssh - INFO - [conn=0, chan=902] Channel closed
2026-07-25 22:00:52,404 - asyncssh - INFO - [conn=0, chan=903] Requesting new SSH session
2026-07-25 22:00:52,405 - asyncssh - INFO - [conn=0, chan=903]   Command: kubectl logs log-generator -n default --tail=50
2026-07-25 22:00:52,471 - asyncssh - INFO - [conn=0, chan=903] Received exit status 0
2026-07-25 22:00:52,471 - asyncssh - INFO - [conn=0, chan=903] Received channel close
2026-07-25 22:00:52,471 - asyncssh - INFO - [conn=0, chan=903] Channel closed
2026-07-25 22:00:52,472 - asyncssh - INFO - [conn=0, chan=904] Requesting new SSH session
2026-07-25 22:00:52,473 - asyncssh - INFO - [conn=0, chan=904]   Command: kubectl top pod log-generator -n default --no-headers
2026-07-25 22:00:52,532 - asyncssh - INFO - [conn=0, chan=904] Received exit status 0
2026-07-25 22:00:52,532 - asyncssh - INFO - [conn=0, chan=904] Received channel close
2026-07-25 22:00:52,533 - asyncssh - INFO - [conn=0, chan=904] Channel closed
2026-07-25 22:00:52,533 - asyncssh - INFO - [conn=0, chan=905] Requesting new SSH session
2026-07-25 22:00:52,533 - asyncssh - INFO - [conn=0, chan=905]   Command: kubectl describe pod log-generator -n default | grep -A 5 'Limits:'
2026-07-25 22:00:52,612 - asyncssh - INFO - [conn=0, chan=905] Received exit status 0
2026-07-25 22:00:52,612 - asyncssh - INFO - [conn=0, chan=905] Received channel close
2026-07-25 22:00:52,612 - asyncssh - INFO - [conn=0, chan=905] Channel closed
2026-07-25 22:00:56,702 - asyncssh - INFO - [conn=0, chan=906] Requesting new SSH session
2026-07-25 22:00:56,703 - asyncssh - INFO - [conn=0, chan=906]   Command: kubectl logs my-pod -n default --tail=50
2026-07-25 22:00:56,772 - asyncssh - INFO - [conn=0, chan=906] Received exit status 0
2026-07-25 22:00:56,772 - asyncssh - INFO - [conn=0, chan=906] Received channel close
2026-07-25 22:00:56,772 - asyncssh - INFO - [conn=0, chan=906] Channel closed
2026-07-25 22:00:56,772 - asyncssh - INFO - [conn=0, chan=907] Requesting new SSH session
2026-07-25 22:00:56,773 - asyncssh - INFO - [conn=0, chan=907]   Command: kubectl top pod my-pod -n default --no-headers
2026-07-25 22:00:56,837 - asyncssh - INFO - [conn=0, chan=907] Received exit status 0
2026-07-25 22:00:56,837 - asyncssh - INFO - [conn=0, chan=907] Received channel close
2026-07-25 22:00:56,837 - asyncssh - INFO - [conn=0, chan=907] Channel closed
2026-07-25 22:00:56,838 - asyncssh - INFO - [conn=0, chan=908] Requesting new SSH session
2026-07-25 22:00:56,839 - asyncssh - INFO - [conn=0, chan=908]   Command: kubectl describe pod my-pod -n default | grep -A 5 'Limits:'
2026-07-25 22:00:56,910 - asyncssh - INFO - [conn=0, chan=908] Received exit status 1
2026-07-25 22:00:56,911 - asyncssh - INFO - [conn=0, chan=908] Received channel close
2026-07-25 22:00:56,911 - asyncssh - INFO - [conn=0, chan=908] Channel closed
2026-07-25 22:00:57,615 - asyncssh - INFO - [conn=0, chan=909] Requesting new SSH session
2026-07-25 22:00:57,616 - asyncssh - INFO - [conn=0, chan=909]   Command: kubectl logs log-generator -n default --tail=50
2026-07-25 22:00:57,679 - asyncssh - INFO - [conn=0, chan=909] Received exit status 0
2026-07-25 22:00:57,680 - asyncssh - INFO - [conn=0, chan=909] Received channel close
2026-07-25 22:00:57,680 - asyncssh - INFO - [conn=0, chan=909] Channel closed
2026-07-25 22:00:57,680 - asyncssh - INFO - [conn=0, chan=910] Requesting new SSH session
2026-07-25 22:00:57,681 - asyncssh - INFO - [conn=0, chan=910]   Command: kubectl top pod log-generator -n default --no-headers
2026-07-25 22:00:57,742 - asyncssh - INFO - [conn=0, chan=910] Received exit status 0
2026-07-25 22:00:57,744 - asyncssh - INFO - [conn=0, chan=910] Received channel close
2026-07-25 22:00:57,745 - asyncssh - INFO - [conn=0, chan=910] Channel closed
2026-07-25 22:00:57,746 - asyncssh - INFO - [conn=0, chan=911] Requesting new SSH session
2026-07-25 22:00:57,747 - asyncssh - INFO - [conn=0, chan=911]   Command: kubectl describe pod log-generator -n default | grep -A 5 'Limits:'
2026-07-25 22:00:57,815 - asyncssh - INFO - [conn=0, chan=911] Received exit status 0
2026-07-25 22:00:57,815 - asyncssh - INFO - [conn=0, chan=911] Received channel close
2026-07-25 22:00:57,816 - asyncssh - INFO - [conn=0, chan=911] Channel closed
2026-07-25 22:01:01,912 - asyncssh - INFO - [conn=0, chan=912] Requesting new SSH session
2026-07-25 22:01:01,914 - asyncssh - INFO - [conn=0, chan=912]   Command: kubectl logs my-pod -n default --tail=50
2026-07-25 22:01:01,986 - asyncssh - INFO - [conn=0, chan=912] Received exit status 0
2026-07-25 22:01:01,986 - asyncssh - INFO - [conn=0, chan=912] Received channel close
2026-07-25 22:01:01,987 - asyncssh - INFO - [conn=0, chan=912] Channel closed
2026-07-25 22:01:01,987 - asyncssh - INFO - [conn=0, chan=913] Requesting new SSH session
2026-07-25 22:01:01,987 - asyncssh - INFO - [conn=0, chan=913]   Command: kubectl top pod my-pod -n default --no-headers
2026-07-25 22:01:02,047 - asyncssh - INFO - [conn=0, chan=913] Received exit status 0
2026-07-25 22:01:02,048 - asyncssh - INFO - [conn=0, chan=913] Received channel close
2026-07-25 22:01:02,048 - asyncssh - INFO - [conn=0, chan=913] Channel closed
2026-07-25 22:01:02,049 - asyncssh - INFO - [conn=0, chan=914] Requesting new SSH session
2026-07-25 22:01:02,050 - asyncssh - INFO - [conn=0, chan=914]   Command: kubectl describe pod my-pod -n default | grep -A 5 'Limits:'
2026-07-25 22:01:02,119 - asyncssh - INFO - [conn=0, chan=914] Received exit status 1
2026-07-25 22:01:02,119 - asyncssh - INFO - [conn=0, chan=914] Received channel close
2026-07-25 22:01:02,119 - asyncssh - INFO - [conn=0, chan=914] Channel closed
2026-07-25 22:01:02,817 - asyncssh - INFO - [conn=0, chan=915] Requesting new SSH session
2026-07-25 22:01:02,818 - asyncssh - INFO - [conn=0, chan=915]   Command: kubectl logs log-generator -n default --tail=50
2026-07-25 22:01:02,883 - asyncssh - INFO - [conn=0, chan=915] Received exit status 0
2026-07-25 22:01:02,883 - asyncssh - INFO - [conn=0, chan=915] Received channel close
2026-07-25 22:01:02,884 - asyncssh - INFO - [conn=0, chan=915] Channel closed
2026-07-25 22:01:02,884 - asyncssh - INFO - [conn=0, chan=916] Requesting new SSH session
2026-07-25 22:01:02,885 - asyncssh - INFO - [conn=0, chan=916]   Command: kubectl top pod log-generator -n default --no-headers
2026-07-25 22:01:02,947 - asyncssh - INFO - [conn=0, chan=916] Received exit status 0
2026-07-25 22:01:02,947 - asyncssh - INFO - [conn=0, chan=916] Received channel close
2026-07-25 22:01:02,948 - asyncssh - INFO - [conn=0, chan=916] Channel closed
2026-07-25 22:01:02,948 - asyncssh - INFO - [conn=0, chan=917] Requesting new SSH session
2026-07-25 22:01:02,948 - asyncssh - INFO - [conn=0, chan=917]   Command: kubectl describe pod log-generator -n default | grep -A 5 'Limits:'
2026-07-25 22:01:03,013 - asyncssh - INFO - [conn=0, chan=917] Received exit status 0
2026-07-25 22:01:03,014 - asyncssh - INFO - [conn=0, chan=917] Received channel close
2026-07-25 22:01:03,014 - asyncssh - INFO - [conn=0, chan=917] Channel closed
2026-07-25 22:01:07,121 - asyncssh - INFO - [conn=0, chan=918] Requesting new SSH session
2026-07-25 22:01:07,123 - asyncssh - INFO - [conn=0, chan=918]   Command: kubectl logs my-pod -n default --tail=50
2026-07-25 22:01:07,190 - asyncssh - INFO - [conn=0, chan=918] Received exit status 0
2026-07-25 22:01:07,190 - asyncssh - INFO - [conn=0, chan=918] Received channel close
2026-07-25 22:01:07,190 - asyncssh - INFO - [conn=0, chan=918] Channel closed
2026-07-25 22:01:07,191 - asyncssh - INFO - [conn=0, chan=919] Requesting new SSH session
2026-07-25 22:01:07,192 - asyncssh - INFO - [conn=0, chan=919]   Command: kubectl top pod my-pod -n default --no-headers
2026-07-25 22:01:07,255 - asyncssh - INFO - [conn=0, chan=919] Received exit status 0
2026-07-25 22:01:07,255 - asyncssh - INFO - [conn=0, chan=919] Received channel close
2026-07-25 22:01:07,256 - asyncssh - INFO - [conn=0, chan=919] Channel closed
2026-07-25 22:01:07,257 - asyncssh - INFO - [conn=0, chan=920] Requesting new SSH session
2026-07-25 22:01:07,258 - asyncssh - INFO - [conn=0, chan=920]   Command: kubectl describe pod my-pod -n default | grep -A 5 'Limits:'
2026-07-25 22:01:07,327 - asyncssh - INFO - [conn=0, chan=920] Received exit status 1
2026-07-25 22:01:07,327 - asyncssh - INFO - [conn=0, chan=920] Received channel close
2026-07-25 22:01:07,327 - asyncssh - INFO - [conn=0, chan=920] Channel closed
2026-07-25 22:01:08,015 - asyncssh - INFO - [conn=0, chan=921] Requesting new SSH session
2026-07-25 22:01:08,016 - asyncssh - INFO - [conn=0, chan=921]   Command: kubectl logs log-generator -n default --tail=50
2026-07-25 22:01:08,088 - asyncssh - INFO - [conn=0, chan=921] Received exit status 0
2026-07-25 22:01:08,088 - asyncssh - INFO - [conn=0, chan=921] Received channel close
2026-07-25 22:01:08,089 - asyncssh - INFO - [conn=0, chan=921] Channel closed
2026-07-25 22:01:08,090 - asyncssh - INFO - [conn=0, chan=922] Requesting new SSH session
2026-07-25 22:01:08,091 - asyncssh - INFO - [conn=0, chan=922]   Command: kubectl top pod log-generator -n default --no-headers
2026-07-25 22:01:08,151 - asyncssh - INFO - [conn=0, chan=922] Received exit status 0
2026-07-25 22:01:08,151 - asyncssh - INFO - [conn=0, chan=922] Received channel close
2026-07-25 22:01:08,151 - asyncssh - INFO - [conn=0, chan=922] Channel closed
2026-07-25 22:01:08,151 - asyncssh - INFO - [conn=0, chan=923] Requesting new SSH session
2026-07-25 22:01:08,152 - asyncssh - INFO - [conn=0, chan=923]   Command: kubectl describe pod log-generator -n default | grep -A 5 'Limits:'
2026-07-25 22:01:08,219 - asyncssh - INFO - [conn=0, chan=923] Received exit status 0
2026-07-25 22:01:08,219 - asyncssh - INFO - [conn=0, chan=923] Received channel close
2026-07-25 22:01:08,219 - asyncssh - INFO - [conn=0, chan=923] Channel closed
2026-07-25 22:01:12,329 - asyncssh - INFO - [conn=0, chan=924] Requesting new SSH session
2026-07-25 22:01:12,330 - asyncssh - INFO - [conn=0, chan=924]   Command: kubectl logs my-pod -n default --tail=50
2026-07-25 22:01:12,398 - asyncssh - INFO - [conn=0, chan=924] Received exit status 0
2026-07-25 22:01:12,398 - asyncssh - INFO - [conn=0, chan=924] Received channel close
2026-07-25 22:01:12,399 - asyncssh - INFO - [conn=0, chan=924] Channel closed
2026-07-25 22:01:12,399 - asyncssh - INFO - [conn=0, chan=925] Requesting new SSH session
2026-07-25 22:01:12,400 - asyncssh - INFO - [conn=0, chan=925]   Command: kubectl top pod my-pod -n default --no-headers
2026-07-25 22:01:12,461 - asyncssh - INFO - [conn=0, chan=925] Received exit status 0
2026-07-25 22:01:12,462 - asyncssh - INFO - [conn=0, chan=925] Received channel close
2026-07-25 22:01:12,462 - asyncssh - INFO - [conn=0, chan=925] Channel closed
2026-07-25 22:01:12,463 - asyncssh - INFO - [conn=0, chan=926] Requesting new SSH session
2026-07-25 22:01:12,464 - asyncssh - INFO - [conn=0, chan=926]   Command: kubectl describe pod my-pod -n default | grep -A 5 'Limits:'
2026-07-25 22:01:12,532 - asyncssh - INFO - [conn=0, chan=926] Received exit status 1
2026-07-25 22:01:12,532 - asyncssh - INFO - [conn=0, chan=926] Received channel close
2026-07-25 22:01:12,532 - asyncssh - INFO - [conn=0, chan=926] Channel closed
2026-07-25 22:01:13,220 - asyncssh - INFO - [conn=0, chan=927] Requesting new SSH session
2026-07-25 22:01:13,222 - asyncssh - INFO - [conn=0, chan=927]   Command: kubectl logs log-generator -n default --tail=50
2026-07-25 22:01:13,289 - asyncssh - INFO - [conn=0, chan=927] Received exit status 0
2026-07-25 22:01:13,290 - asyncssh - INFO - [conn=0, chan=927] Received channel close
2026-07-25 22:01:13,290 - asyncssh - INFO - [conn=0, chan=927] Channel closed
2026-07-25 22:01:13,291 - asyncssh - INFO - [conn=0, chan=928] Requesting new SSH session
2026-07-25 22:01:13,293 - asyncssh - INFO - [conn=0, chan=928]   Command: kubectl top pod log-generator -n default --no-headers
2026-07-25 22:01:13,354 - asyncssh - INFO - [conn=0, chan=928] Received exit status 0
2026-07-25 22:01:13,354 - asyncssh - INFO - [conn=0, chan=928] Received channel close
2026-07-25 22:01:13,355 - asyncssh - INFO - [conn=0, chan=928] Channel closed
2026-07-25 22:01:13,356 - asyncssh - INFO - [conn=0, chan=929] Requesting new SSH session
2026-07-25 22:01:13,357 - asyncssh - INFO - [conn=0, chan=929]   Command: kubectl describe pod log-generator -n default | grep -A 5 'Limits:'
2026-07-25 22:01:13,426 - asyncssh - INFO - [conn=0, chan=929] Received exit status 0
2026-07-25 22:01:13,426 - asyncssh - INFO - [conn=0, chan=929] Received channel close
2026-07-25 22:01:13,426 - asyncssh - INFO - [conn=0, chan=929] Channel closed
2026-07-25 22:01:17,535 - asyncssh - INFO - [conn=0, chan=930] Requesting new SSH session
2026-07-25 22:01:17,538 - asyncssh - INFO - [conn=0, chan=930]   Command: kubectl logs my-pod -n default --tail=50
2026-07-25 22:01:17,616 - asyncssh - INFO - [conn=0, chan=930] Received exit status 0
2026-07-25 22:01:17,616 - asyncssh - INFO - [conn=0, chan=930] Received channel close
2026-07-25 22:01:17,616 - asyncssh - INFO - [conn=0, chan=930] Channel closed
2026-07-25 22:01:17,617 - asyncssh - INFO - [conn=0, chan=931] Requesting new SSH session
2026-07-25 22:01:17,617 - asyncssh - INFO - [conn=0, chan=931]   Command: kubectl top pod my-pod -n default --no-headers
2026-07-25 22:01:17,682 - asyncssh - INFO - [conn=0, chan=931] Received exit status 0
2026-07-25 22:01:17,682 - asyncssh - INFO - [conn=0, chan=931] Received channel close
2026-07-25 22:01:17,683 - asyncssh - INFO - [conn=0, chan=931] Channel closed
2026-07-25 22:01:17,683 - asyncssh - INFO - [conn=0, chan=932] Requesting new SSH session
2026-07-25 22:01:17,684 - asyncssh - INFO - [conn=0, chan=932]   Command: kubectl describe pod my-pod -n default | grep -A 5 'Limits:'
2026-07-25 22:01:17,753 - asyncssh - INFO - [conn=0, chan=932] Received exit status 1
2026-07-25 22:01:17,754 - asyncssh - INFO - [conn=0, chan=932] Received channel close
2026-07-25 22:01:17,754 - asyncssh - INFO - [conn=0, chan=932] Channel closed
2026-07-25 22:01:18,428 - asyncssh - INFO - [conn=0, chan=933] Requesting new SSH session
2026-07-25 22:01:18,429 - asyncssh - INFO - [conn=0, chan=933]   Command: kubectl logs log-generator -n default --tail=50
2026-07-25 22:01:18,507 - asyncssh - INFO - [conn=0, chan=933] Received exit status 0
2026-07-25 22:01:18,508 - asyncssh - INFO - [conn=0, chan=933] Received channel close
2026-07-25 22:01:18,508 - asyncssh - INFO - [conn=0, chan=933] Channel closed
2026-07-25 22:01:18,509 - asyncssh - INFO - [conn=0, chan=934] Requesting new SSH session
2026-07-25 22:01:18,509 - asyncssh - INFO - [conn=0, chan=934]   Command: kubectl top pod log-generator -n default --no-headers
2026-07-25 22:01:18,565 - asyncssh - INFO - [conn=0, chan=934] Received exit status 0
2026-07-25 22:01:18,565 - asyncssh - INFO - [conn=0, chan=934] Received channel close
2026-07-25 22:01:18,566 - asyncssh - INFO - [conn=0, chan=934] Channel closed
2026-07-25 22:01:18,566 - asyncssh - INFO - [conn=0, chan=935] Requesting new SSH session
2026-07-25 22:01:18,567 - asyncssh - INFO - [conn=0, chan=935]   Command: kubectl describe pod log-generator -n default | grep -A 5 'Limits:'
2026-07-25 22:01:18,635 - asyncssh - INFO - [conn=0, chan=935] Received exit status 0
2026-07-25 22:01:18,636 - asyncssh - INFO - [conn=0, chan=935] Received channel close
2026-07-25 22:01:18,636 - asyncssh - INFO - [conn=0, chan=935] Channel closed
2026-07-25 22:01:22,757 - asyncssh - INFO - [conn=0, chan=936] Requesting new SSH session
2026-07-25 22:01:22,758 - asyncssh - INFO - [conn=0, chan=936]   Command: kubectl logs my-pod -n default --tail=50
2026-07-25 22:01:22,827 - asyncssh - INFO - [conn=0, chan=936] Received exit status 0
2026-07-25 22:01:22,827 - asyncssh - INFO - [conn=0, chan=936] Received channel close
2026-07-25 22:01:22,828 - asyncssh - INFO - [conn=0, chan=936] Channel closed
2026-07-25 22:01:22,828 - asyncssh - INFO - [conn=0, chan=937] Requesting new SSH session
2026-07-25 22:01:22,829 - asyncssh - INFO - [conn=0, chan=937]   Command: kubectl top pod my-pod -n default --no-headers
2026-07-25 22:01:22,897 - asyncssh - INFO - [conn=0, chan=937] Received exit status 0
2026-07-25 22:01:22,897 - asyncssh - INFO - [conn=0, chan=937] Received channel close
2026-07-25 22:01:22,899 - asyncssh - INFO - [conn=0, chan=937] Channel closed
2026-07-25 22:01:22,900 - asyncssh - INFO - [conn=0, chan=938] Requesting new SSH session
2026-07-25 22:01:22,902 - asyncssh - INFO - [conn=0, chan=938]   Command: kubectl describe pod my-pod -n default | grep -A 5 'Limits:'
2026-07-25 22:01:22,969 - asyncssh - INFO - [conn=0, chan=938] Received exit status 1
2026-07-25 22:01:22,969 - asyncssh - INFO - [conn=0, chan=938] Received channel close
2026-07-25 22:01:22,969 - asyncssh - INFO - [conn=0, chan=938] Channel closed
2026-07-25 22:01:23,638 - asyncssh - INFO - [conn=0, chan=939] Requesting new SSH session
2026-07-25 22:01:23,639 - asyncssh - INFO - [conn=0, chan=939]   Command: kubectl logs log-generator -n default --tail=50
2026-07-25 22:01:23,710 - asyncssh - INFO - [conn=0, chan=939] Received exit status 0
2026-07-25 22:01:23,710 - asyncssh - INFO - [conn=0, chan=939] Received channel close
2026-07-25 22:01:23,711 - asyncssh - INFO - [conn=0, chan=939] Channel closed
2026-07-25 22:01:23,712 - asyncssh - INFO - [conn=0, chan=940] Requesting new SSH session
2026-07-25 22:01:23,713 - asyncssh - INFO - [conn=0, chan=940]   Command: kubectl top pod log-generator -n default --no-headers
2026-07-25 22:01:23,771 - asyncssh - INFO - [conn=0, chan=940] Received exit status 0
2026-07-25 22:01:23,771 - asyncssh - INFO - [conn=0, chan=940] Received channel close
2026-07-25 22:01:23,772 - asyncssh - INFO - [conn=0, chan=940] Channel closed
2026-07-25 22:01:23,772 - asyncssh - INFO - [conn=0, chan=941] Requesting new SSH session
2026-07-25 22:01:23,772 - asyncssh - INFO - [conn=0, chan=941]   Command: kubectl describe pod log-generator -n default | grep -A 5 'Limits:'
2026-07-25 22:01:23,848 - asyncssh - INFO - [conn=0, chan=941] Received exit status 0
2026-07-25 22:01:23,848 - asyncssh - INFO - [conn=0, chan=941] Received channel close
2026-07-25 22:01:23,849 - asyncssh - INFO - [conn=0, chan=941] Channel closed
2026-07-25 22:01:27,971 - asyncssh - INFO - [conn=0, chan=942] Requesting new SSH session
2026-07-25 22:01:27,972 - asyncssh - INFO - [conn=0, chan=942]   Command: kubectl logs my-pod -n default --tail=50
2026-07-25 22:01:28,040 - asyncssh - INFO - [conn=0, chan=942] Received exit status 0
2026-07-25 22:01:28,040 - asyncssh - INFO - [conn=0, chan=942] Received channel close
2026-07-25 22:01:28,041 - asyncssh - INFO - [conn=0, chan=942] Channel closed
2026-07-25 22:01:28,041 - asyncssh - INFO - [conn=0, chan=943] Requesting new SSH session
2026-07-25 22:01:28,042 - asyncssh - INFO - [conn=0, chan=943]   Command: kubectl top pod my-pod -n default --no-headers
2026-07-25 22:01:28,108 - asyncssh - INFO - [conn=0, chan=943] Received exit status 0
2026-07-25 22:01:28,108 - asyncssh - INFO - [conn=0, chan=943] Received channel close
2026-07-25 22:01:28,108 - asyncssh - INFO - [conn=0, chan=943] Channel closed
2026-07-25 22:01:28,109 - asyncssh - INFO - [conn=0, chan=944] Requesting new SSH session
2026-07-25 22:01:28,109 - asyncssh - INFO - [conn=0, chan=944]   Command: kubectl describe pod my-pod -n default | grep -A 5 'Limits:'
2026-07-25 22:01:28,175 - asyncssh - INFO - [conn=0, chan=944] Received exit status 1
2026-07-25 22:01:28,175 - asyncssh - INFO - [conn=0, chan=944] Received channel close
2026-07-25 22:01:28,176 - asyncssh - INFO - [conn=0, chan=944] Channel closed
2026-07-25 22:01:28,850 - asyncssh - INFO - [conn=0, chan=945] Requesting new SSH session
2026-07-25 22:01:28,851 - asyncssh - INFO - [conn=0, chan=945]   Command: kubectl logs log-generator -n default --tail=50
2026-07-25 22:01:28,925 - asyncssh - INFO - [conn=0, chan=945] Received exit status 0
2026-07-25 22:01:28,925 - asyncssh - INFO - [conn=0, chan=945] Received channel close
2026-07-25 22:01:28,925 - asyncssh - INFO - [conn=0, chan=945] Channel closed
2026-07-25 22:01:28,926 - asyncssh - INFO - [conn=0, chan=946] Requesting new SSH session
2026-07-25 22:01:28,926 - asyncssh - INFO - [conn=0, chan=946]   Command: kubectl top pod log-generator -n default --no-headers
2026-07-25 22:01:28,983 - asyncssh - INFO - [conn=0, chan=946] Received exit status 0
2026-07-25 22:01:28,983 - asyncssh - INFO - [conn=0, chan=946] Received channel close
2026-07-25 22:01:28,983 - asyncssh - INFO - [conn=0, chan=946] Channel closed
2026-07-25 22:01:28,984 - asyncssh - INFO - [conn=0, chan=947] Requesting new SSH session
2026-07-25 22:01:28,984 - asyncssh - INFO - [conn=0, chan=947]   Command: kubectl describe pod log-generator -n default | grep -A 5 'Limits:'
2026-07-25 22:01:29,047 - asyncssh - INFO - [conn=0, chan=947] Received exit status 0
2026-07-25 22:01:29,048 - asyncssh - INFO - [conn=0, chan=947] Received channel close
2026-07-25 22:01:29,048 - asyncssh - INFO - [conn=0, chan=947] Channel closed
2026-07-25 22:01:33,177 - asyncssh - INFO - [conn=0, chan=948] Requesting new SSH session
2026-07-25 22:01:33,178 - asyncssh - INFO - [conn=0, chan=948]   Command: kubectl logs my-pod -n default --tail=50
2026-07-25 22:01:33,252 - asyncssh - INFO - [conn=0, chan=948] Received exit status 0
2026-07-25 22:01:33,252 - asyncssh - INFO - [conn=0, chan=948] Received channel close
2026-07-25 22:01:33,252 - asyncssh - INFO - [conn=0, chan=948] Channel closed
2026-07-25 22:01:33,253 - asyncssh - INFO - [conn=0, chan=949] Requesting new SSH session
2026-07-25 22:01:33,254 - asyncssh - INFO - [conn=0, chan=949]   Command: kubectl top pod my-pod -n default --no-headers
2026-07-25 22:01:33,314 - asyncssh - INFO - [conn=0, chan=949] Received exit status 0
2026-07-25 22:01:33,314 - asyncssh - INFO - [conn=0, chan=949] Received channel close
2026-07-25 22:01:33,315 - asyncssh - INFO - [conn=0, chan=949] Channel closed
2026-07-25 22:01:33,315 - asyncssh - INFO - [conn=0, chan=950] Requesting new SSH session
2026-07-25 22:01:33,316 - asyncssh - INFO - [conn=0, chan=950]   Command: kubectl describe pod my-pod -n default | grep -A 5 'Limits:'
2026-07-25 22:01:33,383 - asyncssh - INFO - [conn=0, chan=950] Received exit status 1
2026-07-25 22:01:33,383 - asyncssh - INFO - [conn=0, chan=950] Received channel close
2026-07-25 22:01:33,384 - asyncssh - INFO - [conn=0, chan=950] Channel closed
2026-07-25 22:01:34,050 - asyncssh - INFO - [conn=0, chan=951] Requesting new SSH session
2026-07-25 22:01:34,051 - asyncssh - INFO - [conn=0, chan=951]   Command: kubectl logs log-generator -n default --tail=50
2026-07-25 22:01:34,118 - asyncssh - INFO - [conn=0, chan=951] Received exit status 0
2026-07-25 22:01:34,118 - asyncssh - INFO - [conn=0, chan=951] Received channel close
2026-07-25 22:01:34,119 - asyncssh - INFO - [conn=0, chan=951] Channel closed
2026-07-25 22:01:34,119 - asyncssh - INFO - [conn=0, chan=952] Requesting new SSH session
2026-07-25 22:01:34,120 - asyncssh - INFO - [conn=0, chan=952]   Command: kubectl top pod log-generator -n default --no-headers
2026-07-25 22:01:34,181 - asyncssh - INFO - [conn=0, chan=952] Received exit status 0
2026-07-25 22:01:34,182 - asyncssh - INFO - [conn=0, chan=952] Received channel close
2026-07-25 22:01:34,182 - asyncssh - INFO - [conn=0, chan=952] Channel closed
2026-07-25 22:01:34,182 - asyncssh - INFO - [conn=0, chan=953] Requesting new SSH session
2026-07-25 22:01:34,183 - asyncssh - INFO - [conn=0, chan=953]   Command: kubectl describe pod log-generator -n default | grep -A 5 'Limits:'
2026-07-25 22:01:34,252 - asyncssh - INFO - [conn=0, chan=953] Received exit status 0
2026-07-25 22:01:34,253 - asyncssh - INFO - [conn=0, chan=953] Received channel close
2026-07-25 22:01:34,253 - asyncssh - INFO - [conn=0, chan=953] Channel closed
2026-07-25 22:01:38,385 - asyncssh - INFO - [conn=0, chan=954] Requesting new SSH session
2026-07-25 22:01:38,386 - asyncssh - INFO - [conn=0, chan=954]   Command: kubectl logs my-pod -n default --tail=50
2026-07-25 22:01:38,451 - asyncssh - INFO - [conn=0, chan=954] Received exit status 0
2026-07-25 22:01:38,451 - asyncssh - INFO - [conn=0, chan=954] Received channel close
2026-07-25 22:01:38,452 - asyncssh - INFO - [conn=0, chan=954] Channel closed
2026-07-25 22:01:38,452 - asyncssh - INFO - [conn=0, chan=955] Requesting new SSH session
2026-07-25 22:01:38,453 - asyncssh - INFO - [conn=0, chan=955]   Command: kubectl top pod my-pod -n default --no-headers
2026-07-25 22:01:38,511 - asyncssh - INFO - [conn=0, chan=955] Received exit status 0
2026-07-25 22:01:38,511 - asyncssh - INFO - [conn=0, chan=955] Received channel close
2026-07-25 22:01:38,511 - asyncssh - INFO - [conn=0, chan=955] Channel closed
2026-07-25 22:01:38,512 - asyncssh - INFO - [conn=0, chan=956] Requesting new SSH session
2026-07-25 22:01:38,513 - asyncssh - INFO - [conn=0, chan=956]   Command: kubectl describe pod my-pod -n default | grep -A 5 'Limits:'
2026-07-25 22:01:38,583 - asyncssh - INFO - [conn=0, chan=956] Received exit status 1
2026-07-25 22:01:38,584 - asyncssh - INFO - [conn=0, chan=956] Received channel close
2026-07-25 22:01:38,584 - asyncssh - INFO - [conn=0, chan=956] Channel closed
2026-07-25 22:01:39,255 - asyncssh - INFO - [conn=0, chan=957] Requesting new SSH session
2026-07-25 22:01:39,256 - asyncssh - INFO - [conn=0, chan=957]   Command: kubectl logs log-generator -n default --tail=50
2026-07-25 22:01:39,322 - asyncssh - INFO - [conn=0, chan=957] Received exit status 0
2026-07-25 22:01:39,322 - asyncssh - INFO - [conn=0, chan=957] Received channel close
2026-07-25 22:01:39,324 - asyncssh - INFO - [conn=0, chan=957] Channel closed
2026-07-25 22:01:39,325 - asyncssh - INFO - [conn=0, chan=958] Requesting new SSH session
2026-07-25 22:01:39,325 - asyncssh - INFO - [conn=0, chan=958]   Command: kubectl top pod log-generator -n default --no-headers
2026-07-25 22:01:39,384 - asyncssh - INFO - [conn=0, chan=958] Received exit status 0
2026-07-25 22:01:39,385 - asyncssh - INFO - [conn=0, chan=958] Received channel close
2026-07-25 22:01:39,385 - asyncssh - INFO - [conn=0, chan=958] Channel closed
2026-07-25 22:01:39,386 - asyncssh - INFO - [conn=0, chan=959] Requesting new SSH session
2026-07-25 22:01:39,387 - asyncssh - INFO - [conn=0, chan=959]   Command: kubectl describe pod log-generator -n default | grep -A 5 'Limits:'
2026-07-25 22:01:39,455 - asyncssh - INFO - [conn=0, chan=959] Received exit status 0
2026-07-25 22:01:39,455 - asyncssh - INFO - [conn=0, chan=959] Received channel close
2026-07-25 22:01:39,455 - asyncssh - INFO - [conn=0, chan=959] Channel closed
2026-07-25 22:01:43,586 - asyncssh - INFO - [conn=0, chan=960] Requesting new SSH session
2026-07-25 22:01:43,588 - asyncssh - INFO - [conn=0, chan=960]   Command: kubectl logs my-pod -n default --tail=50
2026-07-25 22:01:43,659 - asyncssh - INFO - [conn=0, chan=960] Received exit status 0
2026-07-25 22:01:43,660 - asyncssh - INFO - [conn=0, chan=960] Received channel close
2026-07-25 22:01:43,660 - asyncssh - INFO - [conn=0, chan=960] Channel closed
2026-07-25 22:01:43,661 - asyncssh - INFO - [conn=0, chan=961] Requesting new SSH session
2026-07-25 22:01:43,661 - asyncssh - INFO - [conn=0, chan=961]   Command: kubectl top pod my-pod -n default --no-headers
2026-07-25 22:01:43,722 - asyncssh - INFO - [conn=0, chan=961] Received exit status 0
2026-07-25 22:01:43,722 - asyncssh - INFO - [conn=0, chan=961] Received channel close
2026-07-25 22:01:43,724 - asyncssh - INFO - [conn=0, chan=961] Channel closed
2026-07-25 22:01:43,725 - asyncssh - INFO - [conn=0, chan=962] Requesting new SSH session
2026-07-25 22:01:43,725 - asyncssh - INFO - [conn=0, chan=962]   Command: kubectl describe pod my-pod -n default | grep -A 5 'Limits:'
2026-07-25 22:01:43,793 - asyncssh - INFO - [conn=0, chan=962] Received exit status 1
2026-07-25 22:01:43,793 - asyncssh - INFO - [conn=0, chan=962] Received channel close
2026-07-25 22:01:43,794 - asyncssh - INFO - [conn=0, chan=962] Channel closed
2026-07-25 22:01:44,457 - asyncssh - INFO - [conn=0, chan=963] Requesting new SSH session
2026-07-25 22:01:44,458 - asyncssh - INFO - [conn=0, chan=963]   Command: kubectl logs log-generator -n default --tail=50
2026-07-25 22:01:44,530 - asyncssh - INFO - [conn=0, chan=963] Received exit status 0
2026-07-25 22:01:44,530 - asyncssh - INFO - [conn=0, chan=963] Received channel close
2026-07-25 22:01:44,531 - asyncssh - INFO - [conn=0, chan=963] Channel closed
2026-07-25 22:01:44,532 - asyncssh - INFO - [conn=0, chan=964] Requesting new SSH session
2026-07-25 22:01:44,532 - asyncssh - INFO - [conn=0, chan=964]   Command: kubectl top pod log-generator -n default --no-headers
2026-07-25 22:01:44,607 - asyncssh - INFO - [conn=0, chan=964] Received exit status 0
2026-07-25 22:01:44,607 - asyncssh - INFO - [conn=0, chan=964] Received channel close
2026-07-25 22:01:44,609 - asyncssh - INFO - [conn=0, chan=964] Channel closed
2026-07-25 22:01:44,609 - asyncssh - INFO - [conn=0, chan=965] Requesting new SSH session
2026-07-25 22:01:44,611 - asyncssh - INFO - [conn=0, chan=965]   Command: kubectl describe pod log-generator -n default | grep -A 5 'Limits:'
2026-07-25 22:01:44,683 - asyncssh - INFO - [conn=0, chan=965] Received exit status 0
2026-07-25 22:01:44,684 - asyncssh - INFO - [conn=0, chan=965] Received channel close
2026-07-25 22:01:44,684 - asyncssh - INFO - [conn=0, chan=965] Channel closed
2026-07-25 22:01:48,795 - asyncssh - INFO - [conn=0, chan=966] Requesting new SSH session
2026-07-25 22:01:48,796 - asyncssh - INFO - [conn=0, chan=966]   Command: kubectl logs my-pod -n default --tail=50
2026-07-25 22:01:48,868 - asyncssh - INFO - [conn=0, chan=966] Received exit status 0
2026-07-25 22:01:48,869 - asyncssh - INFO - [conn=0, chan=966] Received channel close
2026-07-25 22:01:48,869 - asyncssh - INFO - [conn=0, chan=966] Channel closed
2026-07-25 22:01:48,870 - asyncssh - INFO - [conn=0, chan=967] Requesting new SSH session
2026-07-25 22:01:48,871 - asyncssh - INFO - [conn=0, chan=967]   Command: kubectl top pod my-pod -n default --no-headers
2026-07-25 22:01:48,936 - asyncssh - INFO - [conn=0, chan=967] Received exit status 0
2026-07-25 22:01:48,937 - asyncssh - INFO - [conn=0, chan=967] Received channel close
2026-07-25 22:01:48,937 - asyncssh - INFO - [conn=0, chan=967] Channel closed
2026-07-25 22:01:48,938 - asyncssh - INFO - [conn=0, chan=968] Requesting new SSH session
2026-07-25 22:01:48,938 - asyncssh - INFO - [conn=0, chan=968]   Command: kubectl describe pod my-pod -n default | grep -A 5 'Limits:'
2026-07-25 22:01:49,004 - asyncssh - INFO - [conn=0, chan=968] Received exit status 1
2026-07-25 22:01:49,004 - asyncssh - INFO - [conn=0, chan=968] Received channel close
2026-07-25 22:01:49,005 - asyncssh - INFO - [conn=0, chan=968] Channel closed
2026-07-25 22:01:49,686 - asyncssh - INFO - [conn=0, chan=969] Requesting new SSH session
2026-07-25 22:01:49,688 - asyncssh - INFO - [conn=0, chan=969]   Command: kubectl logs log-generator -n default --tail=50
2026-07-25 22:01:49,760 - asyncssh - INFO - [conn=0, chan=969] Received exit status 0
2026-07-25 22:01:49,760 - asyncssh - INFO - [conn=0, chan=969] Received channel close
2026-07-25 22:01:49,761 - asyncssh - INFO - [conn=0, chan=969] Channel closed
2026-07-25 22:01:49,761 - asyncssh - INFO - [conn=0, chan=970] Requesting new SSH session
2026-07-25 22:01:49,762 - asyncssh - INFO - [conn=0, chan=970]   Command: kubectl top pod log-generator -n default --no-headers
2026-07-25 22:01:49,824 - asyncssh - INFO - [conn=0, chan=970] Received exit status 0
2026-07-25 22:01:49,824 - asyncssh - INFO - [conn=0, chan=970] Received channel close
2026-07-25 22:01:49,825 - asyncssh - INFO - [conn=0, chan=970] Channel closed
2026-07-25 22:01:49,825 - asyncssh - INFO - [conn=0, chan=971] Requesting new SSH session
2026-07-25 22:01:49,826 - asyncssh - INFO - [conn=0, chan=971]   Command: kubectl describe pod log-generator -n default | grep -A 5 'Limits:'
2026-07-25 22:01:49,909 - asyncssh - INFO - [conn=0, chan=971] Received exit status 0
2026-07-25 22:01:49,909 - asyncssh - INFO - [conn=0, chan=971] Received channel close
2026-07-25 22:01:49,909 - asyncssh - INFO - [conn=0, chan=971] Channel closed
2026-07-25 22:01:54,006 - asyncssh - INFO - [conn=0, chan=972] Requesting new SSH session
2026-07-25 22:01:54,007 - asyncssh - INFO - [conn=0, chan=972]   Command: kubectl logs my-pod -n default --tail=50
2026-07-25 22:01:54,078 - asyncssh - INFO - [conn=0, chan=972] Received exit status 0
2026-07-25 22:01:54,078 - asyncssh - INFO - [conn=0, chan=972] Received channel close
2026-07-25 22:01:54,079 - asyncssh - INFO - [conn=0, chan=972] Channel closed
2026-07-25 22:01:54,079 - asyncssh - INFO - [conn=0, chan=973] Requesting new SSH session
2026-07-25 22:01:54,080 - asyncssh - INFO - [conn=0, chan=973]   Command: kubectl top pod my-pod -n default --no-headers
2026-07-25 22:01:54,167 - asyncssh - INFO - [conn=0, chan=973] Received exit status 0
2026-07-25 22:01:54,168 - asyncssh - INFO - [conn=0, chan=973] Received channel close
2026-07-25 22:01:54,168 - asyncssh - INFO - [conn=0, chan=973] Channel closed
2026-07-25 22:01:54,169 - asyncssh - INFO - [conn=0, chan=974] Requesting new SSH session
2026-07-25 22:01:54,170 - asyncssh - INFO - [conn=0, chan=974]   Command: kubectl describe pod my-pod -n default | grep -A 5 'Limits:'
2026-07-25 22:01:54,252 - asyncssh - INFO - [conn=0, chan=974] Received exit status 1
2026-07-25 22:01:54,253 - asyncssh - INFO - [conn=0, chan=974] Received channel close
2026-07-25 22:01:54,253 - asyncssh - INFO - [conn=0, chan=974] Channel closed
2026-07-25 22:01:54,910 - asyncssh - INFO - [conn=0, chan=975] Requesting new SSH session
2026-07-25 22:01:54,911 - asyncssh - INFO - [conn=0, chan=975]   Command: kubectl logs log-generator -n default --tail=50
2026-07-25 22:01:54,998 - asyncssh - INFO - [conn=0, chan=975] Received exit status 0
2026-07-25 22:01:54,998 - asyncssh - INFO - [conn=0, chan=975] Received channel close
2026-07-25 22:01:54,999 - asyncssh - INFO - [conn=0, chan=975] Channel closed
2026-07-25 22:01:55,000 - asyncssh - INFO - [conn=0, chan=976] Requesting new SSH session
2026-07-25 22:01:55,002 - asyncssh - INFO - [conn=0, chan=976]   Command: kubectl top pod log-generator -n default --no-headers
2026-07-25 22:01:55,083 - asyncssh - INFO - [conn=0, chan=976] Received exit status 0
2026-07-25 22:01:55,083 - asyncssh - INFO - [conn=0, chan=976] Received channel close
2026-07-25 22:01:55,083 - asyncssh - INFO - [conn=0, chan=976] Channel closed
2026-07-25 22:01:55,083 - asyncssh - INFO - [conn=0, chan=977] Requesting new SSH session
2026-07-25 22:01:55,084 - asyncssh - INFO - [conn=0, chan=977]   Command: kubectl describe pod log-generator -n default | grep -A 5 'Limits:'
2026-07-25 22:01:55,160 - asyncssh - INFO - [conn=0, chan=977] Received exit status 0
2026-07-25 22:01:55,160 - asyncssh - INFO - [conn=0, chan=977] Received channel close
2026-07-25 22:01:55,160 - asyncssh - INFO - [conn=0, chan=977] Channel closed
2026-07-25 22:01:59,256 - asyncssh - INFO - [conn=0, chan=978] Requesting new SSH session
2026-07-25 22:01:59,258 - asyncssh - INFO - [conn=0, chan=978]   Command: kubectl logs my-pod -n default --tail=50
2026-07-25 22:01:59,325 - asyncssh - INFO - [conn=0, chan=978] Received exit status 0
2026-07-25 22:01:59,325 - asyncssh - INFO - [conn=0, chan=978] Received channel close
2026-07-25 22:01:59,326 - asyncssh - INFO - [conn=0, chan=978] Channel closed
2026-07-25 22:01:59,327 - asyncssh - INFO - [conn=0, chan=979] Requesting new SSH session
2026-07-25 22:01:59,328 - asyncssh - INFO - [conn=0, chan=979]   Command: kubectl top pod my-pod -n default --no-headers
2026-07-25 22:01:59,388 - asyncssh - INFO - [conn=0, chan=979] Received exit status 0
2026-07-25 22:01:59,388 - asyncssh - INFO - [conn=0, chan=979] Received channel close
2026-07-25 22:01:59,389 - asyncssh - INFO - [conn=0, chan=979] Channel closed
2026-07-25 22:01:59,389 - asyncssh - INFO - [conn=0, chan=980] Requesting new SSH session
2026-07-25 22:01:59,390 - asyncssh - INFO - [conn=0, chan=980]   Command: kubectl describe pod my-pod -n default | grep -A 5 'Limits:'
2026-07-25 22:01:59,461 - asyncssh - INFO - [conn=0, chan=980] Received exit status 1
2026-07-25 22:01:59,461 - asyncssh - INFO - [conn=0, chan=980] Received channel close
2026-07-25 22:01:59,462 - asyncssh - INFO - [conn=0, chan=980] Channel closed
2026-07-25 22:02:00,162 - asyncssh - INFO - [conn=0, chan=981] Requesting new SSH session
2026-07-25 22:02:00,164 - asyncssh - INFO - [conn=0, chan=981]   Command: kubectl logs log-generator -n default --tail=50
2026-07-25 22:02:00,233 - asyncssh - INFO - [conn=0, chan=981] Received exit status 0
2026-07-25 22:02:00,234 - asyncssh - INFO - [conn=0, chan=981] Received channel close
2026-07-25 22:02:00,234 - asyncssh - INFO - [conn=0, chan=981] Channel closed
2026-07-25 22:02:00,235 - asyncssh - INFO - [conn=0, chan=982] Requesting new SSH session
2026-07-25 22:02:00,236 - asyncssh - INFO - [conn=0, chan=982]   Command: kubectl top pod log-generator -n default --no-headers
2026-07-25 22:02:00,302 - asyncssh - INFO - [conn=0, chan=982] Received exit status 0
2026-07-25 22:02:00,302 - asyncssh - INFO - [conn=0, chan=982] Received channel close
2026-07-25 22:02:00,303 - asyncssh - INFO - [conn=0, chan=982] Channel closed
2026-07-25 22:02:00,303 - asyncssh - INFO - [conn=0, chan=983] Requesting new SSH session
2026-07-25 22:02:00,304 - asyncssh - INFO - [conn=0, chan=983]   Command: kubectl describe pod log-generator -n default | grep -A 5 'Limits:'
2026-07-25 22:02:00,372 - asyncssh - INFO - [conn=0, chan=983] Received exit status 0
2026-07-25 22:02:00,373 - asyncssh - INFO - [conn=0, chan=983] Received channel close
2026-07-25 22:02:00,375 - asyncssh - INFO - [conn=0, chan=983] Channel closed
2026-07-25 22:02:04,463 - asyncssh - INFO - [conn=0, chan=984] Requesting new SSH session
2026-07-25 22:02:04,464 - asyncssh - INFO - [conn=0, chan=984]   Command: kubectl logs my-pod -n default --tail=50
2026-07-25 22:02:04,531 - asyncssh - INFO - [conn=0, chan=984] Received exit status 0
2026-07-25 22:02:04,532 - asyncssh - INFO - [conn=0, chan=984] Received channel close
2026-07-25 22:02:04,532 - asyncssh - INFO - [conn=0, chan=984] Channel closed
2026-07-25 22:02:04,533 - asyncssh - INFO - [conn=0, chan=985] Requesting new SSH session
2026-07-25 22:02:04,533 - asyncssh - INFO - [conn=0, chan=985]   Command: kubectl top pod my-pod -n default --no-headers
2026-07-25 22:02:04,590 - asyncssh - INFO - [conn=0, chan=985] Received exit status 0
2026-07-25 22:02:04,591 - asyncssh - INFO - [conn=0, chan=985] Received channel close
2026-07-25 22:02:04,591 - asyncssh - INFO - [conn=0, chan=985] Channel closed
2026-07-25 22:02:04,591 - asyncssh - INFO - [conn=0, chan=986] Requesting new SSH session
2026-07-25 22:02:04,592 - asyncssh - INFO - [conn=0, chan=986]   Command: kubectl describe pod my-pod -n default | grep -A 5 'Limits:'
2026-07-25 22:02:04,659 - asyncssh - INFO - [conn=0, chan=986] Received exit status 1
2026-07-25 22:02:04,659 - asyncssh - INFO - [conn=0, chan=986] Received channel close
2026-07-25 22:02:04,659 - asyncssh - INFO - [conn=0, chan=986] Channel closed
2026-07-25 22:02:05,377 - asyncssh - INFO - [conn=0, chan=987] Requesting new SSH session
2026-07-25 22:02:05,378 - asyncssh - INFO - [conn=0, chan=987]   Command: kubectl logs log-generator -n default --tail=50
2026-07-25 22:02:05,449 - asyncssh - INFO - [conn=0, chan=987] Received exit status 0
2026-07-25 22:02:05,450 - asyncssh - INFO - [conn=0, chan=987] Received channel close
2026-07-25 22:02:05,450 - asyncssh - INFO - [conn=0, chan=987] Channel closed
2026-07-25 22:02:05,451 - asyncssh - INFO - [conn=0, chan=988] Requesting new SSH session
2026-07-25 22:02:05,452 - asyncssh - INFO - [conn=0, chan=988]   Command: kubectl top pod log-generator -n default --no-headers
2026-07-25 22:02:05,516 - asyncssh - INFO - [conn=0, chan=988] Received exit status 0
2026-07-25 22:02:05,516 - asyncssh - INFO - [conn=0, chan=988] Received channel close
2026-07-25 22:02:05,517 - asyncssh - INFO - [conn=0, chan=988] Channel closed
2026-07-25 22:02:05,517 - asyncssh - INFO - [conn=0, chan=989] Requesting new SSH session
2026-07-25 22:02:05,517 - asyncssh - INFO - [conn=0, chan=989]   Command: kubectl describe pod log-generator -n default | grep -A 5 'Limits:'
2026-07-25 22:02:05,588 - asyncssh - INFO - [conn=0, chan=989] Received exit status 0
2026-07-25 22:02:05,589 - asyncssh - INFO - [conn=0, chan=989] Received channel close
2026-07-25 22:02:05,589 - asyncssh - INFO - [conn=0, chan=989] Channel closed
2026-07-25 22:02:09,661 - asyncssh - INFO - [conn=0, chan=990] Requesting new SSH session
2026-07-25 22:02:09,662 - asyncssh - INFO - [conn=0, chan=990]   Command: kubectl logs my-pod -n default --tail=50
2026-07-25 22:02:09,742 - asyncssh - INFO - [conn=0, chan=990] Received exit status 0
2026-07-25 22:02:09,742 - asyncssh - INFO - [conn=0, chan=990] Received channel close
2026-07-25 22:02:09,744 - asyncssh - INFO - [conn=0, chan=990] Channel closed
2026-07-25 22:02:09,745 - asyncssh - INFO - [conn=0, chan=991] Requesting new SSH session
2026-07-25 22:02:09,746 - asyncssh - INFO - [conn=0, chan=991]   Command: kubectl top pod my-pod -n default --no-headers
2026-07-25 22:02:09,834 - asyncssh - INFO - [conn=0, chan=991] Received exit status 0
2026-07-25 22:02:09,835 - asyncssh - INFO - [conn=0, chan=991] Received channel close
2026-07-25 22:02:09,835 - asyncssh - INFO - [conn=0, chan=991] Channel closed
2026-07-25 22:02:09,836 - asyncssh - INFO - [conn=0, chan=992] Requesting new SSH session
2026-07-25 22:02:09,836 - asyncssh - INFO - [conn=0, chan=992]   Command: kubectl describe pod my-pod -n default | grep -A 5 'Limits:'
2026-07-25 22:02:09,928 - asyncssh - INFO - [conn=0, chan=992] Received exit status 1
2026-07-25 22:02:09,928 - asyncssh - INFO - [conn=0, chan=992] Received channel close
2026-07-25 22:02:09,929 - asyncssh - INFO - [conn=0, chan=992] Channel closed
2026-07-25 22:02:10,591 - asyncssh - INFO - [conn=0, chan=993] Requesting new SSH session
2026-07-25 22:02:10,592 - asyncssh - INFO - [conn=0, chan=993]   Command: kubectl logs log-generator -n default --tail=50
2026-07-25 22:02:10,669 - asyncssh - INFO - [conn=0, chan=993] Received exit status 0
2026-07-25 22:02:10,669 - asyncssh - INFO - [conn=0, chan=993] Received channel close
2026-07-25 22:02:10,670 - asyncssh - INFO - [conn=0, chan=993] Channel closed
2026-07-25 22:02:10,671 - asyncssh - INFO - [conn=0, chan=994] Requesting new SSH session
2026-07-25 22:02:10,672 - asyncssh - INFO - [conn=0, chan=994]   Command: kubectl top pod log-generator -n default --no-headers
2026-07-25 22:02:10,734 - asyncssh - INFO - [conn=0, chan=994] Received exit status 0
2026-07-25 22:02:10,734 - asyncssh - INFO - [conn=0, chan=994] Received channel close
2026-07-25 22:02:10,734 - asyncssh - INFO - [conn=0, chan=994] Channel closed
2026-07-25 22:02:10,735 - asyncssh - INFO - [conn=0, chan=995] Requesting new SSH session
2026-07-25 22:02:10,738 - asyncssh - INFO - [conn=0, chan=995]   Command: kubectl describe pod log-generator -n default | grep -A 5 'Limits:'
2026-07-25 22:02:10,811 - asyncssh - INFO - [conn=0, chan=995] Received exit status 0
2026-07-25 22:02:10,811 - asyncssh - INFO - [conn=0, chan=995] Received channel close
2026-07-25 22:02:10,811 - asyncssh - INFO - [conn=0, chan=995] Channel closed
2026-07-25 22:02:14,931 - asyncssh - INFO - [conn=0, chan=996] Requesting new SSH session
2026-07-25 22:02:14,932 - asyncssh - INFO - [conn=0, chan=996]   Command: kubectl logs my-pod -n default --tail=50
2026-07-25 22:02:15,001 - asyncssh - INFO - [conn=0, chan=996] Received exit status 0
2026-07-25 22:02:15,002 - asyncssh - INFO - [conn=0, chan=996] Received channel close
2026-07-25 22:02:15,002 - asyncssh - INFO - [conn=0, chan=996] Channel closed
2026-07-25 22:02:15,002 - asyncssh - INFO - [conn=0, chan=997] Requesting new SSH session
2026-07-25 22:02:15,003 - asyncssh - INFO - [conn=0, chan=997]   Command: kubectl top pod my-pod -n default --no-headers
2026-07-25 22:02:15,062 - asyncssh - INFO - [conn=0, chan=997] Received exit status 0
2026-07-25 22:02:15,062 - asyncssh - INFO - [conn=0, chan=997] Received channel close
2026-07-25 22:02:15,063 - asyncssh - INFO - [conn=0, chan=997] Channel closed
2026-07-25 22:02:15,063 - asyncssh - INFO - [conn=0, chan=998] Requesting new SSH session
2026-07-25 22:02:15,063 - asyncssh - INFO - [conn=0, chan=998]   Command: kubectl describe pod my-pod -n default | grep -A 5 'Limits:'
2026-07-25 22:02:15,134 - asyncssh - INFO - [conn=0, chan=998] Received exit status 1
2026-07-25 22:02:15,134 - asyncssh - INFO - [conn=0, chan=998] Received channel close
2026-07-25 22:02:15,134 - asyncssh - INFO - [conn=0, chan=998] Channel closed
2026-07-25 22:02:15,813 - asyncssh - INFO - [conn=0, chan=999] Requesting new SSH session
2026-07-25 22:02:15,815 - asyncssh - INFO - [conn=0, chan=999]   Command: kubectl logs log-generator -n default --tail=50
2026-07-25 22:02:15,908 - asyncssh - INFO - [conn=0, chan=999] Received exit status 0
2026-07-25 22:02:15,909 - asyncssh - INFO - [conn=0, chan=999] Received channel close
2026-07-25 22:02:15,912 - asyncssh - INFO - [conn=0, chan=999] Channel closed
2026-07-25 22:02:15,913 - asyncssh - INFO - [conn=0, chan=1000] Requesting new SSH session
2026-07-25 22:02:15,914 - asyncssh - INFO - [conn=0, chan=1000]   Command: kubectl top pod log-generator -n default --no-headers
2026-07-25 22:02:15,993 - asyncssh - INFO - [conn=0, chan=1000] Received exit status 0
2026-07-25 22:02:15,994 - asyncssh - INFO - [conn=0, chan=1000] Received channel close
2026-07-25 22:02:15,994 - asyncssh - INFO - [conn=0, chan=1000] Channel closed
2026-07-25 22:02:15,994 - asyncssh - INFO - [conn=0, chan=1001] Requesting new SSH session
2026-07-25 22:02:15,997 - asyncssh - INFO - [conn=0, chan=1001]   Command: kubectl describe pod log-generator -n default | grep -A 5 'Limits:'
2026-07-25 22:02:16,071 - asyncssh - INFO - [conn=0, chan=1001] Received exit status 0
2026-07-25 22:02:16,072 - asyncssh - INFO - [conn=0, chan=1001] Received channel close
2026-07-25 22:02:16,072 - asyncssh - INFO - [conn=0, chan=1001] Channel closed
2026-07-25 22:02:20,135 - asyncssh - INFO - [conn=0, chan=1002] Requesting new SSH session
2026-07-25 22:02:20,136 - asyncssh - INFO - [conn=0, chan=1002]   Command: kubectl logs my-pod -n default --tail=50
2026-07-25 22:02:20,203 - asyncssh - INFO - [conn=0, chan=1002] Received exit status 0
2026-07-25 22:02:20,203 - asyncssh - INFO - [conn=0, chan=1002] Received channel close
2026-07-25 22:02:20,204 - asyncssh - INFO - [conn=0, chan=1002] Channel closed
2026-07-25 22:02:20,204 - asyncssh - INFO - [conn=0, chan=1003] Requesting new SSH session
2026-07-25 22:02:20,205 - asyncssh - INFO - [conn=0, chan=1003]   Command: kubectl top pod my-pod -n default --no-headers
2026-07-25 22:02:20,268 - asyncssh - INFO - [conn=0, chan=1003] Received exit status 0
2026-07-25 22:02:20,269 - asyncssh - INFO - [conn=0, chan=1003] Received channel close
2026-07-25 22:02:20,269 - asyncssh - INFO - [conn=0, chan=1003] Channel closed
2026-07-25 22:02:20,269 - asyncssh - INFO - [conn=0, chan=1004] Requesting new SSH session
2026-07-25 22:02:20,270 - asyncssh - INFO - [conn=0, chan=1004]   Command: kubectl describe pod my-pod -n default | grep -A 5 'Limits:'
2026-07-25 22:02:20,339 - asyncssh - INFO - [conn=0, chan=1004] Received exit status 1
2026-07-25 22:02:20,339 - asyncssh - INFO - [conn=0, chan=1004] Received channel close
2026-07-25 22:02:20,340 - asyncssh - INFO - [conn=0, chan=1004] Channel closed
2026-07-25 22:02:21,074 - asyncssh - INFO - [conn=0, chan=1005] Requesting new SSH session
2026-07-25 22:02:21,075 - asyncssh - INFO - [conn=0, chan=1005]   Command: kubectl logs log-generator -n default --tail=50
2026-07-25 22:02:21,145 - asyncssh - INFO - [conn=0, chan=1005] Received exit status 0
2026-07-25 22:02:21,145 - asyncssh - INFO - [conn=0, chan=1005] Received channel close
2026-07-25 22:02:21,146 - asyncssh - INFO - [conn=0, chan=1005] Channel closed
2026-07-25 22:02:21,146 - asyncssh - INFO - [conn=0, chan=1006] Requesting new SSH session
2026-07-25 22:02:21,147 - asyncssh - INFO - [conn=0, chan=1006]   Command: kubectl top pod log-generator -n default --no-headers
2026-07-25 22:02:21,204 - asyncssh - INFO - [conn=0, chan=1006] Received exit status 0
2026-07-25 22:02:21,205 - asyncssh - INFO - [conn=0, chan=1006] Received channel close
2026-07-25 22:02:21,205 - asyncssh - INFO - [conn=0, chan=1006] Channel closed
2026-07-25 22:02:21,205 - asyncssh - INFO - [conn=0, chan=1007] Requesting new SSH session
2026-07-25 22:02:21,206 - asyncssh - INFO - [conn=0, chan=1007]   Command: kubectl describe pod log-generator -n default | grep -A 5 'Limits:'
2026-07-25 22:02:21,284 - asyncssh - INFO - [conn=0, chan=1007] Received exit status 0
2026-07-25 22:02:21,284 - asyncssh - INFO - [conn=0, chan=1007] Received channel close
2026-07-25 22:02:21,285 - asyncssh - INFO - [conn=0, chan=1007] Channel closed
2026-07-25 22:02:38,706 - pod_monitor.main - INFO - Starting Pod Monitor with 1 pods (mode=ssh)
2026-07-25 22:02:38,707 - pod_monitor.main - INFO - AI Analysis: Enabled
2026-07-25 22:02:38,707 - pod_monitor.main - INFO - AI Provider: mock
2026-07-25 22:02:38,820 - pod_monitor.ssh_client - INFO - Connected to 192.168.49.2
2026-07-25 22:02:38,941 - pod_monitor.monitor - INFO - Discovered 5 pods in namespace default via SSH
2026-07-25 22:02:39,018 - pod_monitor.ssh_client - INFO - Connected to 192.168.49.2
2026-07-25 22:02:39,019 - pod_monitor.monitor - INFO - SSH: monitoring pod default/log-generator via 192.168.49.2
2026-07-25 22:02:39,019 - pod_monitor.monitor - INFO - SSH: monitoring pod default/my-pod via 192.168.49.2
2026-07-25 22:02:39,019 - pod_monitor.monitor - INFO - SSH: monitoring pod default/test-one-85d78b6db-fkmzs via 192.168.49.2
2026-07-25 22:02:39,019 - pod_monitor.monitor - INFO - SSH: monitoring pod default/test-one-85d78b6db-gsfr4 via 192.168.49.2
2026-07-25 22:02:39,019 - pod_monitor.monitor - INFO - SSH: monitoring pod default/test-one-85d78b6db-prbcd via 192.168.49.2
2026-07-25 22:02:39,019 - pod_monitor.monitor - INFO - Monitoring 5 pods (mode=ssh)
2026-07-25 22:02:39,338 - pod_monitor.ssh_client - WARNING - SSH command failed (1): kubectl describe pod test-one-85d78b6db-gsfr4 -n default | grep -A 5 'Limits:'
2026-07-25 22:02:39,339 - pod_monitor.ssh_client - WARNING - SSH command failed (1): kubectl describe pod my-pod -n default | grep -A 5 'Limits:'
2026-07-25 22:02:39,350 - pod_monitor.ssh_client - WARNING - SSH command failed (1): kubectl describe pod test-one-85d78b6db-prbcd -n default | grep -A 5 'Limits:'
2026-07-25 22:02:39,350 - pod_monitor.ssh_client - WARNING - SSH command failed (1): kubectl describe pod test-one-85d78b6db-fkmzs -n default | grep -A 5 'Limits:'
2026-07-25 22:02:44,581 - pod_monitor.ssh_client - WARNING - SSH command failed (1): kubectl describe pod test-one-85d78b6db-gsfr4 -n default | grep -A 5 'Limits:'
2026-07-25 22:02:44,590 - pod_monitor.ssh_client - WARNING - SSH command failed (1): kubectl describe pod my-pod -n default | grep -A 5 'Limits:'
2026-07-25 22:02:44,595 - pod_monitor.ssh_client - WARNING - SSH command failed (1): kubectl describe pod test-one-85d78b6db-prbcd -n default | grep -A 5 'Limits:'
2026-07-25 22:02:44,597 - pod_monitor.ssh_client - WARNING - SSH command failed (1): kubectl describe pod test-one-85d78b6db-fkmzs -n default | grep -A 5 'Limits:'
2026-07-25 22:02:49,845 - pod_monitor.ssh_client - WARNING - SSH command failed (1): kubectl describe pod my-pod -n default | grep -A 5 'Limits:'
2026-07-25 22:02:49,856 - pod_monitor.ssh_client - WARNING - SSH command failed (1): kubectl describe pod test-one-85d78b6db-prbcd -n default | grep -A 5 'Limits:'
2026-07-25 22:02:49,877 - pod_monitor.ssh_client - WARNING - SSH command failed (1): kubectl describe pod test-one-85d78b6db-gsfr4 -n default | grep -A 5 'Limits:'
2026-07-25 22:02:49,882 - pod_monitor.ssh_client - WARNING - SSH command failed (1): kubectl describe pod test-one-85d78b6db-fkmzs -n default | grep -A 5 'Limits:'
2026-07-25 22:02:55,090 - pod_monitor.ssh_client - WARNING - SSH command failed (1): kubectl describe pod my-pod -n default | grep -A 5 'Limits:'
2026-07-25 22:02:55,110 - pod_monitor.ssh_client - WARNING - SSH command failed (1): kubectl describe pod test-one-85d78b6db-prbcd -n default | grep -A 5 'Limits:'
2026-07-25 22:02:55,126 - pod_monitor.ssh_client - WARNING - SSH command failed (1): kubectl describe pod test-one-85d78b6db-gsfr4 -n default | grep -A 5 'Limits:'
2026-07-25 22:02:55,137 - pod_monitor.ssh_client - WARNING - SSH command failed (1): kubectl describe pod test-one-85d78b6db-fkmzs -n default | grep -A 5 'Limits:'
2026-07-25 22:03:00,323 - pod_monitor.ssh_client - WARNING - SSH command failed (1): kubectl describe pod my-pod -n default | grep -A 5 'Limits:'
2026-07-25 22:03:00,342 - pod_monitor.ssh_client - WARNING - SSH command failed (1): kubectl describe pod test-one-85d78b6db-prbcd -n default | grep -A 5 'Limits:'
2026-07-25 22:03:00,367 - pod_monitor.ssh_client - WARNING - SSH command failed (1): kubectl describe pod test-one-85d78b6db-gsfr4 -n default | grep -A 5 'Limits:'
2026-07-25 22:03:00,373 - pod_monitor.ssh_client - WARNING - SSH command failed (1): kubectl describe pod test-one-85d78b6db-fkmzs -n default | grep -A 5 'Limits:'
2026-07-25 22:03:05,549 - pod_monitor.ssh_client - WARNING - SSH command failed (1): kubectl describe pod my-pod -n default | grep -A 5 'Limits:'
2026-07-25 22:03:05,583 - pod_monitor.ssh_client - WARNING - SSH command failed (1): kubectl describe pod test-one-85d78b6db-prbcd -n default | grep -A 5 'Limits:'
2026-07-25 22:03:05,600 - pod_monitor.ssh_client - WARNING - SSH command failed (1): kubectl describe pod test-one-85d78b6db-gsfr4 -n default | grep -A 5 'Limits:'
2026-07-25 22:03:05,602 - pod_monitor.ssh_client - WARNING - SSH command failed (1): kubectl describe pod test-one-85d78b6db-fkmzs -n default | grep -A 5 'Limits:'
2026-07-25 22:03:07,693 - pod_monitor.main - INFO - Starting Pod Monitor with 1 pods (mode=ssh)
2026-07-25 22:03:07,693 - pod_monitor.main - INFO - AI Analysis: Enabled
2026-07-25 22:03:07,693 - pod_monitor.main - INFO - AI Provider: mock
2026-07-25 22:03:07,781 - pod_monitor.ssh_client - INFO - Connected to 192.168.49.2
2026-07-25 22:03:07,890 - pod_monitor.monitor - INFO - Discovered 5 pods in namespace default via SSH
2026-07-25 22:03:07,968 - pod_monitor.ssh_client - INFO - Connected to 192.168.49.2
2026-07-25 22:03:07,968 - pod_monitor.monitor - INFO - SSH: monitoring pod default/log-generator via 192.168.49.2
2026-07-25 22:03:07,968 - pod_monitor.monitor - INFO - SSH: monitoring pod default/my-pod via 192.168.49.2
2026-07-25 22:03:07,968 - pod_monitor.monitor - INFO - SSH: monitoring pod default/test-one-85d78b6db-fkmzs via 192.168.49.2
2026-07-25 22:03:07,968 - pod_monitor.monitor - INFO - SSH: monitoring pod default/test-one-85d78b6db-gsfr4 via 192.168.49.2
2026-07-25 22:03:07,968 - pod_monitor.monitor - INFO - SSH: monitoring pod default/test-one-85d78b6db-prbcd via 192.168.49.2
2026-07-25 22:03:07,968 - pod_monitor.monitor - INFO - Monitoring 5 pods (mode=ssh)
2026-07-25 22:03:08,301 - pod_monitor.ssh_client - WARNING - SSH command failed (1): kubectl describe pod my-pod -n default | grep -A 5 'Limits:'
2026-07-25 22:03:08,305 - pod_monitor.ssh_client - WARNING - SSH command failed (1): kubectl describe pod test-one-85d78b6db-fkmzs -n default | grep -A 5 'Limits:'
2026-07-25 22:03:08,306 - pod_monitor.ssh_client - WARNING - SSH command failed (1): kubectl describe pod test-one-85d78b6db-gsfr4 -n default | grep -A 5 'Limits:'
2026-07-25 22:03:08,307 - pod_monitor.ssh_client - WARNING - SSH command failed (1): kubectl describe pod test-one-85d78b6db-prbcd -n default | grep -A 5 'Limits:'
2026-07-25 22:03:10,774 - pod_monitor.ssh_client - WARNING - SSH command failed (1): kubectl describe pod my-pod -n default | grep -A 5 'Limits:'
2026-07-25 22:03:10,817 - pod_monitor.ssh_client - WARNING - SSH command failed (1): kubectl describe pod test-one-85d78b6db-prbcd -n default | grep -A 5 'Limits:'
2026-07-25 22:03:10,821 - pod_monitor.ssh_client - WARNING - SSH command failed (1): kubectl describe pod test-one-85d78b6db-gsfr4 -n default | grep -A 5 'Limits:'
2026-07-25 22:03:10,831 - pod_monitor.ssh_client - WARNING - SSH command failed (1): kubectl describe pod test-one-85d78b6db-fkmzs -n default | grep -A 5 'Limits:'
2026-07-25 22:03:13,540 - pod_monitor.ssh_client - WARNING - SSH command failed (1): kubectl describe pod test-one-85d78b6db-gsfr4 -n default | grep -A 5 'Limits:'
2026-07-25 22:03:13,540 - pod_monitor.ssh_client - WARNING - SSH command failed (1): kubectl describe pod my-pod -n default | grep -A 5 'Limits:'
2026-07-25 22:03:13,549 - pod_monitor.ssh_client - WARNING - SSH command failed (1): kubectl describe pod test-one-85d78b6db-fkmzs -n default | grep -A 5 'Limits:'
2026-07-25 22:03:13,549 - pod_monitor.ssh_client - WARNING - SSH command failed (1): kubectl describe pod test-one-85d78b6db-prbcd -n default | grep -A 5 'Limits:'
2026-07-25 22:03:16,002 - pod_monitor.ssh_client - WARNING - SSH command failed (1): kubectl describe pod my-pod -n default | grep -A 5 'Limits:'
2026-07-25 22:03:16,062 - pod_monitor.ssh_client - WARNING - SSH command failed (1): kubectl describe pod test-one-85d78b6db-prbcd -n default | grep -A 5 'Limits:'
2026-07-25 22:03:16,067 - pod_monitor.ssh_client - WARNING - SSH command failed (1): kubectl describe pod test-one-85d78b6db-gsfr4 -n default | grep -A 5 'Limits:'
2026-07-25 22:03:16,076 - pod_monitor.ssh_client - WARNING - SSH command failed (1): kubectl describe pod test-one-85d78b6db-fkmzs -n default | grep -A 5 'Limits:'
2026-07-25 22:03:18,771 - pod_monitor.ssh_client - WARNING - SSH command failed (1): kubectl describe pod my-pod -n default | grep -A 5 'Limits:'
2026-07-25 22:03:18,782 - pod_monitor.ssh_client - WARNING - SSH command failed (1): kubectl describe pod test-one-85d78b6db-gsfr4 -n default | grep -A 5 'Limits:'
2026-07-25 22:03:18,782 - pod_monitor.ssh_client - WARNING - SSH command failed (1): kubectl describe pod test-one-85d78b6db-prbcd -n default | grep -A 5 'Limits:'
2026-07-25 22:03:18,788 - pod_monitor.ssh_client - WARNING - SSH command failed (1): kubectl describe pod test-one-85d78b6db-fkmzs -n default | grep -A 5 'Limits:'
2026-07-25 22:03:21,211 - pod_monitor.ssh_client - WARNING - SSH command failed (1): kubectl describe pod my-pod -n default | grep -A 5 'Limits:'
2026-07-25 22:03:21,322 - pod_monitor.ssh_client - WARNING - SSH command failed (1): kubectl describe pod test-one-85d78b6db-prbcd -n default | grep -A 5 'Limits:'
2026-07-25 22:03:21,322 - pod_monitor.ssh_client - WARNING - SSH command failed (1): kubectl describe pod test-one-85d78b6db-gsfr4 -n default | grep -A 5 'Limits:'
2026-07-25 22:03:21,324 - pod_monitor.ssh_client - WARNING - SSH command failed (1): kubectl describe pod test-one-85d78b6db-fkmzs -n default | grep -A 5 'Limits:'
2026-07-25 22:03:24,200 - pod_monitor.ssh_client - WARNING - SSH command failed (1): kubectl describe pod my-pod -n default | grep -A 5 'Limits:'
2026-07-25 22:03:24,226 - pod_monitor.ssh_client - WARNING - SSH command failed (1): kubectl describe pod test-one-85d78b6db-prbcd -n default | grep -A 5 'Limits:'
2026-07-25 22:03:24,234 - pod_monitor.ssh_client - WARNING - SSH command failed (1): kubectl describe pod test-one-85d78b6db-gsfr4 -n default | grep -A 5 'Limits:'
2026-07-25 22:03:24,243 - pod_monitor.ssh_client - WARNING - SSH command failed (1): kubectl describe pod test-one-85d78b6db-fkmzs -n default | grep -A 5 'Limits:'
2026-07-25 22:03:26,444 - pod_monitor.ssh_client - WARNING - SSH command failed (1): kubectl describe pod my-pod -n default | grep -A 5 'Limits:'
2026-07-25 22:03:26,561 - pod_monitor.ssh_client - WARNING - SSH command failed (1): kubectl describe pod test-one-85d78b6db-prbcd -n default | grep -A 5 'Limits:'
2026-07-25 22:03:26,564 - pod_monitor.ssh_client - WARNING - SSH command failed (1): kubectl describe pod test-one-85d78b6db-gsfr4 -n default | grep -A 5 'Limits:'
2026-07-25 22:03:26,565 - pod_monitor.ssh_client - WARNING - SSH command failed (1): kubectl describe pod test-one-85d78b6db-fkmzs -n default | grep -A 5 'Limits:'
2026-07-25 22:03:29,442 - pod_monitor.ssh_client - WARNING - SSH command failed (1): kubectl describe pod my-pod -n default | grep -A 5 'Limits:'
2026-07-25 22:03:29,468 - pod_monitor.ssh_client - WARNING - SSH command failed (1): kubectl describe pod test-one-85d78b6db-prbcd -n default | grep -A 5 'Limits:'
2026-07-25 22:03:29,480 - pod_monitor.ssh_client - WARNING - SSH command failed (1): kubectl describe pod test-one-85d78b6db-gsfr4 -n default | grep -A 5 'Limits:'
2026-07-25 22:03:29,490 - pod_monitor.ssh_client - WARNING - SSH command failed (1): kubectl describe pod test-one-85d78b6db-fkmzs -n default | grep -A 5 'Limits:'
2026-07-25 22:03:31,693 - pod_monitor.ssh_client - WARNING - SSH command failed (1): kubectl describe pod my-pod -n default | grep -A 5 'Limits:'
2026-07-25 22:03:31,862 - pod_monitor.ssh_client - WARNING - SSH command failed (1): kubectl describe pod test-one-85d78b6db-prbcd -n default | grep -A 5 'Limits:'
2026-07-25 22:03:31,862 - pod_monitor.ssh_client - WARNING - SSH command failed (1): kubectl describe pod test-one-85d78b6db-fkmzs -n default | grep -A 5 'Limits:'
2026-07-25 22:03:31,874 - pod_monitor.ssh_client - WARNING - SSH command failed (1): kubectl describe pod test-one-85d78b6db-gsfr4 -n default | grep -A 5 'Limits:'
2026-07-25 22:03:34,668 - pod_monitor.ssh_client - WARNING - SSH command failed (1): kubectl describe pod my-pod -n default | grep -A 5 'Limits:'
2026-07-25 22:03:34,697 - pod_monitor.ssh_client - WARNING - SSH command failed (1): kubectl describe pod test-one-85d78b6db-prbcd -n default | grep -A 5 'Limits:'
2026-07-25 22:03:34,713 - pod_monitor.ssh_client - WARNING - SSH command failed (1): kubectl describe pod test-one-85d78b6db-gsfr4 -n default | grep -A 5 'Limits:'
2026-07-25 22:03:34,719 - pod_monitor.ssh_client - WARNING - SSH command failed (1): kubectl describe pod test-one-85d78b6db-fkmzs -n default | grep -A 5 'Limits:'
2026-07-25 22:03:36,864 - pod_monitor.ssh_client - WARNING - SSH command failed (1): kubectl describe pod my-pod -n default | grep -A 5 'Limits:'
2026-07-25 22:03:37,078 - pod_monitor.ssh_client - WARNING - SSH command failed (1): kubectl describe pod test-one-85d78b6db-fkmzs -n default | grep -A 5 'Limits:'
2026-07-25 22:03:37,085 - pod_monitor.ssh_client - WARNING - SSH command failed (1): kubectl describe pod test-one-85d78b6db-prbcd -n default | grep -A 5 'Limits:'
2026-07-25 22:03:37,086 - pod_monitor.ssh_client - WARNING - SSH command failed (1): kubectl describe pod test-one-85d78b6db-gsfr4 -n default | grep -A 5 'Limits:'
2026-07-25 22:03:39,903 - pod_monitor.ssh_client - WARNING - SSH command failed (1): kubectl describe pod my-pod -n default | grep -A 5 'Limits:'
2026-07-25 22:03:39,937 - pod_monitor.ssh_client - WARNING - SSH command failed (1): kubectl describe pod test-one-85d78b6db-prbcd -n default | grep -A 5 'Limits:'
2026-07-25 22:03:39,955 - pod_monitor.ssh_client - WARNING - SSH command failed (1): kubectl describe pod test-one-85d78b6db-gsfr4 -n default | grep -A 5 'Limits:'
2026-07-25 22:03:39,955 - pod_monitor.ssh_client - WARNING - SSH command failed (1): kubectl describe pod test-one-85d78b6db-fkmzs -n default | grep -A 5 'Limits:'
2026-07-25 22:03:42,041 - pod_monitor.ssh_client - WARNING - SSH command failed (1): kubectl describe pod my-pod -n default | grep -A 5 'Limits:'
2026-07-25 22:03:42,307 - pod_monitor.ssh_client - WARNING - SSH command failed (1): kubectl describe pod test-one-85d78b6db-gsfr4 -n default | grep -A 5 'Limits:'
2026-07-25 22:03:42,308 - pod_monitor.ssh_client - WARNING - SSH command failed (1): kubectl describe pod test-one-85d78b6db-fkmzs -n default | grep -A 5 'Limits:'
2026-07-25 22:03:42,321 - pod_monitor.ssh_client - WARNING - SSH command failed (1): kubectl describe pod test-one-85d78b6db-prbcd -n default | grep -A 5 'Limits:'
2026-07-25 22:03:45,117 - pod_monitor.ssh_client - WARNING - SSH command failed (1): kubectl describe pod my-pod -n default | grep -A 5 'Limits:'
2026-07-25 22:03:45,169 - pod_monitor.ssh_client - WARNING - SSH command failed (1): kubectl describe pod test-one-85d78b6db-prbcd -n default | grep -A 5 'Limits:'
2026-07-25 22:03:45,186 - pod_monitor.ssh_client - WARNING - SSH command failed (1): kubectl describe pod test-one-85d78b6db-fkmzs -n default | grep -A 5 'Limits:'
2026-07-25 22:03:45,193 - pod_monitor.ssh_client - WARNING - SSH command failed (1): kubectl describe pod test-one-85d78b6db-gsfr4 -n default | grep -A 5 'Limits:'
2026-07-25 22:03:47,229 - pod_monitor.ssh_client - WARNING - SSH command failed (1): kubectl describe pod my-pod -n default | grep -A 5 'Limits:'
2026-07-25 22:03:47,519 - pod_monitor.ssh_client - WARNING - SSH command failed (1): kubectl describe pod test-one-85d78b6db-fkmzs -n default | grep -A 5 'Limits:'
2026-07-25 22:03:47,519 - pod_monitor.ssh_client - WARNING - SSH command failed (1): kubectl describe pod test-one-85d78b6db-gsfr4 -n default | grep -A 5 'Limits:'
2026-07-25 22:03:47,533 - pod_monitor.ssh_client - WARNING - SSH command failed (1): kubectl describe pod test-one-85d78b6db-prbcd -n default | grep -A 5 'Limits:'
2026-07-25 22:03:50,366 - pod_monitor.ssh_client - WARNING - SSH command failed (1): kubectl describe pod my-pod -n default | grep -A 5 'Limits:'
2026-07-25 22:03:50,404 - pod_monitor.ssh_client - WARNING - SSH command failed (1): kubectl describe pod test-one-85d78b6db-prbcd -n default | grep -A 5 'Limits:'
2026-07-25 22:03:50,421 - pod_monitor.ssh_client - WARNING - SSH command failed (1): kubectl describe pod test-one-85d78b6db-gsfr4 -n default | grep -A 5 'Limits:'
2026-07-25 22:03:50,426 - pod_monitor.ssh_client - WARNING - SSH command failed (1): kubectl describe pod test-one-85d78b6db-fkmzs -n default | grep -A 5 'Limits:'
2026-07-25 22:03:52,405 - pod_monitor.ssh_client - WARNING - SSH command failed (1): kubectl describe pod my-pod -n default | grep -A 5 'Limits:'
2026-07-25 22:03:52,735 - pod_monitor.ssh_client - WARNING - SSH command failed (1): kubectl describe pod test-one-85d78b6db-gsfr4 -n default | grep -A 5 'Limits:'
2026-07-25 22:03:52,740 - pod_monitor.ssh_client - WARNING - SSH command failed (1): kubectl describe pod test-one-85d78b6db-fkmzs -n default | grep -A 5 'Limits:'
2026-07-25 22:03:52,743 - pod_monitor.ssh_client - WARNING - SSH command failed (1): kubectl describe pod test-one-85d78b6db-prbcd -n default | grep -A 5 'Limits:'
2026-07-25 22:03:55,590 - pod_monitor.ssh_client - WARNING - SSH command failed (1): kubectl describe pod my-pod -n default | grep -A 5 'Limits:'
2026-07-25 22:03:55,635 - pod_monitor.ssh_client - WARNING - SSH command failed (1): kubectl describe pod test-one-85d78b6db-prbcd -n default | grep -A 5 'Limits:'
2026-07-25 22:03:55,648 - pod_monitor.ssh_client - WARNING - SSH command failed (1): kubectl describe pod test-one-85d78b6db-gsfr4 -n default | grep -A 5 'Limits:'
2026-07-25 22:03:55,656 - pod_monitor.ssh_client - WARNING - SSH command failed (1): kubectl describe pod test-one-85d78b6db-fkmzs -n default | grep -A 5 'Limits:'
2026-07-25 22:03:57,578 - pod_monitor.ssh_client - WARNING - SSH command failed (1): kubectl describe pod my-pod -n default | grep -A 5 'Limits:'
2026-07-25 22:03:57,954 - pod_monitor.ssh_client - WARNING - SSH command failed (1): kubectl describe pod test-one-85d78b6db-gsfr4 -n default | grep -A 5 'Limits:'
2026-07-25 22:03:57,960 - pod_monitor.ssh_client - WARNING - SSH command failed (1): kubectl describe pod test-one-85d78b6db-fkmzs -n default | grep -A 5 'Limits:'
2026-07-25 22:03:57,973 - pod_monitor.ssh_client - WARNING - SSH command failed (1): kubectl describe pod test-one-85d78b6db-prbcd -n default | grep -A 5 'Limits:'
2026-07-25 22:04:00,813 - pod_monitor.ssh_client - WARNING - SSH command failed (1): kubectl describe pod my-pod -n default | grep -A 5 'Limits:'
2026-07-25 22:04:00,866 - pod_monitor.ssh_client - WARNING - SSH command failed (1): kubectl describe pod test-one-85d78b6db-prbcd -n default | grep -A 5 'Limits:'
2026-07-25 22:04:00,878 - pod_monitor.ssh_client - WARNING - SSH command failed (1): kubectl describe pod test-one-85d78b6db-gsfr4 -n default | grep -A 5 'Limits:'
2026-07-25 22:04:00,882 - pod_monitor.ssh_client - WARNING - SSH command failed (1): kubectl describe pod test-one-85d78b6db-fkmzs -n default | grep -A 5 'Limits:'
2026-07-25 22:04:02,756 - pod_monitor.ssh_client - WARNING - SSH command failed (1): kubectl describe pod my-pod -n default | grep -A 5 'Limits:'
2026-07-25 22:04:03,184 - pod_monitor.ssh_client - WARNING - SSH command failed (1): kubectl describe pod test-one-85d78b6db-fkmzs -n default | grep -A 5 'Limits:'
2026-07-25 22:04:03,184 - pod_monitor.ssh_client - WARNING - SSH command failed (1): kubectl describe pod test-one-85d78b6db-gsfr4 -n default | grep -A 5 'Limits:'
2026-07-25 22:04:03,194 - pod_monitor.ssh_client - WARNING - SSH command failed (1): kubectl describe pod test-one-85d78b6db-prbcd -n default | grep -A 5 'Limits:'
2026-07-25 22:04:06,029 - pod_monitor.ssh_client - WARNING - SSH command failed (1): kubectl describe pod my-pod -n default | grep -A 5 'Limits:'
2026-07-25 22:04:06,093 - pod_monitor.ssh_client - WARNING - SSH command failed (1): kubectl describe pod test-one-85d78b6db-prbcd -n default | grep -A 5 'Limits:'
2026-07-25 22:04:06,099 - pod_monitor.ssh_client - WARNING - SSH command failed (1): kubectl describe pod test-one-85d78b6db-fkmzs -n default | grep -A 5 'Limits:'
2026-07-25 22:04:06,102 - pod_monitor.ssh_client - WARNING - SSH command failed (1): kubectl describe pod test-one-85d78b6db-gsfr4 -n default | grep -A 5 'Limits:'
2026-07-25 22:04:07,928 - pod_monitor.ssh_client - WARNING - SSH command failed (1): kubectl describe pod my-pod -n default | grep -A 5 'Limits:'
2026-07-25 22:04:08,394 - pod_monitor.ssh_client - WARNING - SSH command failed (1): kubectl describe pod test-one-85d78b6db-fkmzs -n default | grep -A 5 'Limits:'
2026-07-25 22:04:08,394 - pod_monitor.ssh_client - WARNING - SSH command failed (1): kubectl describe pod test-one-85d78b6db-gsfr4 -n default | grep -A 5 'Limits:'
2026-07-25 22:04:08,399 - pod_monitor.ssh_client - WARNING - SSH command failed (1): kubectl describe pod test-one-85d78b6db-prbcd -n default | grep -A 5 'Limits:'
2026-07-25 22:04:11,240 - pod_monitor.ssh_client - WARNING - SSH command failed (1): kubectl describe pod my-pod -n default | grep -A 5 'Limits:'
2026-07-25 22:04:11,320 - pod_monitor.ssh_client - WARNING - SSH command failed (1): kubectl describe pod test-one-85d78b6db-prbcd -n default | grep -A 5 'Limits:'
2026-07-25 22:04:11,336 - pod_monitor.ssh_client - WARNING - SSH command failed (1): kubectl describe pod test-one-85d78b6db-fkmzs -n default | grep -A 5 'Limits:'
2026-07-25 22:04:11,338 - pod_monitor.ssh_client - WARNING - SSH command failed (1): kubectl describe pod test-one-85d78b6db-gsfr4 -n default | grep -A 5 'Limits:'
2026-07-25 22:04:13,110 - pod_monitor.ssh_client - WARNING - SSH command failed (1): kubectl describe pod my-pod -n default | grep -A 5 'Limits:'
2026-07-25 22:04:13,619 - pod_monitor.ssh_client - WARNING - SSH command failed (1): kubectl describe pod test-one-85d78b6db-fkmzs -n default | grep -A 5 'Limits:'
2026-07-25 22:04:13,619 - pod_monitor.ssh_client - WARNING - SSH command failed (1): kubectl describe pod test-one-85d78b6db-gsfr4 -n default | grep -A 5 'Limits:'
2026-07-25 22:04:13,619 - pod_monitor.ssh_client - WARNING - SSH command failed (1): kubectl describe pod test-one-85d78b6db-prbcd -n default | grep -A 5 'Limits:'
2026-07-25 22:04:16,446 - pod_monitor.ssh_client - WARNING - SSH command failed (1): kubectl describe pod my-pod -n default | grep -A 5 'Limits:'
2026-07-25 22:04:16,531 - pod_monitor.ssh_client - WARNING - SSH command failed (1): kubectl describe pod test-one-85d78b6db-prbcd -n default | grep -A 5 'Limits:'
2026-07-25 22:04:16,554 - pod_monitor.ssh_client - WARNING - SSH command failed (1): kubectl describe pod test-one-85d78b6db-fkmzs -n default | grep -A 5 'Limits:'
2026-07-25 22:04:16,557 - pod_monitor.ssh_client - WARNING - SSH command failed (1): kubectl describe pod test-one-85d78b6db-gsfr4 -n default | grep -A 5 'Limits:'
2026-07-25 22:04:18,286 - pod_monitor.ssh_client - WARNING - SSH command failed (1): kubectl describe pod my-pod -n default | grep -A 5 'Limits:'
2026-07-25 22:04:18,827 - pod_monitor.ssh_client - WARNING - SSH command failed (1): kubectl describe pod test-one-85d78b6db-prbcd -n default | grep -A 5 'Limits:'
2026-07-25 22:04:18,832 - pod_monitor.ssh_client - WARNING - SSH command failed (1): kubectl describe pod test-one-85d78b6db-gsfr4 -n default | grep -A 5 'Limits:'
2026-07-25 22:04:18,833 - pod_monitor.ssh_client - WARNING - SSH command failed (1): kubectl describe pod test-one-85d78b6db-fkmzs -n default | grep -A 5 'Limits:'
2026-07-25 22:04:21,668 - pod_monitor.ssh_client - WARNING - SSH command failed (1): kubectl describe pod my-pod -n default | grep -A 5 'Limits:'
2026-07-25 22:04:21,769 - pod_monitor.ssh_client - WARNING - SSH command failed (1): kubectl describe pod test-one-85d78b6db-prbcd -n default | grep -A 5 'Limits:'
2026-07-25 22:04:21,790 - pod_monitor.ssh_client - WARNING - SSH command failed (1): kubectl describe pod test-one-85d78b6db-fkmzs -n default | grep -A 5 'Limits:'
2026-07-25 22:04:21,792 - pod_monitor.ssh_client - WARNING - SSH command failed (1): kubectl describe pod test-one-85d78b6db-gsfr4 -n default | grep -A 5 'Limits:'
2026-07-25 22:04:23,476 - pod_monitor.ssh_client - WARNING - SSH command failed (1): kubectl describe pod my-pod -n default | grep -A 5 'Limits:'
2026-07-25 22:04:24,056 - pod_monitor.ssh_client - WARNING - SSH command failed (1): kubectl describe pod test-one-85d78b6db-gsfr4 -n default | grep -A 5 'Limits:'
2026-07-25 22:04:24,058 - pod_monitor.ssh_client - WARNING - SSH command failed (1): kubectl describe pod test-one-85d78b6db-fkmzs -n default | grep -A 5 'Limits:'
2026-07-25 22:04:24,061 - pod_monitor.ssh_client - WARNING - SSH command failed (1): kubectl describe pod test-one-85d78b6db-prbcd -n default | grep -A 5 'Limits:'
2026-07-25 22:04:26,865 - pod_monitor.ssh_client - WARNING - SSH command failed (1): kubectl describe pod my-pod -n default | grep -A 5 'Limits:'
2026-07-25 22:04:27,016 - pod_monitor.ssh_client - WARNING - SSH command failed (1): kubectl describe pod test-one-85d78b6db-fkmzs -n default | grep -A 5 'Limits:'
2026-07-25 22:04:27,019 - pod_monitor.ssh_client - WARNING - SSH command failed (1): kubectl describe pod test-one-85d78b6db-prbcd -n default | grep -A 5 'Limits:'
2026-07-25 22:04:27,029 - pod_monitor.ssh_client - WARNING - SSH command failed (1): kubectl describe pod test-one-85d78b6db-gsfr4 -n default | grep -A 5 'Limits:'
2026-07-25 22:04:28,653 - pod_monitor.ssh_client - WARNING - SSH command failed (1): kubectl describe pod my-pod -n default | grep -A 5 'Limits:'
2026-07-25 22:04:29,381 - pod_monitor.ssh_client - WARNING - SSH command failed (1): kubectl describe pod test-one-85d78b6db-prbcd -n default | grep -A 5 'Limits:'
2026-07-25 22:04:29,394 - pod_monitor.ssh_client - WARNING - SSH command failed (1): kubectl describe pod test-one-85d78b6db-gsfr4 -n default | grep -A 5 'Limits:'
2026-07-25 22:04:29,395 - pod_monitor.ssh_client - WARNING - SSH command failed (1): kubectl describe pod test-one-85d78b6db-fkmzs -n default | grep -A 5 'Limits:'
2026-07-25 22:04:32,086 - pod_monitor.ssh_client - WARNING - SSH command failed (1): kubectl describe pod my-pod -n default | grep -A 5 'Limits:'
2026-07-25 22:04:32,311 - pod_monitor.ssh_client - WARNING - SSH command failed (1): kubectl describe pod test-one-85d78b6db-fkmzs -n default | grep -A 5 'Limits:'
2026-07-25 22:04:32,314 - pod_monitor.ssh_client - WARNING - SSH command failed (1): kubectl describe pod test-one-85d78b6db-prbcd -n default | grep -A 5 'Limits:'
2026-07-25 22:04:32,317 - pod_monitor.ssh_client - WARNING - SSH command failed (1): kubectl describe pod test-one-85d78b6db-gsfr4 -n default | grep -A 5 'Limits:'
2026-07-25 22:04:33,828 - pod_monitor.ssh_client - WARNING - SSH command failed (1): kubectl describe pod my-pod -n default | grep -A 5 'Limits:'
2026-07-25 22:04:34,596 - pod_monitor.ssh_client - WARNING - SSH command failed (1): kubectl describe pod test-one-85d78b6db-prbcd -n default | grep -A 5 'Limits:'
2026-07-25 22:04:34,608 - pod_monitor.ssh_client - WARNING - SSH command failed (1): kubectl describe pod test-one-85d78b6db-fkmzs -n default | grep -A 5 'Limits:'
2026-07-25 22:04:34,609 - pod_monitor.ssh_client - WARNING - SSH command failed (1): kubectl describe pod test-one-85d78b6db-gsfr4 -n default | grep -A 5 'Limits:'
2026-07-25 22:04:37,275 - pod_monitor.ssh_client - WARNING - SSH command failed (1): kubectl describe pod my-pod -n default | grep -A 5 'Limits:'
2026-07-25 22:04:37,522 - pod_monitor.ssh_client - WARNING - SSH command failed (1): kubectl describe pod test-one-85d78b6db-prbcd -n default | grep -A 5 'Limits:'
2026-07-25 22:04:37,524 - pod_monitor.ssh_client - WARNING - SSH command failed (1): kubectl describe pod test-one-85d78b6db-fkmzs -n default | grep -A 5 'Limits:'
2026-07-25 22:04:37,526 - pod_monitor.ssh_client - WARNING - SSH command failed (1): kubectl describe pod test-one-85d78b6db-gsfr4 -n default | grep -A 5 'Limits:'
2026-07-25 22:04:39,003 - pod_monitor.ssh_client - WARNING - SSH command failed (1): kubectl describe pod my-pod -n default | grep -A 5 'Limits:'
2026-07-25 22:04:39,863 - pod_monitor.ssh_client - WARNING - SSH command failed (1): kubectl describe pod test-one-85d78b6db-gsfr4 -n default | grep -A 5 'Limits:'
2026-07-25 22:04:39,864 - pod_monitor.ssh_client - WARNING - SSH command failed (1): kubectl describe pod test-one-85d78b6db-prbcd -n default | grep -A 5 'Limits:'
2026-07-25 22:04:39,867 - pod_monitor.ssh_client - WARNING - SSH command failed (1): kubectl describe pod test-one-85d78b6db-fkmzs -n default | grep -A 5 'Limits:'
2026-07-25 22:04:42,452 - pod_monitor.ssh_client - WARNING - SSH command failed (1): kubectl describe pod my-pod -n default | grep -A 5 'Limits:'
2026-07-25 22:04:42,739 - pod_monitor.ssh_client - WARNING - SSH command failed (1): kubectl describe pod test-one-85d78b6db-fkmzs -n default | grep -A 5 'Limits:'
2026-07-25 22:04:42,740 - pod_monitor.ssh_client - WARNING - SSH command failed (1): kubectl describe pod test-one-85d78b6db-gsfr4 -n default | grep -A 5 'Limits:'
2026-07-25 22:04:42,744 - pod_monitor.ssh_client - WARNING - SSH command failed (1): kubectl describe pod test-one-85d78b6db-prbcd -n default | grep -A 5 'Limits:'
2026-07-25 22:04:44,187 - pod_monitor.ssh_client - WARNING - SSH command failed (1): kubectl describe pod my-pod -n default | grep -A 5 'Limits:'
2026-07-25 22:04:45,076 - pod_monitor.ssh_client - WARNING - SSH command failed (1): kubectl describe pod test-one-85d78b6db-gsfr4 -n default | grep -A 5 'Limits:'
2026-07-25 22:04:45,078 - pod_monitor.ssh_client - WARNING - SSH command failed (1): kubectl describe pod test-one-85d78b6db-fkmzs -n default | grep -A 5 'Limits:'
2026-07-25 22:04:45,079 - pod_monitor.ssh_client - WARNING - SSH command failed (1): kubectl describe pod test-one-85d78b6db-prbcd -n default | grep -A 5 'Limits:'
2026-07-25 22:04:47,631 - pod_monitor.ssh_client - WARNING - SSH command failed (1): kubectl describe pod my-pod -n default | grep -A 5 'Limits:'
2026-07-25 22:04:47,997 - pod_monitor.ssh_client - WARNING - SSH command failed (1): kubectl describe pod test-one-85d78b6db-fkmzs -n default | grep -A 5 'Limits:'
2026-07-25 22:04:47,997 - pod_monitor.ssh_client - WARNING - SSH command failed (1): kubectl describe pod test-one-85d78b6db-gsfr4 -n default | grep -A 5 'Limits:'
2026-07-25 22:04:48,007 - pod_monitor.ssh_client - WARNING - SSH command failed (1): kubectl describe pod test-one-85d78b6db-prbcd -n default | grep -A 5 'Limits:'
2026-07-25 22:04:49,366 - pod_monitor.ssh_client - WARNING - SSH command failed (1): kubectl describe pod my-pod -n default | grep -A 5 'Limits:'
2026-07-25 22:04:50,291 - pod_monitor.ssh_client - WARNING - SSH command failed (1): kubectl describe pod test-one-85d78b6db-prbcd -n default | grep -A 5 'Limits:'
2026-07-25 22:04:50,295 - pod_monitor.ssh_client - WARNING - SSH command failed (1): kubectl describe pod test-one-85d78b6db-gsfr4 -n default | grep -A 5 'Limits:'
2026-07-25 22:04:50,302 - pod_monitor.ssh_client - WARNING - SSH command failed (1): kubectl describe pod test-one-85d78b6db-fkmzs -n default | grep -A 5 'Limits:'
2026-07-25 22:04:52,810 - pod_monitor.ssh_client - WARNING - SSH command failed (1): kubectl describe pod my-pod -n default | grep -A 5 'Limits:'
2026-07-25 22:04:53,205 - pod_monitor.ssh_client - WARNING - SSH command failed (1): kubectl describe pod test-one-85d78b6db-gsfr4 -n default | grep -A 5 'Limits:'
2026-07-25 22:04:53,209 - pod_monitor.ssh_client - WARNING - SSH command failed (1): kubectl describe pod test-one-85d78b6db-fkmzs -n default | grep -A 5 'Limits:'
2026-07-25 22:04:53,225 - pod_monitor.ssh_client - WARNING - SSH command failed (1): kubectl describe pod test-one-85d78b6db-prbcd -n default | grep -A 5 'Limits:'
2026-07-25 22:04:54,542 - pod_monitor.ssh_client - WARNING - SSH command failed (1): kubectl describe pod my-pod -n default | grep -A 5 'Limits:'
2026-07-25 22:04:55,514 - pod_monitor.ssh_client - WARNING - SSH command failed (1): kubectl describe pod test-one-85d78b6db-gsfr4 -n default | grep -A 5 'Limits:'
2026-07-25 22:04:55,517 - pod_monitor.ssh_client - WARNING - SSH command failed (1): kubectl describe pod test-one-85d78b6db-prbcd -n default | grep -A 5 'Limits:'
2026-07-25 22:04:55,524 - pod_monitor.ssh_client - WARNING - SSH command failed (1): kubectl describe pod test-one-85d78b6db-fkmzs -n default | grep -A 5 'Limits:'
2026-07-25 22:04:57,989 - pod_monitor.ssh_client - WARNING - SSH command failed (1): kubectl describe pod my-pod -n default | grep -A 5 'Limits:'
2026-07-25 22:04:58,423 - pod_monitor.ssh_client - WARNING - SSH command failed (1): kubectl describe pod test-one-85d78b6db-fkmzs -n default | grep -A 5 'Limits:'
2026-07-25 22:04:58,424 - pod_monitor.ssh_client - WARNING - SSH command failed (1): kubectl describe pod test-one-85d78b6db-gsfr4 -n default | grep -A 5 'Limits:'
2026-07-25 22:04:58,436 - pod_monitor.ssh_client - WARNING - SSH command failed (1): kubectl describe pod test-one-85d78b6db-prbcd -n default | grep -A 5 'Limits:'
2026-07-25 22:04:59,728 - pod_monitor.ssh_client - WARNING - SSH command failed (1): kubectl describe pod my-pod -n default | grep -A 5 'Limits:'
2026-07-25 22:05:00,734 - pod_monitor.ssh_client - WARNING - SSH command failed (1): kubectl describe pod test-one-85d78b6db-gsfr4 -n default | grep -A 5 'Limits:'
2026-07-25 22:05:00,738 - pod_monitor.ssh_client - WARNING - SSH command failed (1): kubectl describe pod test-one-85d78b6db-prbcd -n default | grep -A 5 'Limits:'
2026-07-25 22:05:00,744 - pod_monitor.ssh_client - WARNING - SSH command failed (1): kubectl describe pod test-one-85d78b6db-fkmzs -n default | grep -A 5 'Limits:'
2026-07-25 22:05:03,173 - pod_monitor.ssh_client - WARNING - SSH command failed (1): kubectl describe pod my-pod -n default | grep -A 5 'Limits:'
2026-07-25 22:05:03,640 - pod_monitor.ssh_client - WARNING - SSH command failed (1): kubectl describe pod test-one-85d78b6db-gsfr4 -n default | grep -A 5 'Limits:'
2026-07-25 22:05:03,647 - pod_monitor.ssh_client - WARNING - SSH command failed (1): kubectl describe pod test-one-85d78b6db-fkmzs -n default | grep -A 5 'Limits:'
2026-07-25 22:05:03,658 - pod_monitor.ssh_client - WARNING - SSH command failed (1): kubectl describe pod test-one-85d78b6db-prbcd -n default | grep -A 5 'Limits:'
2026-07-25 22:05:04,905 - pod_monitor.ssh_client - WARNING - SSH command failed (1): kubectl describe pod my-pod -n default | grep -A 5 'Limits:'
2026-07-25 22:05:05,963 - pod_monitor.ssh_client - WARNING - SSH command failed (1): kubectl describe pod test-one-85d78b6db-prbcd -n default | grep -A 5 'Limits:'
2026-07-25 22:05:05,963 - pod_monitor.ssh_client - WARNING - SSH command failed (1): kubectl describe pod test-one-85d78b6db-gsfr4 -n default | grep -A 5 'Limits:'
2026-07-25 22:05:05,974 - pod_monitor.ssh_client - WARNING - SSH command failed (1): kubectl describe pod test-one-85d78b6db-fkmzs -n default | grep -A 5 'Limits:'
2026-07-25 22:05:08,364 - pod_monitor.ssh_client - WARNING - SSH command failed (1): kubectl describe pod my-pod -n default | grep -A 5 'Limits:'
2026-07-25 22:05:08,865 - pod_monitor.ssh_client - WARNING - SSH command failed (1): kubectl describe pod test-one-85d78b6db-gsfr4 -n default | grep -A 5 'Limits:'
2026-07-25 22:05:08,875 - pod_monitor.ssh_client - WARNING - SSH command failed (1): kubectl describe pod test-one-85d78b6db-prbcd -n default | grep -A 5 'Limits:'
2026-07-25 22:05:08,876 - pod_monitor.ssh_client - WARNING - SSH command failed (1): kubectl describe pod test-one-85d78b6db-fkmzs -n default | grep -A 5 'Limits:'
2026-07-25 22:05:10,086 - pod_monitor.ssh_client - WARNING - SSH command failed (1): kubectl describe pod my-pod -n default | grep -A 5 'Limits:'
2026-07-25 22:05:11,187 - pod_monitor.ssh_client - WARNING - SSH command failed (1): kubectl describe pod test-one-85d78b6db-gsfr4 -n default | grep -A 5 'Limits:'
2026-07-25 22:05:11,188 - pod_monitor.ssh_client - WARNING - SSH command failed (1): kubectl describe pod test-one-85d78b6db-prbcd -n default | grep -A 5 'Limits:'
2026-07-25 22:05:11,210 - pod_monitor.ssh_client - WARNING - SSH command failed (1): kubectl describe pod test-one-85d78b6db-fkmzs -n default | grep -A 5 'Limits:'
2026-07-25 22:05:13,542 - pod_monitor.ssh_client - WARNING - SSH command failed (1): kubectl describe pod my-pod -n default | grep -A 5 'Limits:'
2026-07-25 22:05:14,095 - pod_monitor.ssh_client - WARNING - SSH command failed (1): kubectl describe pod test-one-85d78b6db-prbcd -n default | grep -A 5 'Limits:'
2026-07-25 22:05:14,095 - pod_monitor.ssh_client - WARNING - SSH command failed (1): kubectl describe pod test-one-85d78b6db-gsfr4 -n default | grep -A 5 'Limits:'
2026-07-25 22:05:14,098 - pod_monitor.ssh_client - WARNING - SSH command failed (1): kubectl describe pod test-one-85d78b6db-fkmzs -n default | grep -A 5 'Limits:'
2026-07-25 22:05:15,300 - pod_monitor.ssh_client - WARNING - SSH command failed (1): kubectl describe pod my-pod -n default | grep -A 5 'Limits:'
2026-07-25 22:05:16,421 - pod_monitor.ssh_client - WARNING - SSH command failed (1): kubectl describe pod test-one-85d78b6db-gsfr4 -n default | grep -A 5 'Limits:'
2026-07-25 22:05:16,428 - pod_monitor.ssh_client - WARNING - SSH command failed (1): kubectl describe pod test-one-85d78b6db-prbcd -n default | grep -A 5 'Limits:'
2026-07-25 22:05:16,437 - pod_monitor.ssh_client - WARNING - SSH command failed (1): kubectl describe pod test-one-85d78b6db-fkmzs -n default | grep -A 5 'Limits:'
2026-07-25 22:05:18,738 - pod_monitor.ssh_client - WARNING - SSH command failed (1): kubectl describe pod my-pod -n default | grep -A 5 'Limits:'
2026-07-25 22:05:19,322 - pod_monitor.ssh_client - WARNING - SSH command failed (1): kubectl describe pod test-one-85d78b6db-prbcd -n default | grep -A 5 'Limits:'
2026-07-25 22:05:19,325 - pod_monitor.ssh_client - WARNING - SSH command failed (1): kubectl describe pod test-one-85d78b6db-gsfr4 -n default | grep -A 5 'Limits:'
2026-07-25 22:05:19,328 - pod_monitor.ssh_client - WARNING - SSH command failed (1): kubectl describe pod test-one-85d78b6db-fkmzs -n default | grep -A 5 'Limits:'
2026-07-25 22:05:20,474 - pod_monitor.ssh_client - WARNING - SSH command failed (1): kubectl describe pod my-pod -n default | grep -A 5 'Limits:'
2026-07-25 22:05:21,633 - pod_monitor.ssh_client - WARNING - SSH command failed (1): kubectl describe pod test-one-85d78b6db-gsfr4 -n default | grep -A 5 'Limits:'
2026-07-25 22:05:21,634 - pod_monitor.ssh_client - WARNING - SSH command failed (1): kubectl describe pod test-one-85d78b6db-prbcd -n default | grep -A 5 'Limits:'
2026-07-25 22:05:21,654 - pod_monitor.ssh_client - WARNING - SSH command failed (1): kubectl describe pod test-one-85d78b6db-fkmzs -n default | grep -A 5 'Limits:'
2026-07-25 22:05:23,910 - pod_monitor.ssh_client - WARNING - SSH command failed (1): kubectl describe pod my-pod -n default | grep -A 5 'Limits:'
2026-07-25 22:05:24,537 - pod_monitor.ssh_client - WARNING - SSH command failed (1): kubectl describe pod test-one-85d78b6db-gsfr4 -n default | grep -A 5 'Limits:'
2026-07-25 22:05:24,541 - pod_monitor.ssh_client - WARNING - SSH command failed (1): kubectl describe pod test-one-85d78b6db-prbcd -n default | grep -A 5 'Limits:'
2026-07-25 22:05:24,542 - pod_monitor.ssh_client - WARNING - SSH command failed (1): kubectl describe pod test-one-85d78b6db-fkmzs -n default | grep -A 5 'Limits:'
2026-07-25 22:05:25,655 - pod_monitor.ssh_client - WARNING - SSH command failed (1): kubectl describe pod my-pod -n default | grep -A 5 'Limits:'
2026-07-25 22:05:26,865 - pod_monitor.ssh_client - WARNING - SSH command failed (1): kubectl describe pod test-one-85d78b6db-gsfr4 -n default | grep -A 5 'Limits:'
2026-07-25 22:05:26,866 - pod_monitor.ssh_client - WARNING - SSH command failed (1): kubectl describe pod test-one-85d78b6db-prbcd -n default | grep -A 5 'Limits:'
2026-07-25 22:05:26,869 - pod_monitor.ssh_client - WARNING - SSH command failed (1): kubectl describe pod test-one-85d78b6db-fkmzs -n default | grep -A 5 'Limits:'
2026-07-25 22:05:29,082 - pod_monitor.ssh_client - WARNING - SSH command failed (1): kubectl describe pod my-pod -n default | grep -A 5 'Limits:'
2026-07-25 22:05:29,749 - pod_monitor.ssh_client - WARNING - SSH command failed (1): kubectl describe pod test-one-85d78b6db-gsfr4 -n default | grep -A 5 'Limits:'
2026-07-25 22:05:29,751 - pod_monitor.ssh_client - WARNING - SSH command failed (1): kubectl describe pod test-one-85d78b6db-prbcd -n default | grep -A 5 'Limits:'
2026-07-25 22:05:29,763 - pod_monitor.ssh_client - WARNING - SSH command failed (1): kubectl describe pod test-one-85d78b6db-fkmzs -n default | grep -A 5 'Limits:'
2026-07-25 22:05:30,833 - pod_monitor.ssh_client - WARNING - SSH command failed (1): kubectl describe pod my-pod -n default | grep -A 5 'Limits:'
2026-07-25 22:05:32,081 - pod_monitor.ssh_client - WARNING - SSH command failed (1): kubectl describe pod test-one-85d78b6db-fkmzs -n default | grep -A 5 'Limits:'
2026-07-25 22:05:32,082 - pod_monitor.ssh_client - WARNING - SSH command failed (1): kubectl describe pod test-one-85d78b6db-prbcd -n default | grep -A 5 'Limits:'
2026-07-25 22:05:32,089 - pod_monitor.ssh_client - WARNING - SSH command failed (1): kubectl describe pod test-one-85d78b6db-gsfr4 -n default | grep -A 5 'Limits:'
2026-07-25 22:05:34,262 - pod_monitor.ssh_client - WARNING - SSH command failed (1): kubectl describe pod my-pod -n default | grep -A 5 'Limits:'
2026-07-25 22:05:34,964 - pod_monitor.ssh_client - WARNING - SSH command failed (1): kubectl describe pod test-one-85d78b6db-gsfr4 -n default | grep -A 5 'Limits:'
2026-07-25 22:05:34,967 - pod_monitor.ssh_client - WARNING - SSH command failed (1): kubectl describe pod test-one-85d78b6db-prbcd -n default | grep -A 5 'Limits:'
2026-07-25 22:05:34,978 - pod_monitor.ssh_client - WARNING - SSH command failed (1): kubectl describe pod test-one-85d78b6db-fkmzs -n default | grep -A 5 'Limits:'
2026-07-25 22:05:36,008 - pod_monitor.ssh_client - WARNING - SSH command failed (1): kubectl describe pod my-pod -n default | grep -A 5 'Limits:'
2026-07-25 22:05:37,312 - pod_monitor.ssh_client - WARNING - SSH command failed (1): kubectl describe pod test-one-85d78b6db-fkmzs -n default | grep -A 5 'Limits:'
2026-07-25 22:05:37,318 - pod_monitor.ssh_client - WARNING - SSH command failed (1): kubectl describe pod test-one-85d78b6db-prbcd -n default | grep -A 5 'Limits:'
2026-07-25 22:05:37,320 - pod_monitor.ssh_client - WARNING - SSH command failed (1): kubectl describe pod test-one-85d78b6db-gsfr4 -n default | grep -A 5 'Limits:'
2026-07-25 22:05:39,438 - pod_monitor.ssh_client - WARNING - SSH command failed (1): kubectl describe pod my-pod -n default | grep -A 5 'Limits:'
2026-07-25 22:05:40,277 - pod_monitor.ssh_client - WARNING - SSH command failed (1): kubectl describe pod test-one-85d78b6db-gsfr4 -n default | grep -A 5 'Limits:'
2026-07-25 22:05:40,283 - pod_monitor.ssh_client - WARNING - SSH command failed (1): kubectl describe pod test-one-85d78b6db-fkmzs -n default | grep -A 5 'Limits:'
2026-07-25 22:05:40,291 - pod_monitor.ssh_client - WARNING - SSH command failed (1): kubectl describe pod test-one-85d78b6db-prbcd -n default | grep -A 5 'Limits:'
2026-07-25 22:05:41,214 - pod_monitor.ssh_client - WARNING - SSH command failed (1): kubectl describe pod my-pod -n default | grep -A 5 'Limits:'
2026-07-25 22:05:42,535 - pod_monitor.ssh_client - WARNING - SSH command failed (1): kubectl describe pod test-one-85d78b6db-fkmzs -n default | grep -A 5 'Limits:'
2026-07-25 22:05:42,542 - pod_monitor.ssh_client - WARNING - SSH command failed (1): kubectl describe pod test-one-85d78b6db-prbcd -n default | grep -A 5 'Limits:'
2026-07-25 22:05:42,543 - pod_monitor.ssh_client - WARNING - SSH command failed (1): kubectl describe pod test-one-85d78b6db-gsfr4 -n default | grep -A 5 'Limits:'
2026-07-25 22:05:44,625 - pod_monitor.ssh_client - WARNING - SSH command failed (1): kubectl describe pod my-pod -n default | grep -A 5 'Limits:'
2026-07-25 22:05:45,484 - pod_monitor.ssh_client - WARNING - SSH command failed (1): kubectl describe pod test-one-85d78b6db-fkmzs -n default | grep -A 5 'Limits:'
2026-07-25 22:05:45,484 - pod_monitor.ssh_client - WARNING - SSH command failed (1): kubectl describe pod test-one-85d78b6db-gsfr4 -n default | grep -A 5 'Limits:'
2026-07-25 22:05:45,496 - pod_monitor.ssh_client - WARNING - SSH command failed (1): kubectl describe pod test-one-85d78b6db-prbcd -n default | grep -A 5 'Limits:'
2026-07-25 22:05:46,390 - pod_monitor.ssh_client - WARNING - SSH command failed (1): kubectl describe pod my-pod -n default | grep -A 5 'Limits:'
2026-07-25 22:05:47,754 - pod_monitor.ssh_client - WARNING - SSH command failed (1): kubectl describe pod test-one-85d78b6db-prbcd -n default | grep -A 5 'Limits:'
2026-07-25 22:05:47,758 - pod_monitor.ssh_client - WARNING - SSH command failed (1): kubectl describe pod test-one-85d78b6db-fkmzs -n default | grep -A 5 'Limits:'
2026-07-25 22:05:47,759 - pod_monitor.ssh_client - WARNING - SSH command failed (1): kubectl describe pod test-one-85d78b6db-gsfr4 -n default | grep -A 5 'Limits:'
2026-07-25 22:05:49,813 - pod_monitor.ssh_client - WARNING - SSH command failed (1): kubectl describe pod my-pod -n default | grep -A 5 'Limits:'
2026-07-25 22:05:50,706 - pod_monitor.ssh_client - WARNING - SSH command failed (1): kubectl describe pod test-one-85d78b6db-fkmzs -n default | grep -A 5 'Limits:'
2026-07-25 22:05:50,706 - pod_monitor.ssh_client - WARNING - SSH command failed (1): kubectl describe pod test-one-85d78b6db-gsfr4 -n default | grep -A 5 'Limits:'
2026-07-25 22:05:50,716 - pod_monitor.ssh_client - WARNING - SSH command failed (1): kubectl describe pod test-one-85d78b6db-prbcd -n default | grep -A 5 'Limits:'
2026-07-25 22:05:51,584 - pod_monitor.ssh_client - WARNING - SSH command failed (1): kubectl describe pod my-pod -n default | grep -A 5 'Limits:'
2026-07-25 22:05:52,993 - pod_monitor.ssh_client - WARNING - SSH command failed (1): kubectl describe pod test-one-85d78b6db-fkmzs -n default | grep -A 5 'Limits:'
2026-07-25 22:05:52,993 - pod_monitor.ssh_client - WARNING - SSH command failed (1): kubectl describe pod test-one-85d78b6db-prbcd -n default | grep -A 5 'Limits:'
2026-07-25 22:05:52,994 - pod_monitor.ssh_client - WARNING - SSH command failed (1): kubectl describe pod test-one-85d78b6db-gsfr4 -n default | grep -A 5 'Limits:'
2026-07-25 22:05:54,995 - pod_monitor.ssh_client - WARNING - SSH command failed (1): kubectl describe pod my-pod -n default | grep -A 5 'Limits:'
2026-07-25 22:05:55,974 - pod_monitor.ssh_client - WARNING - SSH command failed (1): kubectl describe pod test-one-85d78b6db-gsfr4 -n default | grep -A 5 'Limits:'
2026-07-25 22:05:55,975 - pod_monitor.ssh_client - WARNING - SSH command failed (1): kubectl describe pod test-one-85d78b6db-prbcd -n default | grep -A 5 'Limits:'
2026-07-25 22:05:55,975 - pod_monitor.ssh_client - WARNING - SSH command failed (1): kubectl describe pod test-one-85d78b6db-fkmzs -n default | grep -A 5 'Limits:'
2026-07-25 22:05:56,776 - pod_monitor.ssh_client - WARNING - SSH command failed (1): kubectl describe pod my-pod -n default | grep -A 5 'Limits:'
2026-07-25 22:05:58,290 - pod_monitor.ssh_client - WARNING - SSH command failed (1): kubectl describe pod test-one-85d78b6db-prbcd -n default | grep -A 5 'Limits:'
2026-07-25 22:05:58,291 - pod_monitor.ssh_client - WARNING - SSH command failed (1): kubectl describe pod test-one-85d78b6db-fkmzs -n default | grep -A 5 'Limits:'
2026-07-25 22:05:58,294 - pod_monitor.ssh_client - WARNING - SSH command failed (1): kubectl describe pod test-one-85d78b6db-gsfr4 -n default | grep -A 5 'Limits:'
2026-07-25 22:06:00,208 - pod_monitor.ssh_client - WARNING - SSH command failed (1): kubectl describe pod my-pod -n default | grep -A 5 'Limits:'
2026-07-25 22:06:01,232 - pod_monitor.ssh_client - WARNING - SSH command failed (1): kubectl describe pod test-one-85d78b6db-gsfr4 -n default | grep -A 5 'Limits:'
2026-07-25 22:06:01,236 - pod_monitor.ssh_client - WARNING - SSH command failed (1): kubectl describe pod test-one-85d78b6db-prbcd -n default | grep -A 5 'Limits:'
2026-07-25 22:06:01,242 - pod_monitor.ssh_client - WARNING - SSH command failed (1): kubectl describe pod test-one-85d78b6db-fkmzs -n default | grep -A 5 'Limits:'
2026-07-25 22:06:01,956 - pod_monitor.ssh_client - WARNING - SSH command failed (1): kubectl describe pod my-pod -n default | grep -A 5 'Limits:'
2026-07-25 22:06:03,511 - pod_monitor.ssh_client - WARNING - SSH command failed (1): kubectl describe pod test-one-85d78b6db-gsfr4 -n default | grep -A 5 'Limits:'
2026-07-25 22:06:03,537 - pod_monitor.ssh_client - WARNING - SSH command failed (1): kubectl describe pod test-one-85d78b6db-fkmzs -n default | grep -A 5 'Limits:'
2026-07-25 22:06:03,551 - pod_monitor.ssh_client - WARNING - SSH command failed (1): kubectl describe pod test-one-85d78b6db-prbcd -n default | grep -A 5 'Limits:'
2026-07-25 22:06:05,383 - pod_monitor.ssh_client - WARNING - SSH command failed (1): kubectl describe pod my-pod -n default | grep -A 5 'Limits:'
2026-07-25 22:06:06,443 - pod_monitor.ssh_client - WARNING - SSH command failed (1): kubectl describe pod test-one-85d78b6db-gsfr4 -n default | grep -A 5 'Limits:'
2026-07-25 22:06:06,446 - pod_monitor.ssh_client - WARNING - SSH command failed (1): kubectl describe pod test-one-85d78b6db-prbcd -n default | grep -A 5 'Limits:'
2026-07-25 22:06:06,450 - pod_monitor.ssh_client - WARNING - SSH command failed (1): kubectl describe pod test-one-85d78b6db-fkmzs -n default | grep -A 5 'Limits:'
2026-07-25 22:06:07,136 - pod_monitor.ssh_client - WARNING - SSH command failed (1): kubectl describe pod my-pod -n default | grep -A 5 'Limits:'
2026-07-25 22:06:08,726 - pod_monitor.ssh_client - WARNING - SSH command failed (1): kubectl describe pod test-one-85d78b6db-gsfr4 -n default | grep -A 5 'Limits:'
2026-07-25 22:06:08,751 - pod_monitor.ssh_client - WARNING - SSH command failed (1): kubectl describe pod test-one-85d78b6db-fkmzs -n default | grep -A 5 'Limits:'
2026-07-25 22:06:08,767 - pod_monitor.ssh_client - WARNING - SSH command failed (1): kubectl describe pod test-one-85d78b6db-prbcd -n default | grep -A 5 'Limits:'
2026-07-25 22:06:10,559 - pod_monitor.ssh_client - WARNING - SSH command failed (1): kubectl describe pod my-pod -n default | grep -A 5 'Limits:'
2026-07-25 22:06:11,651 - pod_monitor.ssh_client - WARNING - SSH command failed (1): kubectl describe pod test-one-85d78b6db-prbcd -n default | grep -A 5 'Limits:'
2026-07-25 22:06:11,657 - pod_monitor.ssh_client - WARNING - SSH command failed (1): kubectl describe pod test-one-85d78b6db-gsfr4 -n default | grep -A 5 'Limits:'
2026-07-25 22:06:11,658 - pod_monitor.ssh_client - WARNING - SSH command failed (1): kubectl describe pod test-one-85d78b6db-fkmzs -n default | grep -A 5 'Limits:'
2026-07-25 22:06:12,317 - pod_monitor.ssh_client - WARNING - SSH command failed (1): kubectl describe pod my-pod -n default | grep -A 5 'Limits:'
2026-07-25 22:06:13,941 - pod_monitor.ssh_client - WARNING - SSH command failed (1): kubectl describe pod test-one-85d78b6db-gsfr4 -n default | grep -A 5 'Limits:'
2026-07-25 22:06:13,960 - pod_monitor.ssh_client - WARNING - SSH command failed (1): kubectl describe pod test-one-85d78b6db-fkmzs -n default | grep -A 5 'Limits:'
2026-07-25 22:06:13,981 - pod_monitor.ssh_client - WARNING - SSH command failed (1): kubectl describe pod test-one-85d78b6db-prbcd -n default | grep -A 5 'Limits:'
2026-07-25 22:06:15,733 - pod_monitor.ssh_client - WARNING - SSH command failed (1): kubectl describe pod my-pod -n default | grep -A 5 'Limits:'
2026-07-25 22:06:16,871 - pod_monitor.ssh_client - WARNING - SSH command failed (1): kubectl describe pod test-one-85d78b6db-prbcd -n default | grep -A 5 'Limits:'
2026-07-25 22:06:16,872 - pod_monitor.ssh_client - WARNING - SSH command failed (1): kubectl describe pod test-one-85d78b6db-gsfr4 -n default | grep -A 5 'Limits:'
2026-07-25 22:06:16,872 - pod_monitor.ssh_client - WARNING - SSH command failed (1): kubectl describe pod test-one-85d78b6db-fkmzs -n default | grep -A 5 'Limits:'
2026-07-25 22:06:17,491 - pod_monitor.ssh_client - WARNING - SSH command failed (1): kubectl describe pod my-pod -n default | grep -A 5 'Limits:'
2026-07-25 22:06:19,178 - pod_monitor.ssh_client - WARNING - SSH command failed (1): kubectl describe pod test-one-85d78b6db-gsfr4 -n default | grep -A 5 'Limits:'
2026-07-25 22:06:19,180 - pod_monitor.ssh_client - WARNING - SSH command failed (1): kubectl describe pod test-one-85d78b6db-fkmzs -n default | grep -A 5 'Limits:'
2026-07-25 22:06:19,198 - pod_monitor.ssh_client - WARNING - SSH command failed (1): kubectl describe pod test-one-85d78b6db-prbcd -n default | grep -A 5 'Limits:'
2026-07-25 22:06:20,913 - pod_monitor.ssh_client - WARNING - SSH command failed (1): kubectl describe pod my-pod -n default | grep -A 5 'Limits:'
2026-07-25 22:06:22,088 - pod_monitor.ssh_client - WARNING - SSH command failed (1): kubectl describe pod test-one-85d78b6db-gsfr4 -n default | grep -A 5 'Limits:'
2026-07-25 22:06:22,093 - pod_monitor.ssh_client - WARNING - SSH command failed (1): kubectl describe pod test-one-85d78b6db-fkmzs -n default | grep -A 5 'Limits:'
2026-07-25 22:06:22,093 - pod_monitor.ssh_client - WARNING - SSH command failed (1): kubectl describe pod test-one-85d78b6db-prbcd -n default | grep -A 5 'Limits:'
2026-07-25 22:06:22,689 - pod_monitor.ssh_client - WARNING - SSH command failed (1): kubectl describe pod my-pod -n default | grep -A 5 'Limits:'
2026-07-25 22:06:24,437 - pod_monitor.ssh_client - WARNING - SSH command failed (1): kubectl describe pod test-one-85d78b6db-fkmzs -n default | grep -A 5 'Limits:'
2026-07-25 22:06:24,437 - pod_monitor.ssh_client - WARNING - SSH command failed (1): kubectl describe pod test-one-85d78b6db-gsfr4 -n default | grep -A 5 'Limits:'
2026-07-25 22:06:24,456 - pod_monitor.ssh_client - WARNING - SSH command failed (1): kubectl describe pod test-one-85d78b6db-prbcd -n default | grep -A 5 'Limits:'
2026-07-25 22:06:26,096 - pod_monitor.ssh_client - WARNING - SSH command failed (1): kubectl describe pod my-pod -n default | grep -A 5 'Limits:'
2026-07-25 22:06:27,311 - pod_monitor.ssh_client - WARNING - SSH command failed (1): kubectl describe pod test-one-85d78b6db-gsfr4 -n default | grep -A 5 'Limits:'
2026-07-25 22:06:27,321 - pod_monitor.ssh_client - WARNING - SSH command failed (1): kubectl describe pod test-one-85d78b6db-prbcd -n default | grep -A 5 'Limits:'
2026-07-25 22:06:27,323 - pod_monitor.ssh_client - WARNING - SSH command failed (1): kubectl describe pod test-one-85d78b6db-fkmzs -n default | grep -A 5 'Limits:'
2026-07-25 22:06:27,863 - pod_monitor.ssh_client - WARNING - SSH command failed (1): kubectl describe pod my-pod -n default | grep -A 5 'Limits:'
2026-07-25 22:06:29,650 - pod_monitor.ssh_client - WARNING - SSH command failed (1): kubectl describe pod test-one-85d78b6db-fkmzs -n default | grep -A 5 'Limits:'
2026-07-25 22:06:29,657 - pod_monitor.ssh_client - WARNING - SSH command failed (1): kubectl describe pod test-one-85d78b6db-gsfr4 -n default | grep -A 5 'Limits:'
2026-07-25 22:06:29,663 - pod_monitor.ssh_client - WARNING - SSH command failed (1): kubectl describe pod test-one-85d78b6db-prbcd -n default | grep -A 5 'Limits:'
2026-07-25 22:06:31,277 - pod_monitor.ssh_client - WARNING - SSH command failed (1): kubectl describe pod my-pod -n default | grep -A 5 'Limits:'
2026-07-25 22:06:32,522 - pod_monitor.ssh_client - WARNING - SSH command failed (1): kubectl describe pod test-one-85d78b6db-gsfr4 -n default | grep -A 5 'Limits:'
2026-07-25 22:06:32,539 - pod_monitor.ssh_client - WARNING - SSH command failed (1): kubectl describe pod test-one-85d78b6db-prbcd -n default | grep -A 5 'Limits:'
2026-07-25 22:06:32,541 - pod_monitor.ssh_client - WARNING - SSH command failed (1): kubectl describe pod test-one-85d78b6db-fkmzs -n default | grep -A 5 'Limits:'
2026-07-25 22:06:33,042 - pod_monitor.ssh_client - WARNING - SSH command failed (1): kubectl describe pod my-pod -n default | grep -A 5 'Limits:'
2026-07-25 22:06:34,876 - pod_monitor.ssh_client - WARNING - SSH command failed (1): kubectl describe pod test-one-85d78b6db-fkmzs -n default | grep -A 5 'Limits:'
2026-07-25 22:06:34,881 - pod_monitor.ssh_client - WARNING - SSH command failed (1): kubectl describe pod test-one-85d78b6db-gsfr4 -n default | grep -A 5 'Limits:'
2026-07-25 22:06:34,888 - pod_monitor.ssh_client - WARNING - SSH command failed (1): kubectl describe pod test-one-85d78b6db-prbcd -n default | grep -A 5 'Limits:'
2026-07-25 22:06:36,453 - pod_monitor.ssh_client - WARNING - SSH command failed (1): kubectl describe pod my-pod -n default | grep -A 5 'Limits:'
2026-07-25 22:06:37,757 - pod_monitor.ssh_client - WARNING - SSH command failed (1): kubectl describe pod test-one-85d78b6db-gsfr4 -n default | grep -A 5 'Limits:'
2026-07-25 22:06:37,783 - pod_monitor.ssh_client - WARNING - SSH command failed (1): kubectl describe pod test-one-85d78b6db-prbcd -n default | grep -A 5 'Limits:'
2026-07-25 22:06:37,786 - pod_monitor.ssh_client - WARNING - SSH command failed (1): kubectl describe pod test-one-85d78b6db-fkmzs -n default | grep -A 5 'Limits:'
2026-07-25 22:06:38,220 - pod_monitor.ssh_client - WARNING - SSH command failed (1): kubectl describe pod my-pod -n default | grep -A 5 'Limits:'
2026-07-25 22:06:40,130 - pod_monitor.ssh_client - WARNING - SSH command failed (1): kubectl describe pod test-one-85d78b6db-fkmzs -n default | grep -A 5 'Limits:'
2026-07-25 22:06:40,135 - pod_monitor.ssh_client - WARNING - SSH command failed (1): kubectl describe pod test-one-85d78b6db-gsfr4 -n default | grep -A 5 'Limits:'
2026-07-25 22:06:40,155 - pod_monitor.ssh_client - WARNING - SSH command failed (1): kubectl describe pod test-one-85d78b6db-prbcd -n default | grep -A 5 'Limits:'
2026-07-25 22:06:40,458 - pod_monitor.main - INFO - Starting Pod Monitor with 1 pods (mode=ssh)
2026-07-25 22:06:40,459 - pod_monitor.main - INFO - AI Analysis: Enabled
2026-07-25 22:06:40,459 - pod_monitor.main - INFO - AI Provider: mock
2026-07-25 22:06:40,561 - pod_monitor.ssh_client - INFO - Connected to 192.168.49.2
2026-07-25 22:06:40,672 - pod_monitor.monitor - INFO - Discovered 6 pods in namespace default via SSH
2026-07-25 22:06:40,749 - pod_monitor.ssh_client - INFO - Connected to 192.168.49.2
2026-07-25 22:06:40,749 - pod_monitor.monitor - INFO - SSH: monitoring pod default/log-generator via 192.168.49.2
2026-07-25 22:06:40,750 - pod_monitor.monitor - INFO - SSH: monitoring pod default/my-pod via 192.168.49.2
2026-07-25 22:06:40,750 - pod_monitor.monitor - INFO - SSH: monitoring pod default/pod-two via 192.168.49.2
2026-07-25 22:06:40,750 - pod_monitor.monitor - INFO - SSH: monitoring pod default/test-one-85d78b6db-fkmzs via 192.168.49.2
2026-07-25 22:06:40,750 - pod_monitor.monitor - INFO - SSH: monitoring pod default/test-one-85d78b6db-gsfr4 via 192.168.49.2
2026-07-25 22:06:40,750 - pod_monitor.monitor - INFO - SSH: monitoring pod default/test-one-85d78b6db-prbcd via 192.168.49.2
2026-07-25 22:06:40,750 - pod_monitor.monitor - INFO - Monitoring 6 pods (mode=ssh)
2026-07-25 22:06:41,007 - pod_monitor.ssh_client - WARNING - SSH command failed (1): kubectl top pod pod-two -n default --no-headers
2026-07-25 22:06:41,066 - pod_monitor.ssh_client - WARNING - SSH command failed (1): kubectl describe pod test-one-85d78b6db-fkmzs -n default | grep -A 5 'Limits:'
2026-07-25 22:06:41,070 - pod_monitor.ssh_client - WARNING - SSH command failed (1): kubectl describe pod test-one-85d78b6db-gsfr4 -n default | grep -A 5 'Limits:'
2026-07-25 22:06:41,071 - pod_monitor.ssh_client - WARNING - SSH command failed (1): kubectl describe pod test-one-85d78b6db-prbcd -n default | grep -A 5 'Limits:'
2026-07-25 22:06:41,071 - pod_monitor.ssh_client - WARNING - SSH command failed (1): kubectl describe pod my-pod -n default | grep -A 5 'Limits:'
2026-07-25 22:06:43,422 - pod_monitor.ssh_client - WARNING - SSH command failed (1): kubectl describe pod my-pod -n default | grep -A 5 'Limits:'
2026-07-25 22:06:45,356 - pod_monitor.ssh_client - WARNING - SSH command failed (1): kubectl describe pod test-one-85d78b6db-fkmzs -n default | grep -A 5 'Limits:'
2026-07-25 22:06:45,356 - pod_monitor.ssh_client - WARNING - SSH command failed (1): kubectl describe pod test-one-85d78b6db-gsfr4 -n default | grep -A 5 'Limits:'
2026-07-25 22:06:45,398 - pod_monitor.ssh_client - WARNING - SSH command failed (1): kubectl describe pod test-one-85d78b6db-prbcd -n default | grep -A 5 'Limits:'
2026-07-25 22:06:46,152 - pod_monitor.ssh_client - WARNING - SSH command failed (1): kubectl top pod pod-two -n default --no-headers
2026-07-25 22:06:46,307 - pod_monitor.ssh_client - WARNING - SSH command failed (1): kubectl describe pod test-one-85d78b6db-prbcd -n default | grep -A 5 'Limits:'
2026-07-25 22:06:46,308 - pod_monitor.ssh_client - WARNING - SSH command failed (1): kubectl describe pod test-one-85d78b6db-gsfr4 -n default | grep -A 5 'Limits:'
2026-07-25 22:06:46,309 - pod_monitor.ssh_client - WARNING - SSH command failed (1): kubectl describe pod test-one-85d78b6db-fkmzs -n default | grep -A 5 'Limits:'
2026-07-25 22:06:46,310 - pod_monitor.ssh_client - WARNING - SSH command failed (1): kubectl describe pod my-pod -n default | grep -A 5 'Limits:'
2026-07-25 22:06:48,599 - pod_monitor.ssh_client - WARNING - SSH command failed (1): kubectl describe pod my-pod -n default | grep -A 5 'Limits:'
2026-07-25 22:06:50,579 - pod_monitor.ssh_client - WARNING - SSH command failed (1): kubectl describe pod test-one-85d78b6db-gsfr4 -n default | grep -A 5 'Limits:'
2026-07-25 22:06:50,581 - pod_monitor.ssh_client - WARNING - SSH command failed (1): kubectl describe pod test-one-85d78b6db-fkmzs -n default | grep -A 5 'Limits:'
2026-07-25 22:06:50,613 - pod_monitor.ssh_client - WARNING - SSH command failed (1): kubectl describe pod test-one-85d78b6db-prbcd -n default | grep -A 5 'Limits:'
2026-07-25 22:06:51,273 - pod_monitor.ssh_client - WARNING - SSH command failed (1): kubectl top pod pod-two -n default --no-headers
2026-07-25 22:06:51,552 - pod_monitor.ssh_client - WARNING - SSH command failed (1): kubectl describe pod my-pod -n default | grep -A 5 'Limits:'
2026-07-25 22:06:51,552 - pod_monitor.ssh_client - WARNING - SSH command failed (1): kubectl describe pod test-one-85d78b6db-gsfr4 -n default | grep -A 5 'Limits:'
2026-07-25 22:06:51,559 - pod_monitor.ssh_client - WARNING - SSH command failed (1): kubectl describe pod test-one-85d78b6db-fkmzs -n default | grep -A 5 'Limits:'
2026-07-25 22:06:51,562 - pod_monitor.ssh_client - WARNING - SSH command failed (1): kubectl describe pod test-one-85d78b6db-prbcd -n default | grep -A 5 'Limits:'
2026-07-25 22:06:53,780 - pod_monitor.ssh_client - WARNING - SSH command failed (1): kubectl describe pod my-pod -n default | grep -A 5 'Limits:'
2026-07-25 22:06:55,792 - pod_monitor.ssh_client - WARNING - SSH command failed (1): kubectl describe pod test-one-85d78b6db-fkmzs -n default | grep -A 5 'Limits:'
2026-07-25 22:06:55,796 - pod_monitor.ssh_client - WARNING - SSH command failed (1): kubectl describe pod test-one-85d78b6db-gsfr4 -n default | grep -A 5 'Limits:'
2026-07-25 22:06:55,830 - pod_monitor.ssh_client - WARNING - SSH command failed (1): kubectl describe pod test-one-85d78b6db-prbcd -n default | grep -A 5 'Limits:'
2026-07-25 22:06:56,449 - pod_monitor.ssh_client - WARNING - SSH command failed (1): kubectl describe pod pod-two -n default | grep -A 5 'Limits:'
2026-07-25 22:06:56,813 - pod_monitor.ssh_client - WARNING - SSH command failed (1): kubectl describe pod test-one-85d78b6db-gsfr4 -n default | grep -A 5 'Limits:'
2026-07-25 22:06:56,813 - pod_monitor.ssh_client - WARNING - SSH command failed (1): kubectl describe pod my-pod -n default | grep -A 5 'Limits:'
2026-07-25 22:06:56,813 - pod_monitor.ssh_client - WARNING - SSH command failed (1): kubectl describe pod test-one-85d78b6db-fkmzs -n default | grep -A 5 'Limits:'
2026-07-25 22:06:56,818 - pod_monitor.ssh_client - WARNING - SSH command failed (1): kubectl describe pod test-one-85d78b6db-prbcd -n default | grep -A 5 'Limits:'
2026-07-25 22:06:58,963 - pod_monitor.ssh_client - WARNING - SSH command failed (1): kubectl describe pod my-pod -n default | grep -A 5 'Limits:'
2026-07-25 22:07:01,020 - pod_monitor.ssh_client - WARNING - SSH command failed (1): kubectl describe pod test-one-85d78b6db-gsfr4 -n default | grep -A 5 'Limits:'
2026-07-25 22:07:01,020 - pod_monitor.ssh_client - WARNING - SSH command failed (1): kubectl describe pod test-one-85d78b6db-fkmzs -n default | grep -A 5 'Limits:'
2026-07-25 22:07:01,053 - pod_monitor.ssh_client - WARNING - SSH command failed (1): kubectl describe pod test-one-85d78b6db-prbcd -n default | grep -A 5 'Limits:'
2026-07-25 22:07:01,627 - pod_monitor.ssh_client - WARNING - SSH command failed (1): kubectl describe pod pod-two -n default | grep -A 5 'Limits:'
2026-07-25 22:07:02,058 - pod_monitor.ssh_client - WARNING - SSH command failed (1): kubectl describe pod test-one-85d78b6db-fkmzs -n default | grep -A 5 'Limits:'
2026-07-25 22:07:02,058 - pod_monitor.ssh_client - WARNING - SSH command failed (1): kubectl describe pod test-one-85d78b6db-gsfr4 -n default | grep -A 5 'Limits:'
2026-07-25 22:07:02,063 - pod_monitor.ssh_client - WARNING - SSH command failed (1): kubectl describe pod test-one-85d78b6db-prbcd -n default | grep -A 5 'Limits:'
2026-07-25 22:07:02,070 - pod_monitor.ssh_client - WARNING - SSH command failed (1): kubectl describe pod my-pod -n default | grep -A 5 'Limits:'
2026-07-25 22:07:04,141 - pod_monitor.ssh_client - WARNING - SSH command failed (1): kubectl describe pod my-pod -n default | grep -A 5 'Limits:'
2026-07-25 22:07:06,230 - pod_monitor.ssh_client - WARNING - SSH command failed (1): kubectl describe pod test-one-85d78b6db-gsfr4 -n default | grep -A 5 'Limits:'
2026-07-25 22:07:06,232 - pod_monitor.ssh_client - WARNING - SSH command failed (1): kubectl describe pod test-one-85d78b6db-fkmzs -n default | grep -A 5 'Limits:'
2026-07-25 22:07:06,261 - pod_monitor.ssh_client - WARNING - SSH command failed (1): kubectl describe pod test-one-85d78b6db-prbcd -n default | grep -A 5 'Limits:'
2026-07-25 22:07:06,807 - pod_monitor.ssh_client - WARNING - SSH command failed (1): kubectl describe pod pod-two -n default | grep -A 5 'Limits:'
2026-07-25 22:07:07,309 - pod_monitor.ssh_client - WARNING - SSH command failed (1): kubectl describe pod test-one-85d78b6db-fkmzs -n default | grep -A 5 'Limits:'
2026-07-25 22:07:07,312 - pod_monitor.ssh_client - WARNING - SSH command failed (1): kubectl describe pod test-one-85d78b6db-gsfr4 -n default | grep -A 5 'Limits:'
2026-07-25 22:07:07,325 - pod_monitor.ssh_client - WARNING - SSH command failed (1): kubectl describe pod test-one-85d78b6db-prbcd -n default | grep -A 5 'Limits:'
2026-07-25 22:07:07,325 - pod_monitor.ssh_client - WARNING - SSH command failed (1): kubectl describe pod my-pod -n default | grep -A 5 'Limits:'
2026-07-25 22:07:09,324 - pod_monitor.ssh_client - WARNING - SSH command failed (1): kubectl describe pod my-pod -n default | grep -A 5 'Limits:'
2026-07-25 22:07:11,443 - pod_monitor.ssh_client - WARNING - SSH command failed (1): kubectl describe pod test-one-85d78b6db-gsfr4 -n default | grep -A 5 'Limits:'
2026-07-25 22:07:11,448 - pod_monitor.ssh_client - WARNING - SSH command failed (1): kubectl describe pod test-one-85d78b6db-fkmzs -n default | grep -A 5 'Limits:'
2026-07-25 22:07:11,471 - pod_monitor.ssh_client - WARNING - SSH command failed (1): kubectl describe pod test-one-85d78b6db-prbcd -n default | grep -A 5 'Limits:'
2026-07-25 22:07:11,985 - pod_monitor.ssh_client - WARNING - SSH command failed (1): kubectl describe pod pod-two -n default | grep -A 5 'Limits:'
2026-07-25 22:07:12,558 - pod_monitor.ssh_client - WARNING - SSH command failed (1): kubectl describe pod test-one-85d78b6db-gsfr4 -n default | grep -A 5 'Limits:'
2026-07-25 22:07:12,568 - pod_monitor.ssh_client - WARNING - SSH command failed (1): kubectl describe pod test-one-85d78b6db-prbcd -n default | grep -A 5 'Limits:'
2026-07-25 22:07:12,569 - pod_monitor.ssh_client - WARNING - SSH command failed (1): kubectl describe pod my-pod -n default | grep -A 5 'Limits:'
2026-07-25 22:07:12,569 - pod_monitor.ssh_client - WARNING - SSH command failed (1): kubectl describe pod test-one-85d78b6db-fkmzs -n default | grep -A 5 'Limits:'
2026-07-25 22:07:14,504 - pod_monitor.ssh_client - WARNING - SSH command failed (1): kubectl describe pod my-pod -n default | grep -A 5 'Limits:'
2026-07-25 22:07:16,652 - pod_monitor.ssh_client - WARNING - SSH command failed (1): kubectl describe pod test-one-85d78b6db-gsfr4 -n default | grep -A 5 'Limits:'
2026-07-25 22:07:16,653 - pod_monitor.ssh_client - WARNING - SSH command failed (1): kubectl describe pod test-one-85d78b6db-fkmzs -n default | grep -A 5 'Limits:'
2026-07-25 22:07:16,682 - pod_monitor.ssh_client - WARNING - SSH command failed (1): kubectl describe pod test-one-85d78b6db-prbcd -n default | grep -A 5 'Limits:'
2026-07-25 22:07:17,163 - pod_monitor.ssh_client - WARNING - SSH command failed (1): kubectl describe pod pod-two -n default | grep -A 5 'Limits:'
2026-07-25 22:07:17,805 - pod_monitor.ssh_client - WARNING - SSH command failed (1): kubectl describe pod my-pod -n default | grep -A 5 'Limits:'
2026-07-25 22:07:17,807 - pod_monitor.ssh_client - WARNING - SSH command failed (1): kubectl describe pod test-one-85d78b6db-gsfr4 -n default | grep -A 5 'Limits:'
2026-07-25 22:07:17,810 - pod_monitor.ssh_client - WARNING - SSH command failed (1): kubectl describe pod test-one-85d78b6db-prbcd -n default | grep -A 5 'Limits:'
2026-07-25 22:07:17,815 - pod_monitor.ssh_client - WARNING - SSH command failed (1): kubectl describe pod test-one-85d78b6db-fkmzs -n default | grep -A 5 'Limits:'
2026-07-25 22:07:19,685 - pod_monitor.ssh_client - WARNING - SSH command failed (1): kubectl describe pod my-pod -n default | grep -A 5 'Limits:'
2026-07-25 22:07:21,859 - pod_monitor.ssh_client - WARNING - SSH command failed (1): kubectl describe pod test-one-85d78b6db-fkmzs -n default | grep -A 5 'Limits:'
2026-07-25 22:07:21,862 - pod_monitor.ssh_client - WARNING - SSH command failed (1): kubectl describe pod test-one-85d78b6db-gsfr4 -n default | grep -A 5 'Limits:'
2026-07-25 22:07:21,892 - pod_monitor.ssh_client - WARNING - SSH command failed (1): kubectl describe pod test-one-85d78b6db-prbcd -n default | grep -A 5 'Limits:'
2026-07-25 22:07:22,339 - pod_monitor.ssh_client - WARNING - SSH command failed (1): kubectl describe pod pod-two -n default | grep -A 5 'Limits:'
2026-07-25 22:07:23,117 - pod_monitor.ssh_client - WARNING - SSH command failed (1): kubectl describe pod my-pod -n default | grep -A 5 'Limits:'
2026-07-25 22:07:23,117 - pod_monitor.ssh_client - WARNING - SSH command failed (1): kubectl describe pod test-one-85d78b6db-prbcd -n default | grep -A 5 'Limits:'
2026-07-25 22:07:23,117 - pod_monitor.ssh_client - WARNING - SSH command failed (1): kubectl describe pod test-one-85d78b6db-gsfr4 -n default | grep -A 5 'Limits:'
2026-07-25 22:07:23,118 - pod_monitor.ssh_client - WARNING - SSH command failed (1): kubectl describe pod test-one-85d78b6db-fkmzs -n default | grep -A 5 'Limits:'
2026-07-25 22:07:24,862 - pod_monitor.ssh_client - WARNING - SSH command failed (1): kubectl describe pod my-pod -n default | grep -A 5 'Limits:'
2026-07-25 22:07:27,106 - pod_monitor.ssh_client - WARNING - SSH command failed (1): kubectl describe pod test-one-85d78b6db-gsfr4 -n default | grep -A 5 'Limits:'
2026-07-25 22:07:27,108 - pod_monitor.ssh_client - WARNING - SSH command failed (1): kubectl describe pod test-one-85d78b6db-fkmzs -n default | grep -A 5 'Limits:'
2026-07-25 22:07:27,136 - pod_monitor.ssh_client - WARNING - SSH command failed (1): kubectl describe pod test-one-85d78b6db-prbcd -n default | grep -A 5 'Limits:'
2026-07-25 22:07:27,513 - pod_monitor.ssh_client - WARNING - SSH command failed (1): kubectl describe pod pod-two -n default | grep -A 5 'Limits:'
2026-07-25 22:07:28,390 - pod_monitor.ssh_client - WARNING - SSH command failed (1): kubectl describe pod test-one-85d78b6db-gsfr4 -n default | grep -A 5 'Limits:'
2026-07-25 22:07:28,393 - pod_monitor.ssh_client - WARNING - SSH command failed (1): kubectl describe pod test-one-85d78b6db-prbcd -n default | grep -A 5 'Limits:'
2026-07-25 22:07:28,394 - pod_monitor.ssh_client - WARNING - SSH command failed (1): kubectl describe pod my-pod -n default | grep -A 5 'Limits:'
2026-07-25 22:07:28,398 - pod_monitor.ssh_client - WARNING - SSH command failed (1): kubectl describe pod test-one-85d78b6db-fkmzs -n default | grep -A 5 'Limits:'
2026-07-25 22:07:30,042 - pod_monitor.ssh_client - WARNING - SSH command failed (1): kubectl describe pod my-pod -n default | grep -A 5 'Limits:'
2026-07-25 22:07:32,313 - pod_monitor.ssh_client - WARNING - SSH command failed (1): kubectl describe pod test-one-85d78b6db-gsfr4 -n default | grep -A 5 'Limits:'
2026-07-25 22:07:32,316 - pod_monitor.ssh_client - WARNING - SSH command failed (1): kubectl describe pod test-one-85d78b6db-fkmzs -n default | grep -A 5 'Limits:'
2026-07-25 22:07:32,345 - pod_monitor.ssh_client - WARNING - SSH command failed (1): kubectl describe pod test-one-85d78b6db-prbcd -n default | grep -A 5 'Limits:'
2026-07-25 22:07:32,694 - pod_monitor.ssh_client - WARNING - SSH command failed (1): kubectl describe pod pod-two -n default | grep -A 5 'Limits:'
2026-07-25 22:07:33,617 - pod_monitor.ssh_client - WARNING - SSH command failed (1): kubectl describe pod test-one-85d78b6db-prbcd -n default | grep -A 5 'Limits:'
2026-07-25 22:07:33,617 - pod_monitor.ssh_client - WARNING - SSH command failed (1): kubectl describe pod my-pod -n default | grep -A 5 'Limits:'
2026-07-25 22:07:33,617 - pod_monitor.ssh_client - WARNING - SSH command failed (1): kubectl describe pod test-one-85d78b6db-fkmzs -n default | grep -A 5 'Limits:'
2026-07-25 22:07:33,619 - pod_monitor.ssh_client - WARNING - SSH command failed (1): kubectl describe pod test-one-85d78b6db-gsfr4 -n default | grep -A 5 'Limits:'
2026-07-25 22:07:35,237 - pod_monitor.ssh_client - WARNING - SSH command failed (1): kubectl describe pod my-pod -n default | grep -A 5 'Limits:'
2026-07-25 22:07:37,546 - pod_monitor.ssh_client - WARNING - SSH command failed (1): kubectl describe pod test-one-85d78b6db-fkmzs -n default | grep -A 5 'Limits:'
2026-07-25 22:07:37,546 - pod_monitor.ssh_client - WARNING - SSH command failed (1): kubectl describe pod test-one-85d78b6db-gsfr4 -n default | grep -A 5 'Limits:'
2026-07-25 22:07:37,555 - pod_monitor.ssh_client - WARNING - SSH command failed (1): kubectl describe pod test-one-85d78b6db-prbcd -n default | grep -A 5 'Limits:'
2026-07-25 22:07:37,866 - pod_monitor.ssh_client - WARNING - SSH command failed (1): kubectl describe pod pod-two -n default | grep -A 5 'Limits:'
2026-07-25 22:07:38,847 - pod_monitor.ssh_client - WARNING - SSH command failed (1): kubectl describe pod my-pod -n default | grep -A 5 'Limits:'
2026-07-25 22:07:38,853 - pod_monitor.ssh_client - WARNING - SSH command failed (1): kubectl describe pod test-one-85d78b6db-fkmzs -n default | grep -A 5 'Limits:'
2026-07-25 22:07:38,853 - pod_monitor.ssh_client - WARNING - SSH command failed (1): kubectl describe pod test-one-85d78b6db-prbcd -n default | grep -A 5 'Limits:'
2026-07-25 22:07:38,863 - pod_monitor.ssh_client - WARNING - SSH command failed (1): kubectl describe pod test-one-85d78b6db-gsfr4 -n default | grep -A 5 'Limits:'
2026-07-25 22:07:40,414 - pod_monitor.ssh_client - WARNING - SSH command failed (1): kubectl describe pod my-pod -n default | grep -A 5 'Limits:'
2026-07-25 22:07:42,775 - pod_monitor.ssh_client - WARNING - SSH command failed (1): kubectl describe pod test-one-85d78b6db-gsfr4 -n default | grep -A 5 'Limits:'
2026-07-25 22:07:42,776 - pod_monitor.ssh_client - WARNING - SSH command failed (1): kubectl describe pod test-one-85d78b6db-fkmzs -n default | grep -A 5 'Limits:'
2026-07-25 22:07:42,777 - pod_monitor.ssh_client - WARNING - SSH command failed (1): kubectl describe pod test-one-85d78b6db-prbcd -n default | grep -A 5 'Limits:'
2026-07-25 22:07:43,092 - pod_monitor.ssh_client - WARNING - SSH command failed (1): kubectl describe pod pod-two -n default | grep -A 5 'Limits:'
2026-07-25 22:07:44,184 - pod_monitor.ssh_client - WARNING - SSH command failed (1): kubectl describe pod my-pod -n default | grep -A 5 'Limits:'
2026-07-25 22:07:44,199 - pod_monitor.ssh_client - WARNING - SSH command failed (1): kubectl describe pod test-one-85d78b6db-prbcd -n default | grep -A 5 'Limits:'
2026-07-25 22:07:44,199 - pod_monitor.ssh_client - WARNING - SSH command failed (1): kubectl describe pod test-one-85d78b6db-fkmzs -n default | grep -A 5 'Limits:'
2026-07-25 22:07:44,208 - pod_monitor.ssh_client - WARNING - SSH command failed (1): kubectl describe pod test-one-85d78b6db-gsfr4 -n default | grep -A 5 'Limits:'
2026-07-25 22:07:45,589 - pod_monitor.ssh_client - WARNING - SSH command failed (1): kubectl describe pod my-pod -n default | grep -A 5 'Limits:'
2026-07-25 22:07:48,025 - pod_monitor.ssh_client - WARNING - SSH command failed (1): kubectl describe pod test-one-85d78b6db-fkmzs -n default | grep -A 5 'Limits:'
2026-07-25 22:07:48,026 - pod_monitor.ssh_client - WARNING - SSH command failed (1): kubectl describe pod test-one-85d78b6db-prbcd -n default | grep -A 5 'Limits:'
2026-07-25 22:07:48,040 - pod_monitor.ssh_client - WARNING - SSH command failed (1): kubectl describe pod test-one-85d78b6db-gsfr4 -n default | grep -A 5 'Limits:'
2026-07-25 22:07:48,274 - pod_monitor.ssh_client - WARNING - SSH command failed (1): kubectl describe pod pod-two -n default | grep -A 5 'Limits:'
2026-07-25 22:07:49,430 - pod_monitor.ssh_client - WARNING - SSH command failed (1): kubectl describe pod my-pod -n default | grep -A 5 'Limits:'
2026-07-25 22:07:49,451 - pod_monitor.ssh_client - WARNING - SSH command failed (1): kubectl describe pod test-one-85d78b6db-fkmzs -n default | grep -A 5 'Limits:'
2026-07-25 22:07:49,451 - pod_monitor.ssh_client - WARNING - SSH command failed (1): kubectl describe pod test-one-85d78b6db-prbcd -n default | grep -A 5 'Limits:'
2026-07-25 22:07:49,455 - pod_monitor.ssh_client - WARNING - SSH command failed (1): kubectl describe pod test-one-85d78b6db-gsfr4 -n default | grep -A 5 'Limits:'
2026-07-25 22:07:50,784 - pod_monitor.ssh_client - WARNING - SSH command failed (1): kubectl describe pod my-pod -n default | grep -A 5 'Limits:'
2026-07-25 22:07:53,290 - pod_monitor.ssh_client - WARNING - SSH command failed (1): kubectl describe pod test-one-85d78b6db-prbcd -n default | grep -A 5 'Limits:'
2026-07-25 22:07:53,296 - pod_monitor.ssh_client - WARNING - SSH command failed (1): kubectl describe pod test-one-85d78b6db-fkmzs -n default | grep -A 5 'Limits:'
2026-07-25 22:07:53,326 - pod_monitor.ssh_client - WARNING - SSH command failed (1): kubectl describe pod test-one-85d78b6db-gsfr4 -n default | grep -A 5 'Limits:'
2026-07-25 22:07:53,451 - pod_monitor.ssh_client - WARNING - SSH command failed (1): kubectl describe pod pod-two -n default | grep -A 5 'Limits:'
2026-07-25 22:07:54,687 - pod_monitor.ssh_client - WARNING - SSH command failed (1): kubectl describe pod my-pod -n default | grep -A 5 'Limits:'
2026-07-25 22:07:54,716 - pod_monitor.ssh_client - WARNING - SSH command failed (1): kubectl describe pod test-one-85d78b6db-fkmzs -n default | grep -A 5 'Limits:'
2026-07-25 22:07:54,718 - pod_monitor.ssh_client - WARNING - SSH command failed (1): kubectl describe pod test-one-85d78b6db-prbcd -n default | grep -A 5 'Limits:'
2026-07-25 22:07:54,724 - pod_monitor.ssh_client - WARNING - SSH command failed (1): kubectl describe pod test-one-85d78b6db-gsfr4 -n default | grep -A 5 'Limits:'
2026-07-25 22:07:55,966 - pod_monitor.ssh_client - WARNING - SSH command failed (1): kubectl describe pod my-pod -n default | grep -A 5 'Limits:'
2026-07-25 22:07:58,516 - pod_monitor.ssh_client - WARNING - SSH command failed (1): kubectl describe pod test-one-85d78b6db-fkmzs -n default | grep -A 5 'Limits:'
2026-07-25 22:07:58,518 - pod_monitor.ssh_client - WARNING - SSH command failed (1): kubectl describe pod test-one-85d78b6db-prbcd -n default | grep -A 5 'Limits:'
2026-07-25 22:07:58,541 - pod_monitor.ssh_client - WARNING - SSH command failed (1): kubectl describe pod test-one-85d78b6db-gsfr4 -n default | grep -A 5 'Limits:'
2026-07-25 22:07:58,640 - pod_monitor.ssh_client - WARNING - SSH command failed (1): kubectl describe pod pod-two -n default | grep -A 5 'Limits:'
2026-07-25 22:07:59,982 - pod_monitor.ssh_client - WARNING - SSH command failed (1): kubectl describe pod my-pod -n default | grep -A 5 'Limits:'
2026-07-25 22:08:00,007 - pod_monitor.ssh_client - WARNING - SSH command failed (1): kubectl describe pod test-one-85d78b6db-fkmzs -n default | grep -A 5 'Limits:'
2026-07-25 22:08:00,007 - pod_monitor.ssh_client - WARNING - SSH command failed (1): kubectl describe pod test-one-85d78b6db-gsfr4 -n default | grep -A 5 'Limits:'
2026-07-25 22:08:00,008 - pod_monitor.ssh_client - WARNING - SSH command failed (1): kubectl describe pod test-one-85d78b6db-prbcd -n default | grep -A 5 'Limits:'
2026-07-25 22:08:01,215 - pod_monitor.ssh_client - WARNING - SSH command failed (1): kubectl describe pod my-pod -n default | grep -A 5 'Limits:'
2026-07-25 22:08:03,731 - pod_monitor.ssh_client - WARNING - SSH command failed (1): kubectl describe pod test-one-85d78b6db-fkmzs -n default | grep -A 5 'Limits:'
2026-07-25 22:08:03,737 - pod_monitor.ssh_client - WARNING - SSH command failed (1): kubectl describe pod test-one-85d78b6db-prbcd -n default | grep -A 5 'Limits:'
2026-07-25 22:08:03,775 - pod_monitor.ssh_client - WARNING - SSH command failed (1): kubectl describe pod test-one-85d78b6db-gsfr4 -n default | grep -A 5 'Limits:'
2026-07-25 22:08:03,871 - pod_monitor.ssh_client - WARNING - SSH command failed (1): kubectl describe pod pod-two -n default | grep -A 5 'Limits:'
2026-07-25 22:08:05,274 - pod_monitor.ssh_client - WARNING - SSH command failed (1): kubectl describe pod my-pod -n default | grep -A 5 'Limits:'
2026-07-25 22:08:05,304 - pod_monitor.ssh_client - WARNING - SSH command failed (1): kubectl describe pod test-one-85d78b6db-fkmzs -n default | grep -A 5 'Limits:'
2026-07-25 22:08:05,309 - pod_monitor.ssh_client - WARNING - SSH command failed (1): kubectl describe pod test-one-85d78b6db-gsfr4 -n default | grep -A 5 'Limits:'
2026-07-25 22:08:05,311 - pod_monitor.ssh_client - WARNING - SSH command failed (1): kubectl describe pod test-one-85d78b6db-prbcd -n default | grep -A 5 'Limits:'
2026-07-25 22:08:06,482 - pod_monitor.ssh_client - WARNING - SSH command failed (1): kubectl describe pod my-pod -n default | grep -A 5 'Limits:'
2026-07-25 22:08:08,984 - pod_monitor.ssh_client - WARNING - SSH command failed (1): kubectl describe pod test-one-85d78b6db-fkmzs -n default | grep -A 5 'Limits:'
2026-07-25 22:08:09,002 - pod_monitor.ssh_client - WARNING - SSH command failed (1): kubectl describe pod test-one-85d78b6db-prbcd -n default | grep -A 5 'Limits:'
2026-07-25 22:08:09,029 - pod_monitor.ssh_client - WARNING - SSH command failed (1): kubectl describe pod test-one-85d78b6db-gsfr4 -n default | grep -A 5 'Limits:'
2026-07-25 22:08:09,116 - pod_monitor.ssh_client - WARNING - SSH command failed (1): kubectl describe pod pod-two -n default | grep -A 5 'Limits:'
2026-07-25 22:08:10,514 - pod_monitor.ssh_client - WARNING - SSH command failed (1): kubectl describe pod my-pod -n default | grep -A 5 'Limits:'
2026-07-25 22:08:10,551 - pod_monitor.ssh_client - WARNING - SSH command failed (1): kubectl describe pod test-one-85d78b6db-prbcd -n default | grep -A 5 'Limits:'
2026-07-25 22:08:10,551 - pod_monitor.ssh_client - WARNING - SSH command failed (1): kubectl describe pod test-one-85d78b6db-fkmzs -n default | grep -A 5 'Limits:'
2026-07-25 22:08:10,552 - pod_monitor.ssh_client - WARNING - SSH command failed (1): kubectl describe pod test-one-85d78b6db-gsfr4 -n default | grep -A 5 'Limits:'
2026-07-25 22:08:11,659 - pod_monitor.ssh_client - WARNING - SSH command failed (1): kubectl describe pod my-pod -n default | grep -A 5 'Limits:'
2026-07-25 22:08:14,225 - pod_monitor.ssh_client - WARNING - SSH command failed (1): kubectl describe pod test-one-85d78b6db-fkmzs -n default | grep -A 5 'Limits:'
2026-07-25 22:08:14,247 - pod_monitor.ssh_client - WARNING - SSH command failed (1): kubectl describe pod test-one-85d78b6db-prbcd -n default | grep -A 5 'Limits:'
2026-07-25 22:08:14,270 - pod_monitor.ssh_client - WARNING - SSH command failed (1): kubectl describe pod test-one-85d78b6db-gsfr4 -n default | grep -A 5 'Limits:'
2026-07-25 22:08:14,333 - pod_monitor.ssh_client - WARNING - SSH command failed (1): kubectl describe pod pod-two -n default | grep -A 5 'Limits:'
2026-07-25 22:08:15,756 - pod_monitor.ssh_client - WARNING - SSH command failed (1): kubectl describe pod my-pod -n default | grep -A 5 'Limits:'
2026-07-25 22:08:15,804 - pod_monitor.ssh_client - WARNING - SSH command failed (1): kubectl describe pod test-one-85d78b6db-prbcd -n default | grep -A 5 'Limits:'
2026-07-25 22:08:15,807 - pod_monitor.ssh_client - WARNING - SSH command failed (1): kubectl describe pod test-one-85d78b6db-fkmzs -n default | grep -A 5 'Limits:'
2026-07-25 22:08:15,836 - pod_monitor.ssh_client - WARNING - SSH command failed (1): kubectl describe pod test-one-85d78b6db-gsfr4 -n default | grep -A 5 'Limits:'
2026-07-25 22:08:16,855 - pod_monitor.ssh_client - WARNING - SSH command failed (1): kubectl describe pod my-pod -n default | grep -A 5 'Limits:'
2026-07-25 22:08:19,474 - pod_monitor.ssh_client - WARNING - SSH command failed (1): kubectl describe pod test-one-85d78b6db-fkmzs -n default | grep -A 5 'Limits:'
2026-07-25 22:08:19,482 - pod_monitor.ssh_client - WARNING - SSH command failed (1): kubectl describe pod test-one-85d78b6db-prbcd -n default | grep -A 5 'Limits:'
2026-07-25 22:08:19,500 - pod_monitor.ssh_client - WARNING - SSH command failed (1): kubectl describe pod test-one-85d78b6db-gsfr4 -n default | grep -A 5 'Limits:'
2026-07-25 22:08:19,554 - pod_monitor.ssh_client - WARNING - SSH command failed (1): kubectl describe pod pod-two -n default | grep -A 5 'Limits:'
2026-07-25 22:08:20,972 - pod_monitor.ssh_client - WARNING - SSH command failed (1): kubectl describe pod my-pod -n default | grep -A 5 'Limits:'
2026-07-25 22:08:21,045 - pod_monitor.ssh_client - WARNING - SSH command failed (1): kubectl describe pod test-one-85d78b6db-prbcd -n default | grep -A 5 'Limits:'
2026-07-25 22:08:21,045 - pod_monitor.ssh_client - WARNING - SSH command failed (1): kubectl describe pod test-one-85d78b6db-fkmzs -n default | grep -A 5 'Limits:'
2026-07-25 22:08:21,080 - pod_monitor.ssh_client - WARNING - SSH command failed (1): kubectl describe pod test-one-85d78b6db-gsfr4 -n default | grep -A 5 'Limits:'
2026-07-25 22:08:22,038 - pod_monitor.ssh_client - WARNING - SSH command failed (1): kubectl describe pod my-pod -n default | grep -A 5 'Limits:'
2026-07-25 22:08:24,702 - pod_monitor.ssh_client - WARNING - SSH command failed (1): kubectl describe pod test-one-85d78b6db-prbcd -n default | grep -A 5 'Limits:'
2026-07-25 22:08:24,702 - pod_monitor.ssh_client - WARNING - SSH command failed (1): kubectl describe pod test-one-85d78b6db-fkmzs -n default | grep -A 5 'Limits:'
2026-07-25 22:08:24,725 - pod_monitor.ssh_client - WARNING - SSH command failed (1): kubectl describe pod test-one-85d78b6db-gsfr4 -n default | grep -A 5 'Limits:'
2026-07-25 22:08:24,764 - pod_monitor.ssh_client - WARNING - SSH command failed (1): kubectl describe pod pod-two -n default | grep -A 5 'Limits:'
2026-07-25 22:08:26,170 - pod_monitor.ssh_client - WARNING - SSH command failed (1): kubectl describe pod my-pod -n default | grep -A 5 'Limits:'
2026-07-25 22:08:26,270 - pod_monitor.ssh_client - WARNING - SSH command failed (1): kubectl describe pod test-one-85d78b6db-fkmzs -n default | grep -A 5 'Limits:'
2026-07-25 22:08:26,276 - pod_monitor.ssh_client - WARNING - SSH command failed (1): kubectl describe pod test-one-85d78b6db-prbcd -n default | grep -A 5 'Limits:'
2026-07-25 22:08:26,301 - pod_monitor.ssh_client - WARNING - SSH command failed (1): kubectl describe pod test-one-85d78b6db-gsfr4 -n default | grep -A 5 'Limits:'
2026-07-25 22:08:27,249 - pod_monitor.ssh_client - WARNING - SSH command failed (1): kubectl describe pod my-pod -n default | grep -A 5 'Limits:'
2026-07-25 22:08:29,927 - pod_monitor.ssh_client - WARNING - SSH command failed (1): kubectl describe pod test-one-85d78b6db-prbcd -n default | grep -A 5 'Limits:'
2026-07-25 22:08:29,934 - pod_monitor.ssh_client - WARNING - SSH command failed (1): kubectl describe pod test-one-85d78b6db-fkmzs -n default | grep -A 5 'Limits:'
2026-07-25 22:08:29,944 - pod_monitor.ssh_client - WARNING - SSH command failed (1): kubectl describe pod test-one-85d78b6db-gsfr4 -n default | grep -A 5 'Limits:'
2026-07-25 22:08:29,981 - pod_monitor.ssh_client - WARNING - SSH command failed (1): kubectl describe pod pod-two -n default | grep -A 5 'Limits:'
2026-07-25 22:08:31,365 - pod_monitor.ssh_client - WARNING - SSH command failed (1): kubectl describe pod my-pod -n default | grep -A 5 'Limits:'
2026-07-25 22:08:31,486 - pod_monitor.ssh_client - WARNING - SSH command failed (1): kubectl describe pod test-one-85d78b6db-prbcd -n default | grep -A 5 'Limits:'
2026-07-25 22:08:31,487 - pod_monitor.ssh_client - WARNING - SSH command failed (1): kubectl describe pod test-one-85d78b6db-fkmzs -n default | grep -A 5 'Limits:'
2026-07-25 22:08:31,516 - pod_monitor.ssh_client - WARNING - SSH command failed (1): kubectl describe pod test-one-85d78b6db-gsfr4 -n default | grep -A 5 'Limits:'
2026-07-25 22:08:32,426 - pod_monitor.ssh_client - WARNING - SSH command failed (1): kubectl describe pod my-pod -n default | grep -A 5 'Limits:'
2026-07-25 22:08:35,182 - pod_monitor.ssh_client - WARNING - SSH command failed (1): kubectl describe pod test-one-85d78b6db-prbcd -n default | grep -A 5 'Limits:'
2026-07-25 22:08:35,183 - pod_monitor.ssh_client - WARNING - SSH command failed (1): kubectl describe pod test-one-85d78b6db-fkmzs -n default | grep -A 5 'Limits:'
2026-07-25 22:08:35,184 - pod_monitor.ssh_client - WARNING - SSH command failed (1): kubectl describe pod test-one-85d78b6db-gsfr4 -n default | grep -A 5 'Limits:'
2026-07-25 22:08:35,207 - pod_monitor.ssh_client - WARNING - SSH command failed (1): kubectl describe pod pod-two -n default | grep -A 5 'Limits:'
2026-07-25 22:08:36,556 - pod_monitor.ssh_client - WARNING - SSH command failed (1): kubectl describe pod my-pod -n default | grep -A 5 'Limits:'
2026-07-25 22:08:36,696 - pod_monitor.ssh_client - WARNING - SSH command failed (1): kubectl describe pod test-one-85d78b6db-prbcd -n default | grep -A 5 'Limits:'
2026-07-25 22:08:36,699 - pod_monitor.ssh_client - WARNING - SSH command failed (1): kubectl describe pod test-one-85d78b6db-fkmzs -n default | grep -A 5 'Limits:'
2026-07-25 22:08:36,726 - pod_monitor.ssh_client - WARNING - SSH command failed (1): kubectl describe pod test-one-85d78b6db-gsfr4 -n default | grep -A 5 'Limits:'
2026-07-25 22:08:37,603 - pod_monitor.ssh_client - WARNING - SSH command failed (1): kubectl describe pod my-pod -n default | grep -A 5 'Limits:'
2026-07-25 22:08:40,405 - pod_monitor.ssh_client - WARNING - SSH command failed (1): kubectl describe pod test-one-85d78b6db-gsfr4 -n default | grep -A 5 'Limits:'
2026-07-25 22:08:40,405 - pod_monitor.ssh_client - WARNING - SSH command failed (1): kubectl describe pod test-one-85d78b6db-fkmzs -n default | grep -A 5 'Limits:'
2026-07-25 22:08:40,407 - pod_monitor.ssh_client - WARNING - SSH command failed (1): kubectl describe pod test-one-85d78b6db-prbcd -n default | grep -A 5 'Limits:'
2026-07-25 22:08:40,421 - pod_monitor.ssh_client - WARNING - SSH command failed (1): kubectl describe pod pod-two -n default | grep -A 5 'Limits:'
2026-07-25 22:08:41,733 - pod_monitor.ssh_client - WARNING - SSH command failed (1): kubectl describe pod my-pod -n default | grep -A 5 'Limits:'
2026-07-25 22:08:41,906 - pod_monitor.ssh_client - WARNING - SSH command failed (1): kubectl describe pod test-one-85d78b6db-prbcd -n default | grep -A 5 'Limits:'
2026-07-25 22:08:41,914 - pod_monitor.ssh_client - WARNING - SSH command failed (1): kubectl describe pod test-one-85d78b6db-fkmzs -n default | grep -A 5 'Limits:'
2026-07-25 22:08:41,936 - pod_monitor.ssh_client - WARNING - SSH command failed (1): kubectl describe pod test-one-85d78b6db-gsfr4 -n default | grep -A 5 'Limits:'
2026-07-25 22:08:42,777 - pod_monitor.ssh_client - WARNING - SSH command failed (1): kubectl describe pod my-pod -n default | grep -A 5 'Limits:'
2026-07-25 22:08:45,618 - pod_monitor.ssh_client - WARNING - SSH command failed (1): kubectl describe pod test-one-85d78b6db-gsfr4 -n default | grep -A 5 'Limits:'
2026-07-25 22:08:45,626 - pod_monitor.ssh_client - WARNING - SSH command failed (1): kubectl describe pod test-one-85d78b6db-prbcd -n default | grep -A 5 'Limits:'
2026-07-25 22:08:45,628 - pod_monitor.ssh_client - WARNING - SSH command failed (1): kubectl describe pod test-one-85d78b6db-fkmzs -n default | grep -A 5 'Limits:'
2026-07-25 22:08:45,635 - pod_monitor.ssh_client - WARNING - SSH command failed (1): kubectl describe pod pod-two -n default | grep -A 5 'Limits:'
2026-07-25 22:08:46,903 - pod_monitor.ssh_client - WARNING - SSH command failed (1): kubectl describe pod my-pod -n default | grep -A 5 'Limits:'
2026-07-25 22:08:47,159 - pod_monitor.ssh_client - WARNING - SSH command failed (1): kubectl describe pod test-one-85d78b6db-prbcd -n default | grep -A 5 'Limits:'
2026-07-25 22:08:47,187 - pod_monitor.ssh_client - WARNING - SSH command failed (1): kubectl describe pod test-one-85d78b6db-fkmzs -n default | grep -A 5 'Limits:'
2026-07-25 22:08:47,247 - pod_monitor.ssh_client - WARNING - SSH command failed (1): kubectl describe pod test-one-85d78b6db-gsfr4 -n default | grep -A 5 'Limits:'
2026-07-25 22:08:47,957 - pod_monitor.ssh_client - WARNING - SSH command failed (1): kubectl describe pod my-pod -n default | grep -A 5 'Limits:'
2026-07-25 22:08:50,827 - pod_monitor.ssh_client - WARNING - SSH command failed (1): kubectl describe pod test-one-85d78b6db-gsfr4 -n default | grep -A 5 'Limits:'
2026-07-25 22:08:50,833 - pod_monitor.ssh_client - WARNING - SSH command failed (1): kubectl describe pod test-one-85d78b6db-prbcd -n default | grep -A 5 'Limits:'
2026-07-25 22:08:50,833 - pod_monitor.ssh_client - WARNING - SSH command failed (1): kubectl describe pod test-one-85d78b6db-fkmzs -n default | grep -A 5 'Limits:'
2026-07-25 22:08:50,850 - pod_monitor.ssh_client - WARNING - SSH command failed (1): kubectl describe pod pod-two -n default | grep -A 5 'Limits:'
2026-07-25 22:08:52,081 - pod_monitor.ssh_client - WARNING - SSH command failed (1): kubectl describe pod my-pod -n default | grep -A 5 'Limits:'
2026-07-25 22:08:52,369 - pod_monitor.ssh_client - WARNING - SSH command failed (1): kubectl describe pod test-one-85d78b6db-prbcd -n default | grep -A 5 'Limits:'
2026-07-25 22:08:52,410 - pod_monitor.ssh_client - WARNING - SSH command failed (1): kubectl describe pod test-one-85d78b6db-fkmzs -n default | grep -A 5 'Limits:'
2026-07-25 22:08:52,478 - pod_monitor.ssh_client - WARNING - SSH command failed (1): kubectl describe pod test-one-85d78b6db-gsfr4 -n default | grep -A 5 'Limits:'
2026-07-25 22:08:53,144 - pod_monitor.ssh_client - WARNING - SSH command failed (1): kubectl describe pod my-pod -n default | grep -A 5 'Limits:'
2026-07-25 22:08:56,080 - pod_monitor.ssh_client - WARNING - SSH command failed (1): kubectl describe pod test-one-85d78b6db-gsfr4 -n default | grep -A 5 'Limits:'
2026-07-25 22:08:56,081 - pod_monitor.ssh_client - WARNING - SSH command failed (1): kubectl describe pod test-one-85d78b6db-prbcd -n default | grep -A 5 'Limits:'
2026-07-25 22:08:56,088 - pod_monitor.ssh_client - WARNING - SSH command failed (1): kubectl describe pod test-one-85d78b6db-fkmzs -n default | grep -A 5 'Limits:'
2026-07-25 22:08:56,102 - pod_monitor.ssh_client - WARNING - SSH command failed (1): kubectl describe pod pod-two -n default | grep -A 5 'Limits:'
2026-07-25 22:08:57,266 - pod_monitor.ssh_client - WARNING - SSH command failed (1): kubectl describe pod my-pod -n default | grep -A 5 'Limits:'
2026-07-25 22:08:57,591 - pod_monitor.ssh_client - WARNING - SSH command failed (1): kubectl describe pod test-one-85d78b6db-prbcd -n default | grep -A 5 'Limits:'
2026-07-25 22:08:57,632 - pod_monitor.ssh_client - WARNING - SSH command failed (1): kubectl describe pod test-one-85d78b6db-fkmzs -n default | grep -A 5 'Limits:'
2026-07-25 22:08:57,686 - pod_monitor.ssh_client - WARNING - SSH command failed (1): kubectl describe pod test-one-85d78b6db-gsfr4 -n default | grep -A 5 'Limits:'
2026-07-25 22:08:58,327 - pod_monitor.ssh_client - WARNING - SSH command failed (1): kubectl describe pod my-pod -n default | grep -A 5 'Limits:'
2026-07-25 22:09:01,336 - pod_monitor.ssh_client - WARNING - SSH command failed (1): kubectl describe pod test-one-85d78b6db-gsfr4 -n default | grep -A 5 'Limits:'
2026-07-25 22:09:01,337 - pod_monitor.ssh_client - WARNING - SSH command failed (1): kubectl describe pod test-one-85d78b6db-prbcd -n default | grep -A 5 'Limits:'
2026-07-25 22:09:01,342 - pod_monitor.ssh_client - WARNING - SSH command failed (1): kubectl describe pod pod-two -n default | grep -A 5 'Limits:'
2026-07-25 22:09:01,347 - pod_monitor.ssh_client - WARNING - SSH command failed (1): kubectl describe pod test-one-85d78b6db-fkmzs -n default | grep -A 5 'Limits:'
2026-07-25 22:09:02,460 - pod_monitor.ssh_client - WARNING - SSH command failed (1): kubectl describe pod my-pod -n default | grep -A 5 'Limits:'
2026-07-25 22:09:02,803 - pod_monitor.ssh_client - WARNING - SSH command failed (1): kubectl describe pod test-one-85d78b6db-prbcd -n default | grep -A 5 'Limits:'
2026-07-25 22:09:02,862 - pod_monitor.ssh_client - WARNING - SSH command failed (1): kubectl describe pod test-one-85d78b6db-fkmzs -n default | grep -A 5 'Limits:'
2026-07-25 22:09:02,918 - pod_monitor.ssh_client - WARNING - SSH command failed (1): kubectl describe pod test-one-85d78b6db-gsfr4 -n default | grep -A 5 'Limits:'
2026-07-25 22:09:03,523 - pod_monitor.ssh_client - WARNING - SSH command failed (1): kubectl describe pod my-pod -n default | grep -A 5 'Limits:'
2026-07-25 22:09:06,564 - pod_monitor.ssh_client - WARNING - SSH command failed (1): kubectl describe pod test-one-85d78b6db-prbcd -n default | grep -A 5 'Limits:'
2026-07-25 22:09:06,566 - pod_monitor.ssh_client - WARNING - SSH command failed (1): kubectl describe pod test-one-85d78b6db-gsfr4 -n default | grep -A 5 'Limits:'
2026-07-25 22:09:06,567 - pod_monitor.ssh_client - WARNING - SSH command failed (1): kubectl describe pod test-one-85d78b6db-fkmzs -n default | grep -A 5 'Limits:'
2026-07-25 22:09:06,569 - pod_monitor.ssh_client - WARNING - SSH command failed (1): kubectl describe pod pod-two -n default | grep -A 5 'Limits:'
2026-07-25 22:09:07,672 - pod_monitor.ssh_client - WARNING - SSH command failed (1): kubectl describe pod my-pod -n default | grep -A 5 'Limits:'
2026-07-25 22:09:08,034 - pod_monitor.ssh_client - WARNING - SSH command failed (1): kubectl describe pod test-one-85d78b6db-prbcd -n default | grep -A 5 'Limits:'
2026-07-25 22:09:08,091 - pod_monitor.ssh_client - WARNING - SSH command failed (1): kubectl describe pod test-one-85d78b6db-fkmzs -n default | grep -A 5 'Limits:'
2026-07-25 22:09:08,142 - pod_monitor.ssh_client - WARNING - SSH command failed (1): kubectl describe pod test-one-85d78b6db-gsfr4 -n default | grep -A 5 'Limits:'
2026-07-25 22:09:08,704 - pod_monitor.ssh_client - WARNING - SSH command failed (1): kubectl describe pod my-pod -n default | grep -A 5 'Limits:'
2026-07-25 22:09:11,788 - pod_monitor.ssh_client - WARNING - SSH command failed (1): kubectl describe pod test-one-85d78b6db-gsfr4 -n default | grep -A 5 'Limits:'
2026-07-25 22:09:11,789 - pod_monitor.ssh_client - WARNING - SSH command failed (1): kubectl describe pod test-one-85d78b6db-prbcd -n default | grep -A 5 'Limits:'
2026-07-25 22:09:11,794 - pod_monitor.ssh_client - WARNING - SSH command failed (1): kubectl describe pod test-one-85d78b6db-fkmzs -n default | grep -A 5 'Limits:'
2026-07-25 22:09:11,801 - pod_monitor.ssh_client - WARNING - SSH command failed (1): kubectl describe pod pod-two -n default | grep -A 5 'Limits:'
2026-07-25 22:09:12,848 - pod_monitor.ssh_client - WARNING - SSH command failed (1): kubectl describe pod my-pod -n default | grep -A 5 'Limits:'
2026-07-25 22:09:13,250 - pod_monitor.ssh_client - WARNING - SSH command failed (1): kubectl describe pod test-one-85d78b6db-prbcd -n default | grep -A 5 'Limits:'
2026-07-25 22:09:13,310 - pod_monitor.ssh_client - WARNING - SSH command failed (1): kubectl describe pod test-one-85d78b6db-fkmzs -n default | grep -A 5 'Limits:'
2026-07-25 22:09:13,358 - pod_monitor.ssh_client - WARNING - SSH command failed (1): kubectl describe pod test-one-85d78b6db-gsfr4 -n default | grep -A 5 'Limits:'
2026-07-25 22:09:13,881 - pod_monitor.ssh_client - WARNING - SSH command failed (1): kubectl describe pod my-pod -n default | grep -A 5 'Limits:'
2026-07-25 22:09:17,023 - pod_monitor.ssh_client - WARNING - SSH command failed (1): kubectl describe pod test-one-85d78b6db-gsfr4 -n default | grep -A 5 'Limits:'
2026-07-25 22:09:17,028 - pod_monitor.ssh_client - WARNING - SSH command failed (1): kubectl describe pod test-one-85d78b6db-prbcd -n default | grep -A 5 'Limits:'
2026-07-25 22:09:17,038 - pod_monitor.ssh_client - WARNING - SSH command failed (1): kubectl describe pod test-one-85d78b6db-fkmzs -n default | grep -A 5 'Limits:'
2026-07-25 22:09:17,054 - pod_monitor.ssh_client - WARNING - SSH command failed (1): kubectl describe pod pod-two -n default | grep -A 5 'Limits:'
2026-07-25 22:09:18,025 - pod_monitor.ssh_client - WARNING - SSH command failed (1): kubectl describe pod my-pod -n default | grep -A 5 'Limits:'
2026-07-25 22:09:18,443 - pod_monitor.ssh_client - WARNING - SSH command failed (1): kubectl describe pod test-one-85d78b6db-prbcd -n default | grep -A 5 'Limits:'
2026-07-25 22:09:18,516 - pod_monitor.ssh_client - WARNING - SSH command failed (1): kubectl describe pod test-one-85d78b6db-fkmzs -n default | grep -A 5 'Limits:'
2026-07-25 22:09:18,560 - pod_monitor.ssh_client - WARNING - SSH command failed (1): kubectl describe pod test-one-85d78b6db-gsfr4 -n default | grep -A 5 'Limits:'
2026-07-25 22:09:19,065 - pod_monitor.ssh_client - WARNING - SSH command failed (1): kubectl describe pod my-pod -n default | grep -A 5 'Limits:'
2026-07-25 22:09:22,243 - pod_monitor.ssh_client - WARNING - SSH command failed (1): kubectl describe pod test-one-85d78b6db-gsfr4 -n default | grep -A 5 'Limits:'
2026-07-25 22:09:22,264 - pod_monitor.ssh_client - WARNING - SSH command failed (1): kubectl describe pod test-one-85d78b6db-prbcd -n default | grep -A 5 'Limits:'
2026-07-25 22:09:22,277 - pod_monitor.ssh_client - WARNING - SSH command failed (1): kubectl describe pod test-one-85d78b6db-fkmzs -n default | grep -A 5 'Limits:'
2026-07-25 22:09:22,280 - pod_monitor.ssh_client - WARNING - SSH command failed (1): kubectl describe pod pod-two -n default | grep -A 5 'Limits:'
2026-07-25 22:09:23,218 - pod_monitor.ssh_client - WARNING - SSH command failed (1): kubectl describe pod my-pod -n default | grep -A 5 'Limits:'
2026-07-25 22:09:23,634 - pod_monitor.ssh_client - WARNING - SSH command failed (1): kubectl describe pod test-one-85d78b6db-prbcd -n default | grep -A 5 'Limits:'
2026-07-25 22:09:23,724 - pod_monitor.ssh_client - WARNING - SSH command failed (1): kubectl describe pod test-one-85d78b6db-fkmzs -n default | grep -A 5 'Limits:'
2026-07-25 22:09:23,763 - pod_monitor.ssh_client - WARNING - SSH command failed (1): kubectl describe pod test-one-85d78b6db-gsfr4 -n default | grep -A 5 'Limits:'
2026-07-25 22:09:24,241 - pod_monitor.ssh_client - WARNING - SSH command failed (1): kubectl describe pod my-pod -n default | grep -A 5 'Limits:'
2026-07-25 22:09:27,463 - pod_monitor.ssh_client - WARNING - SSH command failed (1): kubectl describe pod test-one-85d78b6db-gsfr4 -n default | grep -A 5 'Limits:'
2026-07-25 22:09:27,501 - pod_monitor.ssh_client - WARNING - SSH command failed (1): kubectl describe pod test-one-85d78b6db-prbcd -n default | grep -A 5 'Limits:'
2026-07-25 22:09:27,506 - pod_monitor.ssh_client - WARNING - SSH command failed (1): kubectl describe pod test-one-85d78b6db-fkmzs -n default | grep -A 5 'Limits:'
2026-07-25 22:09:27,507 - pod_monitor.ssh_client - WARNING - SSH command failed (1): kubectl describe pod pod-two -n default | grep -A 5 'Limits:'
2026-07-25 22:09:28,391 - pod_monitor.ssh_client - WARNING - SSH command failed (1): kubectl describe pod my-pod -n default | grep -A 5 'Limits:'
2026-07-25 22:09:28,869 - pod_monitor.ssh_client - WARNING - SSH command failed (1): kubectl describe pod test-one-85d78b6db-prbcd -n default | grep -A 5 'Limits:'
2026-07-25 22:09:28,957 - pod_monitor.ssh_client - WARNING - SSH command failed (1): kubectl describe pod test-one-85d78b6db-fkmzs -n default | grep -A 5 'Limits:'
2026-07-25 22:09:28,963 - pod_monitor.ssh_client - WARNING - SSH command failed (1): kubectl describe pod test-one-85d78b6db-gsfr4 -n default | grep -A 5 'Limits:'
2026-07-25 22:09:29,418 - pod_monitor.ssh_client - WARNING - SSH command failed (1): kubectl describe pod my-pod -n default | grep -A 5 'Limits:'
2026-07-25 22:09:32,665 - pod_monitor.ssh_client - WARNING - SSH command failed (1): kubectl describe pod test-one-85d78b6db-gsfr4 -n default | grep -A 5 'Limits:'
2026-07-25 22:09:32,704 - pod_monitor.ssh_client - WARNING - SSH command failed (1): kubectl describe pod test-one-85d78b6db-prbcd -n default | grep -A 5 'Limits:'
2026-07-25 22:09:32,706 - pod_monitor.ssh_client - WARNING - SSH command failed (1): kubectl describe pod pod-two -n default | grep -A 5 'Limits:'
2026-07-25 22:09:32,711 - pod_monitor.ssh_client - WARNING - SSH command failed (1): kubectl describe pod test-one-85d78b6db-fkmzs -n default | grep -A 5 'Limits:'
2026-07-25 22:09:33,564 - pod_monitor.ssh_client - WARNING - SSH command failed (1): kubectl describe pod my-pod -n default | grep -A 5 'Limits:'
2026-07-25 22:09:34,064 - pod_monitor.ssh_client - WARNING - SSH command failed (1): kubectl describe pod test-one-85d78b6db-prbcd -n default | grep -A 5 'Limits:'
2026-07-25 22:09:34,172 - pod_monitor.ssh_client - WARNING - SSH command failed (1): kubectl describe pod test-one-85d78b6db-gsfr4 -n default | grep -A 5 'Limits:'
2026-07-25 22:09:34,175 - pod_monitor.ssh_client - WARNING - SSH command failed (1): kubectl describe pod test-one-85d78b6db-fkmzs -n default | grep -A 5 'Limits:'
2026-07-25 22:09:34,596 - pod_monitor.ssh_client - WARNING - SSH command failed (1): kubectl describe pod my-pod -n default | grep -A 5 'Limits:'
2026-07-25 22:09:37,879 - pod_monitor.ssh_client - WARNING - SSH command failed (1): kubectl describe pod test-one-85d78b6db-gsfr4 -n default | grep -A 5 'Limits:'
2026-07-25 22:09:37,925 - pod_monitor.ssh_client - WARNING - SSH command failed (1): kubectl describe pod pod-two -n default | grep -A 5 'Limits:'
2026-07-25 22:09:37,934 - pod_monitor.ssh_client - WARNING - SSH command failed (1): kubectl describe pod test-one-85d78b6db-fkmzs -n default | grep -A 5 'Limits:'
2026-07-25 22:09:37,934 - pod_monitor.ssh_client - WARNING - SSH command failed (1): kubectl describe pod test-one-85d78b6db-prbcd -n default | grep -A 5 'Limits:'
2026-07-25 22:09:38,739 - pod_monitor.ssh_client - WARNING - SSH command failed (1): kubectl describe pod my-pod -n default | grep -A 5 'Limits:'
2026-07-25 22:09:39,269 - pod_monitor.ssh_client - WARNING - SSH command failed (1): kubectl describe pod test-one-85d78b6db-prbcd -n default | grep -A 5 'Limits:'
2026-07-25 22:09:39,384 - pod_monitor.ssh_client - WARNING - SSH command failed (1): kubectl describe pod test-one-85d78b6db-gsfr4 -n default | grep -A 5 'Limits:'
2026-07-25 22:09:39,385 - pod_monitor.ssh_client - WARNING - SSH command failed (1): kubectl describe pod test-one-85d78b6db-fkmzs -n default | grep -A 5 'Limits:'
2026-07-25 22:09:39,770 - pod_monitor.ssh_client - WARNING - SSH command failed (1): kubectl describe pod my-pod -n default | grep -A 5 'Limits:'
2026-07-25 22:09:43,097 - pod_monitor.ssh_client - WARNING - SSH command failed (1): kubectl describe pod test-one-85d78b6db-gsfr4 -n default | grep -A 5 'Limits:'
2026-07-25 22:09:43,173 - pod_monitor.ssh_client - WARNING - SSH command failed (1): kubectl describe pod test-one-85d78b6db-fkmzs -n default | grep -A 5 'Limits:'
2026-07-25 22:09:43,173 - pod_monitor.ssh_client - WARNING - SSH command failed (1): kubectl describe pod test-one-85d78b6db-prbcd -n default | grep -A 5 'Limits:'
2026-07-25 22:09:43,175 - pod_monitor.ssh_client - WARNING - SSH command failed (1): kubectl describe pod pod-two -n default | grep -A 5 'Limits:'
2026-07-25 22:09:43,919 - pod_monitor.ssh_client - WARNING - SSH command failed (1): kubectl describe pod my-pod -n default | grep -A 5 'Limits:'
2026-07-25 22:09:44,462 - pod_monitor.ssh_client - WARNING - SSH command failed (1): kubectl describe pod test-one-85d78b6db-prbcd -n default | grep -A 5 'Limits:'
2026-07-25 22:09:44,585 - pod_monitor.ssh_client - WARNING - SSH command failed (1): kubectl describe pod test-one-85d78b6db-gsfr4 -n default | grep -A 5 'Limits:'
2026-07-25 22:09:44,587 - pod_monitor.ssh_client - WARNING - SSH command failed (1): kubectl describe pod test-one-85d78b6db-fkmzs -n default | grep -A 5 'Limits:'
2026-07-25 22:09:44,950 - pod_monitor.ssh_client - WARNING - SSH command failed (1): kubectl describe pod my-pod -n default | grep -A 5 'Limits:'
2026-07-25 22:09:48,388 - pod_monitor.ssh_client - WARNING - SSH command failed (1): kubectl describe pod test-one-85d78b6db-gsfr4 -n default | grep -A 5 'Limits:'
2026-07-25 22:09:48,448 - pod_monitor.ssh_client - WARNING - SSH command failed (1): kubectl describe pod pod-two -n default | grep -A 5 'Limits:'
2026-07-25 22:09:48,448 - pod_monitor.ssh_client - WARNING - SSH command failed (1): kubectl describe pod test-one-85d78b6db-fkmzs -n default | grep -A 5 'Limits:'
2026-07-25 22:09:48,452 - pod_monitor.ssh_client - WARNING - SSH command failed (1): kubectl describe pod test-one-85d78b6db-prbcd -n default | grep -A 5 'Limits:'
2026-07-25 22:09:49,128 - pod_monitor.ssh_client - WARNING - SSH command failed (1): kubectl describe pod my-pod -n default | grep -A 5 'Limits:'
2026-07-25 22:09:49,654 - pod_monitor.ssh_client - WARNING - SSH command failed (1): kubectl describe pod test-one-85d78b6db-prbcd -n default | grep -A 5 'Limits:'
2026-07-25 22:09:49,815 - pod_monitor.ssh_client - WARNING - SSH command failed (1): kubectl describe pod test-one-85d78b6db-gsfr4 -n default | grep -A 5 'Limits:'
2026-07-25 22:09:49,815 - pod_monitor.ssh_client - WARNING - SSH command failed (1): kubectl describe pod test-one-85d78b6db-fkmzs -n default | grep -A 5 'Limits:'
2026-07-25 22:09:50,133 - pod_monitor.ssh_client - WARNING - SSH command failed (1): kubectl describe pod my-pod -n default | grep -A 5 'Limits:'
2026-07-25 22:09:53,614 - pod_monitor.ssh_client - WARNING - SSH command failed (1): kubectl describe pod test-one-85d78b6db-gsfr4 -n default | grep -A 5 'Limits:'
2026-07-25 22:09:53,674 - pod_monitor.ssh_client - WARNING - SSH command failed (1): kubectl describe pod pod-two -n default | grep -A 5 'Limits:'
2026-07-25 22:09:53,679 - pod_monitor.ssh_client - WARNING - SSH command failed (1): kubectl describe pod test-one-85d78b6db-fkmzs -n default | grep -A 5 'Limits:'
2026-07-25 22:09:53,685 - pod_monitor.ssh_client - WARNING - SSH command failed (1): kubectl describe pod test-one-85d78b6db-prbcd -n default | grep -A 5 'Limits:'
2026-07-25 22:09:54,340 - pod_monitor.ssh_client - WARNING - SSH command failed (1): kubectl describe pod my-pod -n default | grep -A 5 'Limits:'
2026-07-25 22:09:54,857 - pod_monitor.ssh_client - WARNING - SSH command failed (1): kubectl describe pod test-one-85d78b6db-prbcd -n default | grep -A 5 'Limits:'
2026-07-25 22:09:55,099 - pod_monitor.ssh_client - WARNING - SSH command failed (1): kubectl describe pod test-one-85d78b6db-fkmzs -n default | grep -A 5 'Limits:'
2026-07-25 22:09:55,103 - pod_monitor.ssh_client - WARNING - SSH command failed (1): kubectl describe pod test-one-85d78b6db-gsfr4 -n default | grep -A 5 'Limits:'
2026-07-25 22:09:55,325 - pod_monitor.ssh_client - WARNING - SSH command failed (1): kubectl describe pod my-pod -n default | grep -A 5 'Limits:'
2026-07-25 22:09:58,805 - pod_monitor.ssh_client - WARNING - SSH command failed (1): kubectl describe pod test-one-85d78b6db-gsfr4 -n default | grep -A 5 'Limits:'
2026-07-25 22:09:58,894 - pod_monitor.ssh_client - WARNING - SSH command failed (1): kubectl describe pod test-one-85d78b6db-prbcd -n default | grep -A 5 'Limits:'
2026-07-25 22:09:58,898 - pod_monitor.ssh_client - WARNING - SSH command failed (1): kubectl describe pod test-one-85d78b6db-fkmzs -n default | grep -A 5 'Limits:'
2026-07-25 22:09:58,898 - pod_monitor.ssh_client - WARNING - SSH command failed (1): kubectl describe pod pod-two -n default | grep -A 5 'Limits:'
2026-07-25 22:09:59,513 - pod_monitor.ssh_client - WARNING - SSH command failed (1): kubectl describe pod my-pod -n default | grep -A 5 'Limits:'
2026-07-25 22:10:00,033 - pod_monitor.ssh_client - WARNING - SSH command failed (1): kubectl describe pod test-one-85d78b6db-prbcd -n default | grep -A 5 'Limits:'
2026-07-25 22:10:00,304 - pod_monitor.ssh_client - WARNING - SSH command failed (1): kubectl describe pod test-one-85d78b6db-fkmzs -n default | grep -A 5 'Limits:'
2026-07-25 22:10:00,310 - pod_monitor.ssh_client - WARNING - SSH command failed (1): kubectl describe pod test-one-85d78b6db-gsfr4 -n default | grep -A 5 'Limits:'
2026-07-25 22:10:00,499 - pod_monitor.ssh_client - WARNING - SSH command failed (1): kubectl describe pod my-pod -n default | grep -A 5 'Limits:'
2026-07-25 22:10:04,001 - pod_monitor.ssh_client - WARNING - SSH command failed (1): kubectl describe pod test-one-85d78b6db-gsfr4 -n default | grep -A 5 'Limits:'
2026-07-25 22:10:04,103 - pod_monitor.ssh_client - WARNING - SSH command failed (1): kubectl describe pod test-one-85d78b6db-prbcd -n default | grep -A 5 'Limits:'
2026-07-25 22:10:04,108 - pod_monitor.ssh_client - WARNING - SSH command failed (1): kubectl describe pod test-one-85d78b6db-fkmzs -n default | grep -A 5 'Limits:'
2026-07-25 22:10:04,115 - pod_monitor.ssh_client - WARNING - SSH command failed (1): kubectl describe pod pod-two -n default | grep -A 5 'Limits:'
2026-07-25 22:10:04,687 - pod_monitor.ssh_client - WARNING - SSH command failed (1): kubectl describe pod my-pod -n default | grep -A 5 'Limits:'
2026-07-25 22:10:05,220 - pod_monitor.ssh_client - WARNING - SSH command failed (1): kubectl describe pod test-one-85d78b6db-prbcd -n default | grep -A 5 'Limits:'
2026-07-25 22:10:05,503 - pod_monitor.ssh_client - WARNING - SSH command failed (1): kubectl describe pod test-one-85d78b6db-fkmzs -n default | grep -A 5 'Limits:'
2026-07-25 22:10:05,508 - pod_monitor.ssh_client - WARNING - SSH command failed (1): kubectl describe pod test-one-85d78b6db-gsfr4 -n default | grep -A 5 'Limits:'
2026-07-25 22:10:05,677 - pod_monitor.ssh_client - WARNING - SSH command failed (1): kubectl describe pod my-pod -n default | grep -A 5 'Limits:'
2026-07-25 22:10:09,257 - pod_monitor.ssh_client - WARNING - SSH command failed (1): kubectl describe pod test-one-85d78b6db-gsfr4 -n default | grep -A 5 'Limits:'
2026-07-25 22:10:09,358 - pod_monitor.ssh_client - WARNING - SSH command failed (1): kubectl describe pod pod-two -n default | grep -A 5 'Limits:'
2026-07-25 22:10:09,426 - pod_monitor.ssh_client - WARNING - SSH command failed (1): kubectl describe pod test-one-85d78b6db-fkmzs -n default | grep -A 5 'Limits:'
2026-07-25 22:10:09,432 - pod_monitor.ssh_client - WARNING - SSH command failed (1): kubectl describe pod test-one-85d78b6db-prbcd -n default | grep -A 5 'Limits:'
2026-07-25 22:10:09,860 - pod_monitor.ssh_client - WARNING - SSH command failed (1): kubectl describe pod my-pod -n default | grep -A 5 'Limits:'
2026-07-25 22:10:10,395 - pod_monitor.ssh_client - WARNING - SSH command failed (1): kubectl describe pod test-one-85d78b6db-prbcd -n default | grep -A 5 'Limits:'
2026-07-25 22:10:10,719 - pod_monitor.ssh_client - WARNING - SSH command failed (1): kubectl describe pod test-one-85d78b6db-gsfr4 -n default | grep -A 5 'Limits:'
2026-07-25 22:10:10,720 - pod_monitor.ssh_client - WARNING - SSH command failed (1): kubectl describe pod test-one-85d78b6db-fkmzs -n default | grep -A 5 'Limits:'
2026-07-25 22:10:10,857 - pod_monitor.ssh_client - WARNING - SSH command failed (1): kubectl describe pod my-pod -n default | grep -A 5 'Limits:'
2026-07-25 22:10:14,438 - pod_monitor.ssh_client - WARNING - SSH command failed (1): kubectl describe pod test-one-85d78b6db-gsfr4 -n default | grep -A 5 'Limits:'
2026-07-25 22:10:14,558 - pod_monitor.ssh_client - WARNING - SSH command failed (1): kubectl describe pod pod-two -n default | grep -A 5 'Limits:'
2026-07-25 22:10:14,624 - pod_monitor.ssh_client - WARNING - SSH command failed (1): kubectl describe pod test-one-85d78b6db-fkmzs -n default | grep -A 5 'Limits:'
2026-07-25 22:10:14,627 - pod_monitor.ssh_client - WARNING - SSH command failed (1): kubectl describe pod test-one-85d78b6db-prbcd -n default | grep -A 5 'Limits:'
2026-07-25 22:10:15,051 - pod_monitor.ssh_client - WARNING - SSH command failed (1): kubectl describe pod my-pod -n default | grep -A 5 'Limits:'
2026-07-25 22:10:15,570 - pod_monitor.ssh_client - WARNING - SSH command failed (1): kubectl describe pod test-one-85d78b6db-prbcd -n default | grep -A 5 'Limits:'
2026-07-25 22:10:15,918 - pod_monitor.ssh_client - WARNING - SSH command failed (1): kubectl describe pod test-one-85d78b6db-gsfr4 -n default | grep -A 5 'Limits:'
2026-07-25 22:10:15,920 - pod_monitor.ssh_client - WARNING - SSH command failed (1): kubectl describe pod test-one-85d78b6db-fkmzs -n default | grep -A 5 'Limits:'
2026-07-25 22:10:16,051 - pod_monitor.ssh_client - WARNING - SSH command failed (1): kubectl describe pod my-pod -n default | grep -A 5 'Limits:'
2026-07-25 22:10:19,620 - pod_monitor.ssh_client - WARNING - SSH command failed (1): kubectl describe pod test-one-85d78b6db-gsfr4 -n default | grep -A 5 'Limits:'
2026-07-25 22:10:19,749 - pod_monitor.ssh_client - WARNING - SSH command failed (1): kubectl describe pod pod-two -n default | grep -A 5 'Limits:'
2026-07-25 22:10:19,827 - pod_monitor.ssh_client - WARNING - SSH command failed (1): kubectl describe pod test-one-85d78b6db-fkmzs -n default | grep -A 5 'Limits:'
2026-07-25 22:10:19,829 - pod_monitor.ssh_client - WARNING - SSH command failed (1): kubectl describe pod test-one-85d78b6db-prbcd -n default | grep -A 5 'Limits:'
2026-07-25 22:10:20,232 - pod_monitor.ssh_client - WARNING - SSH command failed (1): kubectl describe pod my-pod -n default | grep -A 5 'Limits:'
2026-07-25 22:10:20,746 - pod_monitor.ssh_client - WARNING - SSH command failed (1): kubectl describe pod test-one-85d78b6db-prbcd -n default | grep -A 5 'Limits:'
2026-07-25 22:10:21,166 - pod_monitor.ssh_client - WARNING - SSH command failed (1): kubectl describe pod test-one-85d78b6db-gsfr4 -n default | grep -A 5 'Limits:'
2026-07-25 22:10:21,184 - pod_monitor.ssh_client - WARNING - SSH command failed (1): kubectl describe pod test-one-85d78b6db-fkmzs -n default | grep -A 5 'Limits:'
2026-07-25 22:10:21,296 - pod_monitor.ssh_client - WARNING - SSH command failed (1): kubectl describe pod my-pod -n default | grep -A 5 'Limits:'
2026-07-25 22:10:24,797 - pod_monitor.ssh_client - WARNING - SSH command failed (1): kubectl describe pod test-one-85d78b6db-gsfr4 -n default | grep -A 5 'Limits:'
2026-07-25 22:10:25,014 - pod_monitor.ssh_client - WARNING - SSH command failed (1): kubectl describe pod pod-two -n default | grep -A 5 'Limits:'
2026-07-25 22:10:25,021 - pod_monitor.ssh_client - WARNING - SSH command failed (1): kubectl describe pod test-one-85d78b6db-fkmzs -n default | grep -A 5 'Limits:'
2026-07-25 22:10:25,028 - pod_monitor.ssh_client - WARNING - SSH command failed (1): kubectl describe pod test-one-85d78b6db-prbcd -n default | grep -A 5 'Limits:'
2026-07-25 22:10:25,410 - pod_monitor.ssh_client - WARNING - SSH command failed (1): kubectl describe pod my-pod -n default | grep -A 5 'Limits:'
2026-07-25 22:10:25,926 - pod_monitor.ssh_client - WARNING - SSH command failed (1): kubectl describe pod test-one-85d78b6db-prbcd -n default | grep -A 5 'Limits:'
2026-07-25 22:10:26,365 - pod_monitor.ssh_client - WARNING - SSH command failed (1): kubectl describe pod test-one-85d78b6db-gsfr4 -n default | grep -A 5 'Limits:'
2026-07-25 22:10:26,389 - pod_monitor.ssh_client - WARNING - SSH command failed (1): kubectl describe pod test-one-85d78b6db-fkmzs -n default | grep -A 5 'Limits:'
2026-07-25 22:10:26,488 - pod_monitor.ssh_client - WARNING - SSH command failed (1): kubectl describe pod my-pod -n default | grep -A 5 'Limits:'
2026-07-25 22:10:29,976 - pod_monitor.ssh_client - WARNING - SSH command failed (1): kubectl describe pod test-one-85d78b6db-gsfr4 -n default | grep -A 5 'Limits:'
2026-07-25 22:10:30,221 - pod_monitor.ssh_client - WARNING - SSH command failed (1): kubectl describe pod pod-two -n default | grep -A 5 'Limits:'
2026-07-25 22:10:30,230 - pod_monitor.ssh_client - WARNING - SSH command failed (1): kubectl describe pod test-one-85d78b6db-fkmzs -n default | grep -A 5 'Limits:'
2026-07-25 22:10:30,239 - pod_monitor.ssh_client - WARNING - SSH command failed (1): kubectl describe pod test-one-85d78b6db-prbcd -n default | grep -A 5 'Limits:'
2026-07-25 22:10:30,626 - pod_monitor.ssh_client - WARNING - SSH command failed (1): kubectl describe pod my-pod -n default | grep -A 5 'Limits:'
2026-07-25 22:10:31,135 - pod_monitor.ssh_client - WARNING - SSH command failed (1): kubectl describe pod test-one-85d78b6db-prbcd -n default | grep -A 5 'Limits:'
2026-07-25 22:10:31,571 - pod_monitor.ssh_client - WARNING - SSH command failed (1): kubectl describe pod test-one-85d78b6db-gsfr4 -n default | grep -A 5 'Limits:'
2026-07-25 22:10:31,589 - pod_monitor.ssh_client - WARNING - SSH command failed (1): kubectl describe pod test-one-85d78b6db-fkmzs -n default | grep -A 5 'Limits:'
2026-07-25 22:10:31,688 - pod_monitor.ssh_client - WARNING - SSH command failed (1): kubectl describe pod my-pod -n default | grep -A 5 'Limits:'
2026-07-25 22:10:35,172 - pod_monitor.ssh_client - WARNING - SSH command failed (1): kubectl describe pod test-one-85d78b6db-gsfr4 -n default | grep -A 5 'Limits:'
2026-07-25 22:10:35,423 - pod_monitor.ssh_client - WARNING - SSH command failed (1): kubectl describe pod pod-two -n default | grep -A 5 'Limits:'
2026-07-25 22:10:35,437 - pod_monitor.ssh_client - WARNING - SSH command failed (1): kubectl describe pod test-one-85d78b6db-fkmzs -n default | grep -A 5 'Limits:'
2026-07-25 22:10:35,441 - pod_monitor.ssh_client - WARNING - SSH command failed (1): kubectl describe pod test-one-85d78b6db-prbcd -n default | grep -A 5 'Limits:'
2026-07-25 22:10:35,798 - pod_monitor.ssh_client - WARNING - SSH command failed (1): kubectl describe pod my-pod -n default | grep -A 5 'Limits:'
2026-07-25 22:10:36,313 - pod_monitor.ssh_client - WARNING - SSH command failed (1): kubectl describe pod test-one-85d78b6db-prbcd -n default | grep -A 5 'Limits:'
2026-07-25 22:10:36,791 - pod_monitor.ssh_client - WARNING - SSH command failed (1): kubectl describe pod test-one-85d78b6db-gsfr4 -n default | grep -A 5 'Limits:'
2026-07-25 22:10:36,806 - pod_monitor.ssh_client - WARNING - SSH command failed (1): kubectl describe pod test-one-85d78b6db-fkmzs -n default | grep -A 5 'Limits:'
2026-07-25 22:10:36,886 - pod_monitor.ssh_client - WARNING - SSH command failed (1): kubectl describe pod my-pod -n default | grep -A 5 'Limits:'
2026-07-25 22:10:40,357 - pod_monitor.ssh_client - WARNING - SSH command failed (1): kubectl describe pod test-one-85d78b6db-gsfr4 -n default | grep -A 5 'Limits:'
2026-07-25 22:10:40,628 - pod_monitor.ssh_client - WARNING - SSH command failed (1): kubectl describe pod pod-two -n default | grep -A 5 'Limits:'
2026-07-25 22:10:40,637 - pod_monitor.ssh_client - WARNING - SSH command failed (1): kubectl describe pod test-one-85d78b6db-fkmzs -n default | grep -A 5 'Limits:'
2026-07-25 22:10:40,639 - pod_monitor.ssh_client - WARNING - SSH command failed (1): kubectl describe pod test-one-85d78b6db-prbcd -n default | grep -A 5 'Limits:'
2026-07-25 22:10:40,970 - pod_monitor.ssh_client - WARNING - SSH command failed (1): kubectl describe pod my-pod -n default | grep -A 5 'Limits:'
2026-07-25 22:10:41,488 - pod_monitor.ssh_client - WARNING - SSH command failed (1): kubectl describe pod test-one-85d78b6db-prbcd -n default | grep -A 5 'Limits:'
2026-07-25 22:10:42,000 - pod_monitor.ssh_client - WARNING - SSH command failed (1): kubectl describe pod test-one-85d78b6db-gsfr4 -n default | grep -A 5 'Limits:'
2026-07-25 22:10:42,020 - pod_monitor.ssh_client - WARNING - SSH command failed (1): kubectl describe pod test-one-85d78b6db-fkmzs -n default | grep -A 5 'Limits:'
2026-07-25 22:10:42,097 - pod_monitor.ssh_client - WARNING - SSH command failed (1): kubectl describe pod my-pod -n default | grep -A 5 'Limits:'
2026-07-25 22:10:45,538 - pod_monitor.ssh_client - WARNING - SSH command failed (1): kubectl describe pod test-one-85d78b6db-gsfr4 -n default | grep -A 5 'Limits:'
2026-07-25 22:10:45,828 - pod_monitor.ssh_client - WARNING - SSH command failed (1): kubectl describe pod test-one-85d78b6db-fkmzs -n default | grep -A 5 'Limits:'
2026-07-25 22:10:45,832 - pod_monitor.ssh_client - WARNING - SSH command failed (1): kubectl describe pod test-one-85d78b6db-prbcd -n default | grep -A 5 'Limits:'
2026-07-25 22:10:45,832 - pod_monitor.ssh_client - WARNING - SSH command failed (1): kubectl describe pod pod-two -n default | grep -A 5 'Limits:'
2026-07-25 22:10:46,149 - pod_monitor.ssh_client - WARNING - SSH command failed (1): kubectl describe pod my-pod -n default | grep -A 5 'Limits:'
2026-07-25 22:10:46,663 - pod_monitor.ssh_client - WARNING - SSH command failed (1): kubectl describe pod test-one-85d78b6db-prbcd -n default | grep -A 5 'Limits:'
2026-07-25 22:10:47,213 - pod_monitor.ssh_client - WARNING - SSH command failed (1): kubectl describe pod test-one-85d78b6db-gsfr4 -n default | grep -A 5 'Limits:'
2026-07-25 22:10:47,248 - pod_monitor.ssh_client - WARNING - SSH command failed (1): kubectl describe pod test-one-85d78b6db-fkmzs -n default | grep -A 5 'Limits:'
2026-07-25 22:10:47,317 - pod_monitor.ssh_client - WARNING - SSH command failed (1): kubectl describe pod my-pod -n default | grep -A 5 'Limits:'
2026-07-25 22:10:50,720 - pod_monitor.ssh_client - WARNING - SSH command failed (1): kubectl describe pod test-one-85d78b6db-gsfr4 -n default | grep -A 5 'Limits:'
2026-07-25 22:10:51,033 - pod_monitor.ssh_client - WARNING - SSH command failed (1): kubectl describe pod test-one-85d78b6db-prbcd -n default | grep -A 5 'Limits:'
2026-07-25 22:10:51,034 - pod_monitor.ssh_client - WARNING - SSH command failed (1): kubectl describe pod pod-two -n default | grep -A 5 'Limits:'
2026-07-25 22:10:51,034 - pod_monitor.ssh_client - WARNING - SSH command failed (1): kubectl describe pod test-one-85d78b6db-fkmzs -n default | grep -A 5 'Limits:'
2026-07-25 22:10:51,333 - pod_monitor.ssh_client - WARNING - SSH command failed (1): kubectl describe pod my-pod -n default | grep -A 5 'Limits:'
2026-07-25 22:10:51,844 - pod_monitor.ssh_client - WARNING - SSH command failed (1): kubectl describe pod test-one-85d78b6db-prbcd -n default | grep -A 5 'Limits:'
2026-07-25 22:10:52,448 - pod_monitor.ssh_client - WARNING - SSH command failed (1): kubectl describe pod test-one-85d78b6db-gsfr4 -n default | grep -A 5 'Limits:'
2026-07-25 22:10:52,497 - pod_monitor.ssh_client - WARNING - SSH command failed (1): kubectl describe pod test-one-85d78b6db-fkmzs -n default | grep -A 5 'Limits:'
2026-07-25 22:10:52,554 - pod_monitor.ssh_client - WARNING - SSH command failed (1): kubectl describe pod my-pod -n default | grep -A 5 'Limits:'
2026-07-25 22:10:55,898 - pod_monitor.ssh_client - WARNING - SSH command failed (1): kubectl describe pod test-one-85d78b6db-gsfr4 -n default | grep -A 5 'Limits:'
2026-07-25 22:10:56,224 - pod_monitor.ssh_client - WARNING - SSH command failed (1): kubectl describe pod test-one-85d78b6db-prbcd -n default | grep -A 5 'Limits:'
2026-07-25 22:10:56,226 - pod_monitor.ssh_client - WARNING - SSH command failed (1): kubectl describe pod pod-two -n default | grep -A 5 'Limits:'
2026-07-25 22:10:56,232 - pod_monitor.ssh_client - WARNING - SSH command failed (1): kubectl describe pod test-one-85d78b6db-fkmzs -n default | grep -A 5 'Limits:'
2026-07-25 22:10:56,505 - pod_monitor.ssh_client - WARNING - SSH command failed (1): kubectl describe pod my-pod -n default | grep -A 5 'Limits:'
2026-07-25 22:10:57,023 - pod_monitor.ssh_client - WARNING - SSH command failed (1): kubectl describe pod test-one-85d78b6db-prbcd -n default | grep -A 5 'Limits:'
2026-07-25 22:10:57,640 - pod_monitor.ssh_client - WARNING - SSH command failed (1): kubectl describe pod test-one-85d78b6db-gsfr4 -n default | grep -A 5 'Limits:'
2026-07-25 22:10:57,704 - pod_monitor.ssh_client - WARNING - SSH command failed (1): kubectl describe pod test-one-85d78b6db-fkmzs -n default | grep -A 5 'Limits:'
2026-07-25 22:10:57,771 - pod_monitor.ssh_client - WARNING - SSH command failed (1): kubectl describe pod my-pod -n default | grep -A 5 'Limits:'
2026-07-25 22:11:01,085 - pod_monitor.ssh_client - WARNING - SSH command failed (1): kubectl describe pod test-one-85d78b6db-gsfr4 -n default | grep -A 5 'Limits:'
2026-07-25 22:11:01,423 - pod_monitor.ssh_client - WARNING - SSH command failed (1): kubectl describe pod test-one-85d78b6db-prbcd -n default | grep -A 5 'Limits:'
2026-07-25 22:11:01,424 - pod_monitor.ssh_client - WARNING - SSH command failed (1): kubectl describe pod pod-two -n default | grep -A 5 'Limits:'
2026-07-25 22:11:01,431 - pod_monitor.ssh_client - WARNING - SSH command failed (1): kubectl describe pod test-one-85d78b6db-fkmzs -n default | grep -A 5 'Limits:'
2026-07-25 22:11:01,682 - pod_monitor.ssh_client - WARNING - SSH command failed (1): kubectl describe pod my-pod -n default | grep -A 5 'Limits:'
2026-07-25 22:11:02,203 - pod_monitor.ssh_client - WARNING - SSH command failed (1): kubectl describe pod test-one-85d78b6db-prbcd -n default | grep -A 5 'Limits:'
2026-07-25 22:11:02,835 - pod_monitor.ssh_client - WARNING - SSH command failed (1): kubectl describe pod test-one-85d78b6db-gsfr4 -n default | grep -A 5 'Limits:'
2026-07-25 22:11:02,900 - pod_monitor.ssh_client - WARNING - SSH command failed (1): kubectl describe pod test-one-85d78b6db-fkmzs -n default | grep -A 5 'Limits:'
2026-07-25 22:11:02,974 - pod_monitor.ssh_client - WARNING - SSH command failed (1): kubectl describe pod my-pod -n default | grep -A 5 'Limits:'
2026-07-25 22:11:06,279 - pod_monitor.ssh_client - WARNING - SSH command failed (1): kubectl describe pod test-one-85d78b6db-gsfr4 -n default | grep -A 5 'Limits:'
2026-07-25 22:11:06,618 - pod_monitor.ssh_client - WARNING - SSH command failed (1): kubectl describe pod pod-two -n default | grep -A 5 'Limits:'
2026-07-25 22:11:06,623 - pod_monitor.ssh_client - WARNING - SSH command failed (1): kubectl describe pod test-one-85d78b6db-prbcd -n default | grep -A 5 'Limits:'
2026-07-25 22:11:06,628 - pod_monitor.ssh_client - WARNING - SSH command failed (1): kubectl describe pod test-one-85d78b6db-fkmzs -n default | grep -A 5 'Limits:'
2026-07-25 22:11:06,855 - pod_monitor.ssh_client - WARNING - SSH command failed (1): kubectl describe pod my-pod -n default | grep -A 5 'Limits:'
2026-07-25 22:11:07,379 - pod_monitor.ssh_client - WARNING - SSH command failed (1): kubectl describe pod test-one-85d78b6db-prbcd -n default | grep -A 5 'Limits:'
2026-07-25 22:11:08,031 - pod_monitor.ssh_client - WARNING - SSH command failed (1): kubectl describe pod test-one-85d78b6db-gsfr4 -n default | grep -A 5 'Limits:'
2026-07-25 22:11:08,104 - pod_monitor.ssh_client - WARNING - SSH command failed (1): kubectl describe pod test-one-85d78b6db-fkmzs -n default | grep -A 5 'Limits:'
2026-07-25 22:11:08,180 - pod_monitor.ssh_client - WARNING - SSH command failed (1): kubectl describe pod my-pod -n default | grep -A 5 'Limits:'
2026-07-25 22:11:11,464 - pod_monitor.ssh_client - WARNING - SSH command failed (1): kubectl describe pod test-one-85d78b6db-gsfr4 -n default | grep -A 5 'Limits:'
2026-07-25 22:11:11,842 - pod_monitor.ssh_client - WARNING - SSH command failed (1): kubectl describe pod test-one-85d78b6db-prbcd -n default | grep -A 5 'Limits:'
2026-07-25 22:11:11,843 - pod_monitor.ssh_client - WARNING - SSH command failed (1): kubectl describe pod pod-two -n default | grep -A 5 'Limits:'
2026-07-25 22:11:11,847 - pod_monitor.ssh_client - WARNING - SSH command failed (1): kubectl describe pod test-one-85d78b6db-fkmzs -n default | grep -A 5 'Limits:'
2026-07-25 22:11:12,030 - pod_monitor.ssh_client - WARNING - SSH command failed (1): kubectl describe pod my-pod -n default | grep -A 5 'Limits:'
2026-07-25 22:11:12,555 - pod_monitor.ssh_client - WARNING - SSH command failed (1): kubectl describe pod test-one-85d78b6db-prbcd -n default | grep -A 5 'Limits:'
2026-07-25 22:11:13,225 - pod_monitor.ssh_client - WARNING - SSH command failed (1): kubectl describe pod test-one-85d78b6db-gsfr4 -n default | grep -A 5 'Limits:'
2026-07-25 22:11:13,317 - pod_monitor.ssh_client - WARNING - SSH command failed (1): kubectl describe pod test-one-85d78b6db-fkmzs -n default | grep -A 5 'Limits:'
2026-07-25 22:11:13,393 - pod_monitor.ssh_client - WARNING - SSH command failed (1): kubectl describe pod my-pod -n default | grep -A 5 'Limits:'
